date,ticker,sector,close
2021-08-30 13:30:00,XLC,Communication Services,85.30000305175781
2021-08-31 13:30:00,XLC,Communication Services,85.62000274658203
2021-09-01 13:30:00,XLC,Communication Services,86.05000305175781
2021-09-02 13:30:00,XLC,Communication Services,85.47000122070312
2021-09-03 13:30:00,XLC,Communication Services,85.47000122070312
2021-09-07 13:30:00,XLC,Communication Services,85.66999816894531
2021-09-08 13:30:00,XLC,Communication Services,85.2300033569336
2021-09-09 13:30:00,XLC,Communication Services,84.80999755859375
2021-09-10 13:30:00,XLC,Communication Services,84.26000213623047
2021-09-13 13:30:00,XLC,Communication Services,84.47000122070312
2021-09-14 13:30:00,XLC,Communication Services,83.73999786376953
2021-09-15 13:30:00,XLC,Communication Services,84.1500015258789
2021-09-16 13:30:00,XLC,Communication Services,84.06999969482422
2021-09-17 13:30:00,XLC,Communication Services,83.13999938964844
2021-09-20 13:30:00,XLC,Communication Services,81.33000183105469
2021-09-21 13:30:00,XLC,Communication Services,80.98999786376953
2021-09-22 13:30:00,XLC,Communication Services,80.94999694824219
2021-09-23 13:30:00,XLC,Communication Services,81.77999877929688
2021-09-24 13:30:00,XLC,Communication Services,82.44999694824219
2021-09-27 13:30:00,XLC,Communication Services,82.44000244140625
2021-09-28 13:30:00,XLC,Communication Services,80.43000030517578
2021-09-29 13:30:00,XLC,Communication Services,80.36000061035156
2021-09-30 13:30:00,XLC,Communication Services,80.11000061035156
2021-10-01 13:30:00,XLC,Communication Services,81.45999908447266
2021-10-04 13:30:00,XLC,Communication Services,79.69999694824219
2021-10-05 13:30:00,XLC,Communication Services,80.88999938964844
2021-10-06 13:30:00,XLC,Communication Services,81.02999877929688
2021-10-07 13:30:00,XLC,Communication Services,81.37999725341797
2021-10-08 13:30:00,XLC,Communication Services,80.9800033569336
2021-10-11 13:30:00,XLC,Communication Services,79.76000213623047
2021-10-12 13:30:00,XLC,Communication Services,79.0199966430664
2021-10-13 13:30:00,XLC,Communication Services,79.38999938964844
2021-10-14 13:30:00,XLC,Communication Services,80.51000213623047
2021-10-15 13:30:00,XLC,Communication Services,80.31999969482422
2021-10-18 13:30:00,XLC,Communication Services,80.94000244140625
2021-10-19 13:30:00,XLC,Communication Services,81.72000122070312
2021-10-20 13:30:00,XLC,Communication Services,81.87999725341797
2021-10-21 13:30:00,XLC,Communication Services,82.12000274658203
2021-10-22 13:30:00,XLC,Communication Services,80.37999725341797
2021-10-25 13:30:00,XLC,Communication Services,80.7300033569336
2021-10-26 13:30:00,XLC,Communication Services,80.01000213623047
2021-10-27 13:30:00,XLC,Communication Services,79.79000091552734
2021-10-28 13:30:00,XLC,Communication Services,80.05000305175781
2021-10-29 13:30:00,XLC,Communication Services,80.30000305175781
2021-11-01 13:30:00,XLC,Communication Services,80.43000030517578
2021-11-02 13:30:00,XLC,Communication Services,80.44000244140625
2021-11-03 13:30:00,XLC,Communication Services,80.7300033569336
2021-11-04 13:30:00,XLC,Communication Services,81.05000305175781
2021-11-05 13:30:00,XLC,Communication Services,81.69999694824219
2021-11-08 14:30:00,XLC,Communication Services,81.33999633789062
2021-11-09 14:30:00,XLC,Communication Services,81.13999938964844
2021-11-10 14:30:00,XLC,Communication Services,80.22000122070312
2021-11-11 14:30:00,XLC,Communication Services,80.05999755859375
2021-11-12 14:30:00,XLC,Communication Services,81.2300033569336
2021-11-15 14:30:00,XLC,Communication Services,81.45999908447266
2021-11-16 14:30:00,XLC,Communication Services,80.8499984741211
2021-11-17 14:30:00,XLC,Communication Services,80.54000091552734
2021-11-18 14:30:00,XLC,Communication Services,79.95999908447266
2021-11-19 14:30:00,XLC,Communication Services,79.69000244140625
2021-11-22 14:30:00,XLC,Communication Services,78.72000122070312
2021-11-23 14:30:00,XLC,Communication Services,78.51000213623047
2021-11-24 14:30:00,XLC,Communication Services,78.62000274658203
2021-11-26 14:30:00,XLC,Communication Services,77.18000030517578
2021-11-29 14:30:00,XLC,Communication Services,77.83999633789062
2021-11-30 14:30:00,XLC,Communication Services,75.37000274658203
2021-12-01 14:30:00,XLC,Communication Services,73.62999725341797
2021-12-02 14:30:00,XLC,Communication Services,74.87000274658203
2021-12-03 14:30:00,XLC,Communication Services,74.69999694824219
2021-12-06 14:30:00,XLC,Communication Services,75.93000030517578
2021-12-07 14:30:00,XLC,Communication Services,76.70999908447266
2021-12-08 14:30:00,XLC,Communication Services,77.2699966430664
2021-12-09 14:30:00,XLC,Communication Services,76.66000366210938
2021-12-10 14:30:00,XLC,Communication Services,76.69999694824219
2021-12-13 14:30:00,XLC,Communication Services,76.30000305175781
2021-12-14 14:30:00,XLC,Communication Services,76.0999984741211
2021-12-15 14:30:00,XLC,Communication Services,76.9000015258789
2021-12-16 14:30:00,XLC,Communication Services,76.79000091552734
2021-12-17 14:30:00,XLC,Communication Services,76.4800033569336
2021-12-20 14:30:00,XLC,Communication Services,75.79000091552734
2021-12-21 14:30:00,XLC,Communication Services,77.2300033569336
2021-12-22 14:30:00,XLC,Communication Services,77.41999816894531
2021-12-23 14:30:00,XLC,Communication Services,78.11000061035156
2021-12-27 14:30:00,XLC,Communication Services,78.87000274658203
2021-12-28 14:30:00,XLC,Communication Services,78.83000183105469
2021-12-29 14:30:00,XLC,Communication Services,78.44000244140625
2021-12-30 14:30:00,XLC,Communication Services,78.7699966430664
2021-12-31 14:30:00,XLC,Communication Services,77.68000030517578
2022-01-03 14:30:00,XLC,Communication Services,78.22000122070312
2022-01-04 14:30:00,XLC,Communication Services,78.05000305175781
2022-01-05 14:30:00,XLC,Communication Services,76.08999633789062
2022-01-06 14:30:00,XLC,Communication Services,76.43000030517578
2022-01-07 14:30:00,XLC,Communication Services,76.44000244140625
2022-01-10 14:30:00,XLC,Communication Services,75.95999908447266
2022-01-11 14:30:00,XLC,Communication Services,76.91000366210938
2022-01-12 14:30:00,XLC,Communication Services,77.01000213623047
2022-01-13 14:30:00,XLC,Communication Services,76.20999908447266
2022-01-14 14:30:00,XLC,Communication Services,76.55999755859375
2022-01-18 14:30:00,XLC,Communication Services,75.62999725341797
2022-01-19 14:30:00,XLC,Communication Services,75.5
2022-01-20 14:30:00,XLC,Communication Services,74.75
2022-01-21 14:30:00,XLC,Communication Services,72.22000122070312
2022-01-24 14:30:00,XLC,Communication Services,72.75
2022-01-25 14:30:00,XLC,Communication Services,71.26000213623047
2022-01-26 14:30:00,XLC,Communication Services,70.22000122070312
2022-01-27 14:30:00,XLC,Communication Services,70.30000305175781
2022-01-28 14:30:00,XLC,Communication Services,72.30999755859375
2022-01-31 14:30:00,XLC,Communication Services,73.94999694824219
2022-02-01 14:30:00,XLC,Communication Services,74.58999633789062
2022-02-02 14:30:00,XLC,Communication Services,76.08000183105469
2022-02-03 14:30:00,XLC,Communication Services,70.98999786376953
2022-02-04 14:30:00,XLC,Communication Services,71.16999816894531
2022-02-07 14:30:00,XLC,Communication Services,69.93000030517578
2022-02-08 14:30:00,XLC,Communication Services,69.9000015258789
2022-02-09 14:30:00,XLC,Communication Services,71.87000274658203
2022-02-10 14:30:00,XLC,Communication Services,70.83999633789062
2022-02-11 14:30:00,XLC,Communication Services,69.30999755859375
2022-02-14 14:30:00,XLC,Communication Services,69.31999969482422
2022-02-15 14:30:00,XLC,Communication Services,70.29000091552734
2022-02-16 14:30:00,XLC,Communication Services,69.80000305175781
2022-02-17 14:30:00,XLC,Communication Services,67.94000244140625
2022-02-18 14:30:00,XLC,Communication Services,67.41000366210938
2022-02-22 14:30:00,XLC,Communication Services,66.72000122070312
2022-02-23 14:30:00,XLC,Communication Services,65.5999984741211
2022-02-24 14:30:00,XLC,Communication Services,67.44000244140625
2022-02-25 14:30:00,XLC,Communication Services,68.52999877929688
2022-02-28 14:30:00,XLC,Communication Services,68.44999694824219
2022-03-01 14:30:00,XLC,Communication Services,67.58999633789062
2022-03-02 14:30:00,XLC,Communication Services,68.16999816894531
2022-03-03 14:30:00,XLC,Communication Services,67.45999908447266
2022-03-04 14:30:00,XLC,Communication Services,66.48999786376953
2022-03-07 14:30:00,XLC,Communication Services,64.27999877929688
2022-03-08 14:30:00,XLC,Communication Services,64.12000274658203
2022-03-09 14:30:00,XLC,Communication Services,66.04000091552734
2022-03-10 14:30:00,XLC,Communication Services,65.55000305175781
2022-03-11 14:30:00,XLC,Communication Services,64.37000274658203
2022-03-14 13:30:00,XLC,Communication Services,63.619998931884766
2022-03-15 13:30:00,XLC,Communication Services,64.83999633789062
2022-03-16 13:30:00,XLC,Communication Services,66.62999725341797
2022-03-17 13:30:00,XLC,Communication Services,67.3499984741211
2022-03-18 13:30:00,XLC,Communication Services,68.2300033569336
2022-03-21 13:30:00,XLC,Communication Services,67.41999816894531
2022-03-22 13:30:00,XLC,Communication Services,68.68000030517578
2022-03-23 13:30:00,XLC,Communication Services,67.73999786376953
2022-03-24 13:30:00,XLC,Communication Services,68.8499984741211
2022-03-25 13:30:00,XLC,Communication Services,69.18000030517578
2022-03-28 13:30:00,XLC,Communication Services,69.4000015258789
2022-03-29 13:30:00,XLC,Communication Services,70.61000061035156
2022-03-30 13:30:00,XLC,Communication Services,70.11000061035156
2022-03-31 13:30:00,XLC,Communication Services,68.77999877929688
2022-04-01 13:30:00,XLC,Communication Services,69.29000091552734
2022-04-04 13:30:00,XLC,Communication Services,71.19999694824219
2022-04-05 13:30:00,XLC,Communication Services,70.29000091552734
2022-04-06 13:30:00,XLC,Communication Services,68.9800033569336
2022-04-07 13:30:00,XLC,Communication Services,68.37999725341797
2022-04-08 13:30:00,XLC,Communication Services,68.08000183105469
2022-04-11 13:30:00,XLC,Communication Services,67.19999694824219
2022-04-12 13:30:00,XLC,Communication Services,66.6500015258789
2022-04-13 13:30:00,XLC,Communication Services,67.62999725341797
2022-04-14 13:30:00,XLC,Communication Services,66.4800033569336
2022-04-18 13:30:00,XLC,Communication Services,66.26000213623047
2022-04-19 13:30:00,XLC,Communication Services,67.58000183105469
2022-04-20 13:30:00,XLC,Communication Services,64.6500015258789
2022-04-21 13:30:00,XLC,Communication Services,62.810001373291016
2022-04-22 13:30:00,XLC,Communication Services,61.31999969482422
2022-04-25 13:30:00,XLC,Communication Services,62.15999984741211
2022-04-26 13:30:00,XLC,Communication Services,60.119998931884766
2022-04-27 13:30:00,XLC,Communication Services,58.779998779296875
2022-04-28 13:30:00,XLC,Communication Services,61.130001068115234
2022-04-29 13:30:00,XLC,Communication Services,59.060001373291016
2022-05-02 13:30:00,XLC,Communication Services,60.689998626708984
2022-05-03 13:30:00,XLC,Communication Services,60.849998474121094
2022-05-04 13:30:00,XLC,Communication Services,62.939998626708984
2022-05-05 13:30:00,XLC,Communication Services,60.619998931884766
2022-05-06 13:30:00,XLC,Communication Services,59.369998931884766
2022-05-09 13:30:00,XLC,Communication Services,57.83000183105469
2022-05-10 13:30:00,XLC,Communication Services,58.09000015258789
2022-05-11 13:30:00,XLC,Communication Services,57.040000915527344
2022-05-12 13:30:00,XLC,Communication Services,57.65999984741211
2022-05-13 13:30:00,XLC,Communication Services,59.0099983215332
2022-05-16 13:30:00,XLC,Communication Services,58.630001068115234
2022-05-17 13:30:00,XLC,Communication Services,59.90999984741211
2022-05-18 13:30:00,XLC,Communication Services,57.95000076293945
2022-05-19 13:30:00,XLC,Communication Services,57.869998931884766
2022-05-20 13:30:00,XLC,Communication Services,58.02000045776367
2022-05-23 13:30:00,XLC,Communication Services,58.88999938964844
2022-05-24 13:30:00,XLC,Communication Services,56.79999923706055
2022-05-25 13:30:00,XLC,Communication Services,57.560001373291016
2022-05-26 13:30:00,XLC,Communication Services,58.959999084472656
2022-05-27 13:30:00,XLC,Communication Services,60.220001220703125
2022-05-31 13:30:00,XLC,Communication Services,60.18000030517578
2022-06-01 13:30:00,XLC,Communication Services,59.4900016784668
2022-06-02 13:30:00,XLC,Communication Services,60.939998626708984
2022-06-03 13:30:00,XLC,Communication Services,59.619998931884766
2022-06-06 13:30:00,XLC,Communication Services,59.91999816894531
2022-06-07 13:30:00,XLC,Communication Services,60.349998474121094
2022-06-08 13:30:00,XLC,Communication Services,60.189998626708984
2022-06-09 13:30:00,XLC,Communication Services,58.34000015258789
2022-06-10 13:30:00,XLC,Communication Services,56.709999084472656
2022-06-13 13:30:00,XLC,Communication Services,54.029998779296875
2022-06-14 13:30:00,XLC,Communication Services,53.880001068115234
2022-06-15 13:30:00,XLC,Communication Services,55.09000015258789
2022-06-16 13:30:00,XLC,Communication Services,53.08000183105469
2022-06-17 13:30:00,XLC,Communication Services,53.84000015258789
2022-06-21 13:30:00,XLC,Communication Services,54.09000015258789
2022-06-22 13:30:00,XLC,Communication Services,54.18000030517578
2022-06-23 13:30:00,XLC,Communication Services,54.849998474121094
2022-06-24 13:30:00,XLC,Communication Services,56.939998626708984
2022-06-27 13:30:00,XLC,Communication Services,56.400001525878906
2022-06-28 13:30:00,XLC,Communication Services,54.7599983215332
2022-06-29 13:30:00,XLC,Communication Services,54.93000030517578
2022-06-30 13:30:00,XLC,Communication Services,54.27000045776367
2022-07-01 13:30:00,XLC,Communication Services,54.81999969482422
2022-07-05 13:30:00,XLC,Communication Services,56.09000015258789
2022-07-06 13:30:00,XLC,Communication Services,56.099998474121094
2022-07-07 13:30:00,XLC,Communication Services,56.97999954223633
2022-07-08 13:30:00,XLC,Communication Services,56.709999084472656
2022-07-11 13:30:00,XLC,Communication Services,54.9900016784668
2022-07-12 13:30:00,XLC,Communication Services,54.959999084472656
2022-07-13 13:30:00,XLC,Communication Services,54.709999084472656
2022-07-14 13:30:00,XLC,Communication Services,54.02000045776367
2022-07-15 13:30:00,XLC,Communication Services,55.40999984741211
2022-07-18 13:30:00,XLC,Communication Services,55.130001068115234
2022-07-19 13:30:00,XLC,Communication Services,57.09000015258789
2022-07-20 13:30:00,XLC,Communication Services,58.029998779296875
2022-07-21 13:30:00,XLC,Communication Services,58.0
2022-07-22 13:30:00,XLC,Communication Services,55.9900016784668
2022-07-25 13:30:00,XLC,Communication Services,55.79999923706055
2022-07-26 13:30:00,XLC,Communication Services,54.68000030517578
2022-07-27 13:30:00,XLC,Communication Services,56.9900016784668
2022-07-28 13:30:00,XLC,Communication Services,56.34000015258789
2022-07-29 13:30:00,XLC,Communication Services,56.369998931884766
2022-08-01 13:30:00,XLC,Communication Services,56.290000915527344
2022-08-02 13:30:00,XLC,Communication Services,56.20000076293945
2022-08-03 13:30:00,XLC,Communication Services,57.54999923706055
2022-08-04 13:30:00,XLC,Communication Services,57.79999923706055
2022-08-05 13:30:00,XLC,Communication Services,57.09000015258789
2022-08-08 13:30:00,XLC,Communication Services,57.41999816894531
2022-08-09 13:30:00,XLC,Communication Services,56.86000061035156
2022-08-10 13:30:00,XLC,Communication Services,58.459999084472656
2022-08-11 13:30:00,XLC,Communication Services,58.52000045776367
2022-08-12 13:30:00,XLC,Communication Services,59.560001373291016
2022-08-15 13:30:00,XLC,Communication Services,59.77000045776367
2022-08-16 13:30:00,XLC,Communication Services,59.88999938964844
2022-08-17 13:30:00,XLC,Communication Services,58.72999954223633
2022-08-18 13:30:00,XLC,Communication Services,58.63999938964844
2022-08-19 13:30:00,XLC,Communication Services,57.689998626708984
2022-08-22 13:30:00,XLC,Communication Services,56.040000915527344
2022-08-23 13:30:00,XLC,Communication Services,55.560001373291016
2022-08-24 13:30:00,XLC,Communication Services,55.88999938964844
2022-08-25 13:30:00,XLC,Communication Services,56.97999954223633
2022-08-26 13:30:00,XLC,Communication Services,55.15999984741211
2022-08-29 13:30:00,XLC,Communication Services,54.72999954223633
2022-08-30 13:30:00,XLC,Communication Services,54.25
2022-08-31 13:30:00,XLC,Communication Services,54.380001068115234
2022-09-01 13:30:00,XLC,Communication Services,54.880001068115234
2022-09-02 13:30:00,XLC,Communication Services,53.84000015258789
2022-09-06 13:30:00,XLC,Communication Services,53.16999816894531
2022-09-07 13:30:00,XLC,Communication Services,54.2400016784668
2022-09-08 13:30:00,XLC,Communication Services,54.11000061035156
2022-09-09 13:30:00,XLC,Communication Services,55.619998931884766
2022-09-12 13:30:00,XLC,Communication Services,55.90999984741211
2022-09-13 13:30:00,XLC,Communication Services,52.84000015258789
2022-09-14 13:30:00,XLC,Communication Services,52.93000030517578
2022-09-15 13:30:00,XLC,Communication Services,52.70000076293945
2022-09-16 13:30:00,XLC,Communication Services,52.13999938964844
2022-09-19 13:30:00,XLC,Communication Services,52.33000183105469
2022-09-20 13:30:00,XLC,Communication Services,51.52000045776367
2022-09-21 13:30:00,XLC,Communication Services,50.2599983215332
2022-09-22 13:30:00,XLC,Communication Services,50.08000183105469
2022-09-23 13:30:00,XLC,Communication Services,49.11000061035156
2022-09-26 13:30:00,XLC,Communication Services,48.310001373291016
2022-09-27 13:30:00,XLC,Communication Services,48.04999923706055
2022-09-28 13:30:00,XLC,Communication Services,49.689998626708984
2022-09-29 13:30:00,XLC,Communication Services,48.47999954223633
2022-09-30 13:30:00,XLC,Communication Services,47.88999938964844
2022-10-03 13:30:00,XLC,Communication Services,49.22999954223633
2022-10-04 13:30:00,XLC,Communication Services,50.7400016784668
2022-10-05 13:30:00,XLC,Communication Services,50.349998474121094
2022-10-06 13:30:00,XLC,Communication Services,50.08000183105469
2022-10-07 13:30:00,XLC,Communication Services,48.72999954223633
2022-10-10 13:30:00,XLC,Communication Services,48.599998474121094
2022-10-11 13:30:00,XLC,Communication Services,47.689998626708984
2022-10-12 13:30:00,XLC,Communication Services,47.630001068115234
2022-10-13 13:30:00,XLC,Communication Services,48.779998779296875
2022-10-14 13:30:00,XLC,Communication Services,47.97999954223633
2022-10-17 13:30:00,XLC,Communication Services,49.29999923706055
2022-10-18 13:30:00,XLC,Communication Services,49.66999816894531
2022-10-19 13:30:00,XLC,Communication Services,49.709999084472656
2022-10-20 13:30:00,XLC,Communication Services,49.83000183105469
2022-10-21 13:30:00,XLC,Communication Services,50.150001525878906
2022-10-24 13:30:00,XLC,Communication Services,50.5
2022-10-25 13:30:00,XLC,Communication Services,51.84000015258789
2022-10-26 13:30:00,XLC,Communication Services,50.20000076293945
2022-10-27 13:30:00,XLC,Communication Services,47.81999969482422
2022-10-28 13:30:00,XLC,Communication Services,49.029998779296875
2022-10-31 13:30:00,XLC,Communication Services,48.209999084472656
2022-11-01 13:30:00,XLC,Communication Services,47.900001525878906
2022-11-02 13:30:00,XLC,Communication Services,46.54999923706055
2022-11-03 13:30:00,XLC,Communication Services,45.40999984741211
2022-11-04 13:30:00,XLC,Communication Services,45.720001220703125
2022-11-07 14:30:00,XLC,Communication Services,46.540000915527344
2022-11-08 14:30:00,XLC,Communication Services,46.59000015258789
2022-11-09 14:30:00,XLC,Communication Services,45.959999084472656
2022-11-10 14:30:00,XLC,Communication Services,48.7400016784668
2022-11-11 14:30:00,XLC,Communication Services,50.02000045776367
2022-11-14 14:30:00,XLC,Communication Services,49.81999969482422
2022-11-15 14:30:00,XLC,Communication Services,50.560001373291016
2022-11-16 14:30:00,XLC,Communication Services,50.060001373291016
2022-11-17 14:30:00,XLC,Communication Services,49.68000030517578
2022-11-18 14:30:00,XLC,Communication Services,49.529998779296875
2022-11-21 14:30:00,XLC,Communication Services,49.119998931884766
2022-11-22 14:30:00,XLC,Communication Services,49.849998474121094
2022-11-23 14:30:00,XLC,Communication Services,50.47999954223633
2022-11-25 14:30:00,XLC,Communication Services,50.20000076293945
2022-11-28 14:30:00,XLC,Communication Services,49.400001525878906
2022-11-29 14:30:00,XLC,Communication Services,49.41999816894531
2022-11-30 14:30:00,XLC,Communication Services,51.5099983215332
2022-12-01 14:30:00,XLC,Communication Services,51.810001373291016
2022-12-02 14:30:00,XLC,Communication Services,51.939998626708984
2022-12-05 14:30:00,XLC,Communication Services,51.119998931884766
2022-12-06 14:30:00,XLC,Communication Services,49.650001525878906
2022-12-07 14:30:00,XLC,Communication Services,49.400001525878906
2022-12-08 14:30:00,XLC,Communication Services,49.29999923706055
2022-12-09 14:30:00,XLC,Communication Services,49.439998626708984
2022-12-12 14:30:00,XLC,Communication Services,49.83000183105469
2022-12-13 14:30:00,XLC,Communication Services,50.66999816894531
2022-12-14 14:30:00,XLC,Communication Services,50.0099983215332
2022-12-15 14:30:00,XLC,Communication Services,48.060001373291016
2022-12-16 14:30:00,XLC,Communication Services,48.04999923706055
2022-12-19 14:30:00,XLC,Communication Services,46.810001373291016
2022-12-20 14:30:00,XLC,Communication Services,47.130001068115234
2022-12-21 14:30:00,XLC,Communication Services,47.75
2022-12-22 14:30:00,XLC,Communication Services,47.34000015258789
2022-12-23 14:30:00,XLC,Communication Services,47.79999923706055
2022-12-27 14:30:00,XLC,Communication Services,47.369998931884766
2022-12-28 14:30:00,XLC,Communication Services,46.68000030517578
2022-12-29 14:30:00,XLC,Communication Services,47.970001220703125
2022-12-30 14:30:00,XLC,Communication Services,47.9900016784668
2023-01-03 14:30:00,XLC,Communication Services,48.61000061035156
2023-01-04 14:30:00,XLC,Communication Services,49.52000045776367
2023-01-05 14:30:00,XLC,Communication Services,49.59000015258789
2023-01-06 14:30:00,XLC,Communication Services,50.400001525878906
2023-01-09 14:30:00,XLC,Communication Services,50.47999954223633
2023-01-10 14:30:00,XLC,Communication Services,51.2400016784668
2023-01-11 14:30:00,XLC,Communication Services,51.61000061035156
2023-01-12 14:30:00,XLC,Communication Services,52.18000030517578
2023-01-13 14:30:00,XLC,Communication Services,52.349998474121094
2023-01-17 14:30:00,XLC,Communication Services,51.86000061035156
2023-01-18 14:30:00,XLC,Communication Services,51.22999954223633
2023-01-19 14:30:00,XLC,Communication Services,51.4900016784668
2023-01-20 14:30:00,XLC,Communication Services,53.099998474121094
2023-01-23 14:30:00,XLC,Communication Services,54.029998779296875
2023-01-24 14:30:00,XLC,Communication Services,53.880001068115234
2023-01-25 14:30:00,XLC,Communication Services,54.06999969482422
2023-01-26 14:30:00,XLC,Communication Services,54.90999984741211
2023-01-27 14:30:00,XLC,Communication Services,55.290000915527344
2023-01-30 14:30:00,XLC,Communication Services,54.41999816894531
2023-01-31 14:30:00,XLC,Communication Services,55.08000183105469
2023-02-01 14:30:00,XLC,Communication Services,55.72999954223633
2023-02-02 14:30:00,XLC,Communication Services,59.38999938964844
2023-02-03 14:30:00,XLC,Communication Services,58.20000076293945
2023-02-06 14:30:00,XLC,Communication Services,57.5
2023-02-07 14:30:00,XLC,Communication Services,58.56999969482422
2023-02-08 14:30:00,XLC,Communication Services,56.72999954223633
2023-02-09 14:30:00,XLC,Communication Services,55.4900016784668
2023-02-10 14:30:00,XLC,Communication Services,54.959999084472656
2023-02-13 14:30:00,XLC,Communication Services,55.7400016784668
2023-02-14 14:30:00,XLC,Communication Services,55.7599983215332
2023-02-15 14:30:00,XLC,Communication Services,56.27000045776367
2023-02-16 14:30:00,XLC,Communication Services,55.40999984741211
2023-02-17 14:30:00,XLC,Communication Services,55.349998474121094
2023-02-21 14:30:00,XLC,Communication Services,54.130001068115234
2023-02-22 14:30:00,XLC,Communication Services,54.2400016784668
2023-02-23 14:30:00,XLC,Communication Services,53.9900016784668
2023-02-24 14:30:00,XLC,Communication Services,53.2400016784668
2023-02-27 14:30:00,XLC,Communication Services,53.40999984741211
2023-02-28 14:30:00,XLC,Communication Services,53.5
2023-03-01 14:30:00,XLC,Communication Services,53.09000015258789
2023-03-02 14:30:00,XLC,Communication Services,53.59000015258789
2023-03-03 14:30:00,XLC,Communication Services,54.7599983215332
2023-03-06 14:30:00,XLC,Communication Services,54.7599983215332
2023-03-07 14:30:00,XLC,Communication Services,54.20000076293945
2023-03-08 14:30:00,XLC,Communication Services,54.22999954223633
2023-03-09 14:30:00,XLC,Communication Services,53.0099983215332
2023-03-10 14:30:00,XLC,Communication Services,52.2599983215332
2023-03-13 13:30:00,XLC,Communication Services,52.2599983215332
2023-03-14 13:30:00,XLC,Communication Services,53.7400016784668
2023-03-15 13:30:00,XLC,Communication Services,54.31999969482422
2023-03-16 13:30:00,XLC,Communication Services,55.540000915527344
2023-03-17 13:30:00,XLC,Communication Services,55.0099983215332
2023-03-20 13:30:00,XLC,Communication Services,55.27000045776367
2023-03-21 13:30:00,XLC,Communication Services,56.45000076293945
2023-03-22 13:30:00,XLC,Communication Services,55.459999084472656
2023-03-23 13:30:00,XLC,Communication Services,56.36000061035156
2023-03-24 13:30:00,XLC,Communication Services,56.650001525878906
2023-03-27 13:30:00,XLC,Communication Services,56.33000183105469
2023-03-28 13:30:00,XLC,Communication Services,55.869998931884766
2023-03-29 13:30:00,XLC,Communication Services,56.61000061035156
2023-03-30 13:30:00,XLC,Communication Services,56.880001068115234
2023-03-31 13:30:00,XLC,Communication Services,57.970001220703125
2023-04-03 13:30:00,XLC,Communication Services,58.209999084472656
2023-04-04 13:30:00,XLC,Communication Services,58.38999938964844
2023-04-05 13:30:00,XLC,Communication Services,58.20000076293945
2023-04-06 13:30:00,XLC,Communication Services,58.93000030517578
2023-04-10 13:30:00,XLC,Communication Services,58.79999923706055
2023-04-11 13:30:00,XLC,Communication Services,58.650001525878906
2023-04-12 13:30:00,XLC,Communication Services,58.040000915527344
2023-04-13 13:30:00,XLC,Communication Services,59.25
2023-04-14 13:30:00,XLC,Communication Services,59.22999954223633
2023-04-17 13:30:00,XLC,Communication Services,58.88999938964844
2023-04-18 13:30:00,XLC,Communication Services,58.59000015258789
2023-04-19 13:30:00,XLC,Communication Services,58.150001525878906
2023-04-20 13:30:00,XLC,Communication Services,57.54999923706055
2023-04-21 13:30:00,XLC,Communication Services,57.689998626708984
2023-04-24 13:30:00,XLC,Communication Services,57.630001068115234
2023-04-25 13:30:00,XLC,Communication Services,56.72999954223633
2023-04-26 13:30:00,XLC,Communication Services,56.130001068115234
2023-04-27 13:30:00,XLC,Communication Services,59.38999938964844
2023-04-28 13:30:00,XLC,Communication Services,59.900001525878906
2023-05-01 13:30:00,XLC,Communication Services,59.88999938964844
2023-05-02 13:30:00,XLC,Communication Services,58.779998779296875
2023-05-03 13:30:00,XLC,Communication Services,58.54999923706055
2023-05-04 13:30:00,XLC,Communication Services,57.61000061035156
2023-05-05 13:30:00,XLC,Communication Services,58.33000183105469
2023-05-08 13:30:00,XLC,Communication Services,58.91999816894531
2023-05-09 13:30:00,XLC,Communication Services,58.54999923706055
2023-05-10 13:30:00,XLC,Communication Services,59.06999969482422
2023-05-11 13:30:00,XLC,Communication Services,59.65999984741211
2023-05-12 13:30:00,XLC,Communication Services,59.709999084472656
2023-05-15 13:30:00,XLC,Communication Services,59.9900016784668
2023-05-16 13:30:00,XLC,Communication Services,59.91999816894531
2023-05-17 13:30:00,XLC,Communication Services,60.650001525878906
2023-05-18 13:30:00,XLC,Communication Services,61.7400016784668
2023-05-19 13:30:00,XLC,Communication Services,61.40999984741211
2023-05-22 13:30:00,XLC,Communication Services,61.970001220703125
2023-05-23 13:30:00,XLC,Communication Services,61.20000076293945
2023-05-24 13:30:00,XLC,Communication Services,60.91999816894531
2023-05-25 13:30:00,XLC,Communication Services,60.91999816894531
2023-05-26 13:30:00,XLC,Communication Services,62.15999984741211
2023-05-30 13:30:00,XLC,Communication Services,62.2599983215332
2023-05-31 13:30:00,XLC,Communication Services,62.2400016784668
2023-06-01 13:30:00,XLC,Communication Services,63.08000183105469
2023-06-02 13:30:00,XLC,Communication Services,63.15999984741211
2023-06-05 13:30:00,XLC,Communication Services,63.31999969482422
2023-06-06 13:30:00,XLC,Communication Services,63.58000183105469
2023-06-07 13:30:00,XLC,Communication Services,62.869998931884766
2023-06-08 13:30:00,XLC,Communication Services,63.189998626708984
2023-06-09 13:30:00,XLC,Communication Services,63.209999084472656
2023-06-12 13:30:00,XLC,Communication Services,63.959999084472656
2023-06-13 13:30:00,XLC,Communication Services,64.16999816894531
2023-06-14 13:30:00,XLC,Communication Services,64.27999877929688
2023-06-15 13:30:00,XLC,Communication Services,65.30000305175781
2023-06-16 13:30:00,XLC,Communication Services,64.76000213623047
2023-06-20 13:30:00,XLC,Communication Services,64.33999633789062
2023-06-21 13:30:00,XLC,Communication Services,63.70000076293945
2023-06-22 13:30:00,XLC,Communication Services,64.19999694824219
2023-06-23 13:30:00,XLC,Communication Services,64.05999755859375
2023-06-26 13:30:00,XLC,Communication Services,63.41999816894531
2023-06-27 13:30:00,XLC,Communication Services,64.48999786376953
2023-06-28 13:30:00,XLC,Communication Services,64.77999877929688
2023-06-29 13:30:00,XLC,Communication Services,64.43000030517578
2023-06-30 13:30:00,XLC,Communication Services,65.08000183105469
2023-07-03 13:30:00,XLC,Communication Services,65.30000305175781
2023-07-05 13:30:00,XLC,Communication Services,65.80000305175781
2023-07-06 13:30:00,XLC,Communication Services,65.27999877929688
2023-07-07 13:30:00,XLC,Communication Services,65.05000305175781
2023-07-10 13:30:00,XLC,Communication Services,64.87999725341797
2023-07-11 13:30:00,XLC,Communication Services,66.01000213623047
2023-07-12 13:30:00,XLC,Communication Services,66.80999755859375
2023-07-13 13:30:00,XLC,Communication Services,67.79000091552734
2023-07-14 13:30:00,XLC,Communication Services,67.1500015258789
2023-07-17 13:30:00,XLC,Communication Services,66.91000366210938
2023-07-18 13:30:00,XLC,Communication Services,67.37000274658203
2023-07-19 13:30:00,XLC,Communication Services,67.55999755859375
2023-07-20 13:30:00,XLC,Communication Services,66.22000122070312
2023-07-21 13:30:00,XLC,Communication Services,65.55999755859375
2023-07-24 13:30:00,XLC,Communication Services,65.68000030517578
2023-07-25 13:30:00,XLC,Communication Services,65.88999938964844
2023-07-26 13:30:00,XLC,Communication Services,66.91999816894531
2023-07-27 13:30:00,XLC,Communication Services,67.4800033569336
2023-07-28 13:30:00,XLC,Communication Services,68.80999755859375
2023-07-31 13:30:00,XLC,Communication Services,68.79000091552734
2023-08-01 13:30:00,XLC,Communication Services,68.69999694824219
2023-08-02 13:30:00,XLC,Communication Services,67.41000366210938
2023-08-03 13:30:00,XLC,Communication Services,67.23999786376953
2023-08-04 13:30:00,XLC,Communication Services,67.08999633789062
2023-08-07 13:30:00,XLC,Communication Services,68.12999725341797
2023-08-08 13:30:00,XLC,Communication Services,67.94000244140625
2023-08-09 13:30:00,XLC,Communication Services,67.20999908447266
2023-08-10 13:30:00,XLC,Communication Services,67.44000244140625
2023-08-11 13:30:00,XLC,Communication Services,67.12000274658203
2023-08-14 13:30:00,XLC,Communication Services,67.61000061035156
2023-08-15 13:30:00,XLC,Communication Services,67.01000213623047
2023-08-16 13:30:00,XLC,Communication Services,66.20999908447266
2023-08-17 13:30:00,XLC,Communication Services,65.44999694824219
2023-08-18 13:30:00,XLC,Communication Services,65.05999755859375
2023-08-21 13:30:00,XLC,Communication Services,65.52999877929688
2023-08-22 13:30:00,XLC,Communication Services,65.52999877929688
2023-08-23 13:30:00,XLC,Communication Services,66.58999633789062
2023-08-24 13:30:00,XLC,Communication Services,65.30999755859375
2023-08-25 13:30:00,XLC,Communication Services,65.37999725341797
2023-08-28 13:30:00,XLC,Communication Services,66.18000030517578
2023-08-29 13:30:00,XLC,Communication Services,67.6500015258789
2023-08-30 13:30:00,XLC,Communication Services,67.66000366210938
2023-08-31 13:30:00,XLC,Communication Services,67.7300033569336
2023-09-01 13:30:00,XLC,Communication Services,67.0999984741211
2023-09-05 13:30:00,XLC,Communication Services,67.08999633789062
2023-09-06 13:30:00,XLC,Communication Services,66.87999725341797
2023-09-07 13:30:00,XLC,Communication Services,66.76000213623047
2023-09-08 13:30:00,XLC,Communication Services,66.95999908447266
2023-09-11 13:30:00,XLC,Communication Services,67.97000122070312
2023-09-12 13:30:00,XLC,Communication Services,67.26000213623047
2023-09-13 13:30:00,XLC,Communication Services,67.4800033569336
2023-09-14 13:30:00,XLC,Communication Services,68.41999816894531
2023-09-15 13:30:00,XLC,Communication Services,67.51000213623047
2023-09-18 13:30:00,XLC,Communication Services,67.38999938964844
2023-09-19 13:30:00,XLC,Communication Services,67.44000244140625
2023-09-20 13:30:00,XLC,Communication Services,66.5199966430664
2023-09-21 13:30:00,XLC,Communication Services,65.69999694824219
2023-09-22 13:30:00,XLC,Communication Services,65.62000274658203
2023-09-25 13:30:00,XLC,Communication Services,65.77999877929688
2023-09-26 13:30:00,XLC,Communication Services,65.05000305175781
2023-09-27 13:30:00,XLC,Communication Services,65.22000122070312
2023-09-28 13:30:00,XLC,Communication Services,65.94000244140625
2023-09-29 13:30:00,XLC,Communication Services,65.56999969482422
2023-10-02 13:30:00,XLC,Communication Services,66.05999755859375
2023-10-03 13:30:00,XLC,Communication Services,65.16999816894531
2023-10-04 13:30:00,XLC,Communication Services,65.79000091552734
2023-10-05 13:30:00,XLC,Communication Services,65.69999694824219
2023-10-06 13:30:00,XLC,Communication Services,66.91000366210938
2023-10-09 13:30:00,XLC,Communication Services,67.62999725341797
2023-10-10 13:30:00,XLC,Communication Services,68.0199966430664
2023-10-11 13:30:00,XLC,Communication Services,68.63999938964844
2023-10-12 13:30:00,XLC,Communication Services,67.83000183105469
2023-10-13 13:30:00,XLC,Communication Services,67.06999969482422
2023-10-16 13:30:00,XLC,Communication Services,68.1500015258789
2023-10-17 13:30:00,XLC,Communication Services,68.38999938964844
2023-10-18 13:30:00,XLC,Communication Services,67.20999908447266
2023-10-19 13:30:00,XLC,Communication Services,67.13999938964844
2023-10-20 13:30:00,XLC,Communication Services,66.5199966430664
2023-10-23 13:30:00,XLC,Communication Services,66.87000274658203
2023-10-24 13:30:00,XLC,Communication Services,67.66000366210938
2023-10-25 13:30:00,XLC,Communication Services,64.7300033569336
2023-10-26 13:30:00,XLC,Communication Services,63.31999969482422
2023-10-27 13:30:00,XLC,Communication Services,63.09000015258789
2023-10-30 13:30:00,XLC,Communication Services,64.38999938964844
2023-10-31 13:30:00,XLC,Communication Services,64.72000122070312
2023-11-01 13:30:00,XLC,Communication Services,65.66999816894531
2023-11-02 13:30:00,XLC,Communication Services,66.54000091552734
2023-11-03 13:30:00,XLC,Communication Services,67.55999755859375
2023-11-06 14:30:00,XLC,Communication Services,67.37999725341797
2023-11-07 14:30:00,XLC,Communication Services,67.73999786376953
2023-11-08 14:30:00,XLC,Communication Services,67.41999816894531
2023-11-09 14:30:00,XLC,Communication Services,67.4000015258789
2023-11-10 14:30:00,XLC,Communication Services,68.47000122070312
2023-11-13 14:30:00,XLC,Communication Services,68.31999969482422
2023-11-14 14:30:00,XLC,Communication Services,69.43000030517578
2023-11-15 14:30:00,XLC,Communication Services,69.7699966430664
2023-11-16 14:30:00,XLC,Communication Services,70.08000183105469
2023-11-17 14:30:00,XLC,Communication Services,70.06999969482422
2023-11-20 14:30:00,XLC,Communication Services,70.86000061035156
2023-11-21 14:30:00,XLC,Communication Services,70.62000274658203
2023-11-22 14:30:00,XLC,Communication Services,71.19999694824219
2023-11-24 14:30:00,XLC,Communication Services,70.95999908447266
2023-11-27 14:30:00,XLC,Communication Services,70.5199966430664
2023-11-28 14:30:00,XLC,Communication Services,70.69000244140625
2023-11-29 14:30:00,XLC,Communication Services,70.18000030517578
2023-11-30 14:30:00,XLC,Communication Services,69.7699966430664
2023-12-01 14:30:00,XLC,Communication Services,69.91000366210938
2023-12-04 14:30:00,XLC,Communication Services,69.20999908447266
2023-12-05 14:30:00,XLC,Communication Services,68.88999938964844
2023-12-06 14:30:00,XLC,Communication Services,68.70999908447266
2023-12-07 14:30:00,XLC,Communication Services,70.1500015258789
2023-12-08 14:30:00,XLC,Communication Services,70.4800033569336
2023-12-11 14:30:00,XLC,Communication Services,69.94000244140625
2023-12-12 14:30:00,XLC,Communication Services,70.2300033569336
2023-12-13 14:30:00,XLC,Communication Services,70.88999938964844
2023-12-14 14:30:00,XLC,Communication Services,71.19999694824219
2023-12-15 14:30:00,XLC,Communication Services,71.0199966430664
2023-12-18 14:30:00,XLC,Communication Services,71.72000122070312
2023-12-19 14:30:00,XLC,Communication Services,72.44999694824219
2023-12-20 14:30:00,XLC,Communication Services,71.88999938964844
2023-12-21 14:30:00,XLC,Communication Services,72.5999984741211
2023-12-22 14:30:00,XLC,Communication Services,72.61000061035156
2023-12-26 14:30:00,XLC,Communication Services,72.88999938964844
2023-12-27 14:30:00,XLC,Communication Services,72.9000015258789
2023-12-28 14:30:00,XLC,Communication Services,73.0999984741211
2023-12-29 14:30:00,XLC,Communication Services,72.66000366210938
2024-01-02 14:30:00,XLC,Communication Services,72.25
2024-01-03 14:30:00,XLC,Communication Services,71.9800033569336
2024-01-04 14:30:00,XLC,Communication Services,71.73999786376953
2024-01-05 14:30:00,XLC,Communication Services,72.04000091552734
2024-01-08 14:30:00,XLC,Communication Services,73.16000366210938
2024-01-09 14:30:00,XLC,Communication Services,73.01000213623047
2024-01-10 14:30:00,XLC,Communication Services,73.69000244140625
2024-01-11 14:30:00,XLC,Communication Services,73.44999694824219
2024-01-12 14:30:00,XLC,Communication Services,73.80999755859375
2024-01-16 14:30:00,XLC,Communication Services,73.38999938964844
2024-01-17 14:30:00,XLC,Communication Services,72.94000244140625
2024-01-18 14:30:00,XLC,Communication Services,73.83000183105469
2024-01-19 14:30:00,XLC,Communication Services,74.83000183105469
2024-01-22 14:30:00,XLC,Communication Services,74.9800033569336
2024-01-23 14:30:00,XLC,Communication Services,75.72000122070312
2024-01-24 14:30:00,XLC,Communication Services,76.19000244140625
2024-01-25 14:30:00,XLC,Communication Services,77.43000030517578
2024-01-26 14:30:00,XLC,Communication Services,77.68000030517578
2024-01-29 14:30:00,XLC,Communication Services,78.33000183105469
2024-01-30 14:30:00,XLC,Communication Services,77.80000305175781
2024-01-31 14:30:00,XLC,Communication Services,75.87999725341797
2024-02-01 14:30:00,XLC,Communication Services,76.66000366210938
2024-02-02 14:30:00,XLC,Communication Services,79.73999786376953
2024-02-05 14:30:00,XLC,Communication Services,78.62000274658203
2024-02-06 14:30:00,XLC,Communication Services,78.37999725341797
2024-02-07 14:30:00,XLC,Communication Services,78.77999877929688
2024-02-08 14:30:00,XLC,Communication Services,79.08000183105469
2024-02-09 14:30:00,XLC,Communication Services,79.16999816894531
2024-02-12 14:30:00,XLC,Communication Services,79.41999816894531
2024-02-13 14:30:00,XLC,Communication Services,78.30000305175781
2024-02-14 14:30:00,XLC,Communication Services,79.55000305175781
2024-02-15 14:30:00,XLC,Communication Services,80.19999694824219
2024-02-16 14:30:00,XLC,Communication Services,78.94999694824219
2024-02-20 14:30:00,XLC,Communication Services,78.83000183105469
2024-02-21 14:30:00,XLC,Communication Services,78.73999786376953
2024-02-22 14:30:00,XLC,Communication Services,79.91999816894531
2024-02-23 14:30:00,XLC,Communication Services,79.72000122070312
2024-02-26 14:30:00,XLC,Communication Services,78.55999755859375
2024-02-27 14:30:00,XLC,Communication Services,79.19999694824219
2024-02-28 14:30:00,XLC,Communication Services,78.66000366210938
2024-02-29 14:30:00,XLC,Communication Services,79.36000061035156
2024-03-01 14:30:00,XLC,Communication Services,80.0199966430664
2024-03-04 14:30:00,XLC,Communication Services,78.97000122070312
2024-03-05 14:30:00,XLC,Communication Services,78.33000183105469
2024-03-06 14:30:00,XLC,Communication Services,78.44000244140625
2024-03-07 14:30:00,XLC,Communication Services,79.70999908447266
2024-03-08 14:30:00,XLC,Communication Services,79.58999633789062
2024-03-11 13:30:00,XLC,Communication Services,79.44000244140625
2024-03-12 13:30:00,XLC,Communication Services,80.13999938964844
2024-03-13 13:30:00,XLC,Communication Services,80.27999877929688
2024-03-14 13:30:00,XLC,Communication Services,80.08999633789062
2024-03-15 13:30:00,XLC,Communication Services,79.29000091552734
2024-03-18 13:30:00,XLC,Communication Services,80.69999694824219
2024-03-19 13:30:00,XLC,Communication Services,80.66999816894531
2024-03-20 13:30:00,XLC,Communication Services,81.62000274658203
2024-03-21 13:30:00,XLC,Communication Services,81.6500015258789
2024-03-22 13:30:00,XLC,Communication Services,81.81999969482422
2024-03-25 13:30:00,XLC,Communication Services,81.54000091552734
2024-03-26 13:30:00,XLC,Communication Services,81.37000274658203
2024-03-27 13:30:00,XLC,Communication Services,81.79000091552734
2024-03-28 13:30:00,XLC,Communication Services,81.66000366210938
2024-04-01 13:30:00,XLC,Communication Services,82.29000091552734
2024-04-02 13:30:00,XLC,Communication Services,82.16000366210938
2024-04-03 13:30:00,XLC,Communication Services,82.80999755859375
2024-04-04 13:30:00,XLC,Communication Services,81.69000244140625
2024-04-05 13:30:00,XLC,Communication Services,82.5199966430664
2024-04-08 13:30:00,XLC,Communication Services,82.52999877929688
2024-04-09 13:30:00,XLC,Communication Services,82.62000274658203
2024-04-10 13:30:00,XLC,Communication Services,81.97000122070312
2024-04-11 13:30:00,XLC,Communication Services,82.69000244140625
2024-04-12 13:30:00,XLC,Communication Services,81.33000183105469
2024-04-15 13:30:00,XLC,Communication Services,80.30000305175781
2024-04-16 13:30:00,XLC,Communication Services,80.02999877929688
2024-04-17 13:30:00,XLC,Communication Services,79.95999908447266
2024-04-18 13:30:00,XLC,Communication Services,80.3499984741211
2024-04-19 13:30:00,XLC,Communication Services,79.47000122070312
2024-04-22 13:30:00,XLC,Communication Services,79.58000183105469
2024-04-23 13:30:00,XLC,Communication Services,80.79000091552734
2024-04-24 13:30:00,XLC,Communication Services,80.83999633789062
2024-04-25 13:30:00,XLC,Communication Services,77.95999908447266
2024-04-26 13:30:00,XLC,Communication Services,80.11000061035156
2024-04-29 13:30:00,XLC,Communication Services,79.18000030517578
2024-04-30 13:30:00,XLC,Communication Services,77.86000061035156
2024-05-01 13:30:00,XLC,Communication Services,78.58000183105469
2024-05-02 13:30:00,XLC,Communication Services,79.37000274658203
2024-05-03 13:30:00,XLC,Communication Services,80.20999908447266
2024-05-06 13:30:00,XLC,Communication Services,81.30000305175781
2024-05-07 13:30:00,XLC,Communication Services,81.38999938964844
2024-05-08 13:30:00,XLC,Communication Services,81.26000213623047
2024-05-09 13:30:00,XLC,Communication Services,81.66999816894531
2024-05-10 13:30:00,XLC,Communication Services,81.79000091552734
2024-05-13 13:30:00,XLC,Communication Services,81.63999938964844
2024-05-14 13:30:00,XLC,Communication Services,82.01000213623047
2024-05-15 13:30:00,XLC,Communication Services,82.52999877929688
2024-05-16 13:30:00,XLC,Communication Services,82.47000122070312
2024-05-17 13:30:00,XLC,Communication Services,82.61000061035156
2024-05-20 13:30:00,XLC,Communication Services,82.8499984741211
2024-05-21 13:30:00,XLC,Communication Services,82.73999786376953
2024-05-22 13:30:00,XLC,Communication Services,82.83999633789062
2024-05-23 13:30:00,XLC,Communication Services,81.9000015258789
2024-05-24 13:30:00,XLC,Communication Services,82.94999694824219
2024-05-28 13:30:00,XLC,Communication Services,83.08999633789062
2024-05-29 13:30:00,XLC,Communication Services,82.6500015258789
2024-05-30 13:30:00,XLC,Communication Services,82.37999725341797
2024-05-31 13:30:00,XLC,Communication Services,83.26000213623047
2024-06-03 13:30:00,XLC,Communication Services,83.58999633789062
2024-06-04 13:30:00,XLC,Communication Services,83.91000366210938
2024-06-05 13:30:00,XLC,Communication Services,84.93000030517578
2024-06-06 13:30:00,XLC,Communication Services,84.9800033569336
2024-06-07 13:30:00,XLC,Communication Services,84.4000015258789
2024-06-10 13:30:00,XLC,Communication Services,84.61000061035156
2024-06-11 13:30:00,XLC,Communication Services,84.7699966430664
2024-06-12 13:30:00,XLC,Communication Services,84.58999633789062
2024-06-13 13:30:00,XLC,Communication Services,83.86000061035156
2024-06-14 13:30:00,XLC,Communication Services,84.12999725341797
2024-06-17 13:30:00,XLC,Communication Services,84.52999877929688
2024-06-18 13:30:00,XLC,Communication Services,84.02999877929688
2024-06-20 13:30:00,XLC,Communication Services,84.38999938964844
2024-06-21 13:30:00,XLC,Communication Services,84.94000244140625
2024-06-24 13:30:00,XLC,Communication Services,85.0
2024-06-25 13:30:00,XLC,Communication Services,85.94999694824219
2024-06-26 13:30:00,XLC,Communication Services,85.95999908447266
2024-06-27 13:30:00,XLC,Communication Services,86.44999694824219
2024-06-28 13:30:00,XLC,Communication Services,85.66000366210938
2024-07-01 13:30:00,XLC,Communication Services,85.30000305175781
2024-07-02 13:30:00,XLC,Communication Services,86.05999755859375
2024-07-03 13:30:00,XLC,Communication Services,86.08999633789062
2024-07-05 13:30:00,XLC,Communication Services,87.76000213623047
2024-07-08 13:30:00,XLC,Communication Services,86.97000122070312
2024-07-09 13:30:00,XLC,Communication Services,87.23999786376953
2024-07-10 13:30:00,XLC,Communication Services,87.79000091552734
2024-07-11 13:30:00,XLC,Communication Services,86.58999633789062
2024-07-12 13:30:00,XLC,Communication Services,86.30999755859375
2024-07-15 13:30:00,XLC,Communication Services,86.62000274658203
2024-07-16 13:30:00,XLC,Communication Services,86.8499984741211
2024-07-17 13:30:00,XLC,Communication Services,85.54000091552734
2024-07-18 13:30:00,XLC,Communication Services,85.48999786376953
2024-07-19 13:30:00,XLC,Communication Services,85.11000061035156
2024-07-22 13:30:00,XLC,Communication Services,85.47000122070312
2024-07-23 13:30:00,XLC,Communication Services,85.3499984741211
2024-07-24 13:30:00,XLC,Communication Services,83.12000274658203
2024-07-25 13:30:00,XLC,Communication Services,82.16000366210938
2024-07-26 13:30:00,XLC,Communication Services,83.69999694824219
2024-07-29 13:30:00,XLC,Communication Services,84.44000244140625
2024-07-30 13:30:00,XLC,Communication Services,84.77999877929688
2024-07-31 13:30:00,XLC,Communication Services,85.79000091552734
2024-08-01 13:30:00,XLC,Communication Services,86.13999938964844
2024-08-02 13:30:00,XLC,Communication Services,84.73999786376953
2024-08-05 13:30:00,XLC,Communication Services,82.30999755859375
2024-08-06 13:30:00,XLC,Communication Services,83.27999877929688
2024-08-07 13:30:00,XLC,Communication Services,82.83999633789062
2024-08-08 13:30:00,XLC,Communication Services,84.48999786376953
2024-08-09 13:30:00,XLC,Communication Services,85.20999908447266
2024-08-12 13:30:00,XLC,Communication Services,84.62000274658203
2024-08-13 13:30:00,XLC,Communication Services,85.72000122070312
2024-08-14 13:30:00,XLC,Communication Services,85.2300033569336
2024-08-15 13:30:00,XLC,Communication Services,86.0
2024-08-16 13:30:00,XLC,Communication Services,86.26000213623047
2024-08-19 13:30:00,XLC,Communication Services,87.23999786376953
2024-08-20 13:30:00,XLC,Communication Services,87.18000030517578
2024-08-21 13:30:00,XLC,Communication Services,87.55000305175781
2024-08-22 13:30:00,XLC,Communication Services,86.88999938964844
2024-08-23 13:30:00,XLC,Communication Services,87.5
2024-08-26 13:30:00,XLC,Communication Services,87.69999694824219
2024-08-27 13:30:00,XLC,Communication Services,87.5
2024-08-28 13:30:00,XLC,Communication Services,86.91999816894531
2024-08-29 13:30:00,XLC,Communication Services,86.73999786376953
2024-08-30 13:30:00,XLC,Communication Services,87.31999969482422
2024-09-03 13:30:00,XLC,Communication Services,85.72000122070312
2024-09-04 13:30:00,XLC,Communication Services,85.30999755859375
2024-09-05 13:30:00,XLC,Communication Services,85.55999755859375
2024-09-06 13:30:00,XLC,Communication Services,83.7699966430664
2024-09-09 13:30:00,XLC,Communication Services,84.12999725341797
2024-09-10 13:30:00,XLC,Communication Services,84.11000061035156
2024-09-11 13:30:00,XLC,Communication Services,84.45999908447266
2024-09-12 13:30:00,XLC,Communication Services,86.04000091552734
2024-09-13 13:30:00,XLC,Communication Services,86.87000274658203
2024-09-16 13:30:00,XLC,Communication Services,87.77999877929688
2024-09-17 13:30:00,XLC,Communication Services,87.77999877929688
2024-09-18 13:30:00,XLC,Communication Services,87.70999908447266
2024-09-19 13:30:00,XLC,Communication Services,88.9000015258789
2024-09-20 13:30:00,XLC,Communication Services,88.9000015258789
2024-09-23 13:30:00,XLC,Communication Services,88.83000183105469
2024-09-24 13:30:00,XLC,Communication Services,89.25
2024-09-25 13:30:00,XLC,Communication Services,88.97000122070312
2024-09-26 13:30:00,XLC,Communication Services,89.47000122070312
2024-09-27 13:30:00,XLC,Communication Services,90.01000213623047
2024-09-30 13:30:00,XLC,Communication Services,90.4000015258789
2024-10-01 13:30:00,XLC,Communication Services,90.47000122070312
2024-10-02 13:30:00,XLC,Communication Services,90.19000244140625
2024-10-03 13:30:00,XLC,Communication Services,89.87999725341797
2024-10-04 13:30:00,XLC,Communication Services,90.87999725341797
2024-10-07 13:30:00,XLC,Communication Services,89.66000366210938
2024-10-08 13:30:00,XLC,Communication Services,90.44999694824219
2024-10-09 13:30:00,XLC,Communication Services,90.4800033569336
2024-10-10 13:30:00,XLC,Communication Services,89.80999755859375
2024-10-11 13:30:00,XLC,Communication Services,90.43000030517578
2024-10-14 13:30:00,XLC,Communication Services,90.8499984741211
2024-10-15 13:30:00,XLC,Communication Services,91.05000305175781
2024-10-16 13:30:00,XLC,Communication Services,90.98999786376953
2024-10-17 13:30:00,XLC,Communication Services,90.55999755859375
2024-10-18 13:30:00,XLC,Communication Services,91.2300033569336
2024-10-21 13:30:00,XLC,Communication Services,90.87000274658203
2024-10-22 13:30:00,XLC,Communication Services,91.0
2024-10-23 13:30:00,XLC,Communication Services,90.30999755859375
2024-10-24 13:30:00,XLC,Communication Services,90.62000274658203
2024-10-25 13:30:00,XLC,Communication Services,90.8499984741211
2024-10-28 13:30:00,XLC,Communication Services,91.43000030517578
2024-10-29 13:30:00,XLC,Communication Services,92.29000091552734
2024-10-30 13:30:00,XLC,Communication Services,92.8499984741211
2024-10-31 13:30:00,XLC,Communication Services,92.04000091552734
2024-11-01 13:30:00,XLC,Communication Services,92.4000015258789
2024-11-04 14:30:00,XLC,Communication Services,92.08999633789062
2024-11-05 14:30:00,XLC,Communication Services,93.11000061035156
2024-11-06 14:30:00,XLC,Communication Services,95.4000015258789
2024-11-07 14:30:00,XLC,Communication Services,96.6500015258789
2024-11-08 14:30:00,XLC,Communication Services,96.18000030517578
2024-11-11 14:30:00,XLC,Communication Services,96.72000122070312
2024-11-12 14:30:00,XLC,Communication Services,97.16000366210938
2024-11-13 14:30:00,XLC,Communication Services,97.19999694824219
2024-11-14 14:30:00,XLC,Communication Services,97.08999633789062
2024-11-15 14:30:00,XLC,Communication Services,95.1500015258789
2024-11-18 14:30:00,XLC,Communication Services,96.08999633789062
2024-11-19 14:30:00,XLC,Communication Services,96.72000122070312
2024-11-20 14:30:00,XLC,Communication Services,97.33999633789062
2024-11-21 14:30:00,XLC,Communication Services,97.08999633789062
2024-11-22 14:30:00,XLC,Communication Services,96.87999725341797
2024-11-25 14:30:00,XLC,Communication Services,97.37999725341797
2024-11-26 14:30:00,XLC,Communication Services,97.73999786376953
2024-11-27 14:30:00,XLC,Communication Services,97.87000274658203
2024-11-29 14:30:00,XLC,Communication Services,98.4000015258789
2024-12-02 14:30:00,XLC,Communication Services,99.20999908447266
2024-12-03 14:30:00,XLC,Communication Services,100.01000213623047
2024-12-04 14:30:00,XLC,Communication Services,100.23999786376953
2024-12-05 14:30:00,XLC,Communication Services,100.01000213623047
2024-12-06 14:30:00,XLC,Communication Services,100.93000030517578
2024-12-09 14:30:00,XLC,Communication Services,98.77999877929688
2024-12-10 14:30:00,XLC,Communication Services,100.33000183105469
2024-12-11 14:30:00,XLC,Communication Services,101.97000122070312
2024-12-12 14:30:00,XLC,Communication Services,102.16000366210938
2024-12-13 14:30:00,XLC,Communication Services,100.94000244140625
2024-12-16 14:30:00,XLC,Communication Services,101.33000183105469
2024-12-17 14:30:00,XLC,Communication Services,100.56999969482422
2024-12-18 14:30:00,XLC,Communication Services,97.69999694824219
2024-12-19 14:30:00,XLC,Communication Services,97.43000030517578
2024-12-20 14:30:00,XLC,Communication Services,97.95999908447266
2024-12-23 14:30:00,XLC,Communication Services,98.23999786376953
2024-12-24 14:30:00,XLC,Communication Services,99.16999816894531
2024-12-26 14:30:00,XLC,Communication Services,99.04000091552734
2024-12-27 14:30:00,XLC,Communication Services,98.16000366210938
2024-12-30 14:30:00,XLC,Communication Services,97.12999725341797
2024-12-31 14:30:00,XLC,Communication Services,96.80999755859375
2025-01-02 14:30:00,XLC,Communication Services,97.27999877929688
2025-01-03 14:30:00,XLC,Communication Services,97.87999725341797
2025-01-06 14:30:00,XLC,Communication Services,98.94000244140625
2025-01-07 14:30:00,XLC,Communication Services,97.83999633789062
2025-01-08 14:30:00,XLC,Communication Services,97.26000213623047
2025-01-10 14:30:00,XLC,Communication Services,95.80999755859375
2025-01-13 14:30:00,XLC,Communication Services,95.8499984741211
2025-01-14 14:30:00,XLC,Communication Services,95.52999877929688
2025-01-15 14:30:00,XLC,Communication Services,97.0999984741211
2025-01-16 14:30:00,XLC,Communication Services,96.55000305175781
2025-01-17 14:30:00,XLC,Communication Services,97.38999938964844
2025-01-21 14:30:00,XLC,Communication Services,98.2699966430664
2025-01-22 14:30:00,XLC,Communication Services,99.25
2025-01-23 14:30:00,XLC,Communication Services,99.51000213623047
2025-01-24 14:30:00,XLC,Communication Services,100.41000366210938
2025-01-27 14:30:00,XLC,Communication Services,100.93000030517578
2025-01-28 14:30:00,XLC,Communication Services,101.41999816894531
2025-01-29 14:30:00,XLC,Communication Services,101.87000274658203
2025-01-30 14:30:00,XLC,Communication Services,101.97000122070312
2025-01-31 14:30:00,XLC,Communication Services,102.37999725341797
2025-02-03 14:30:00,XLC,Communication Services,102.5999984741211
2025-02-04 14:30:00,XLC,Communication Services,103.5199966430664
2025-02-05 14:30:00,XLC,Communication Services,102.5199966430664
2025-02-06 14:30:00,XLC,Communication Services,102.95999908447266
2025-02-07 14:30:00,XLC,Communication Services,102.73999786376953
2025-02-10 14:30:00,XLC,Communication Services,103.19999694824219
2025-02-11 14:30:00,XLC,Communication Services,103.37000274658203
2025-02-12 14:30:00,XLC,Communication Services,103.4800033569336
2025-02-13 14:30:00,XLC,Communication Services,104.66999816894531
2025-02-14 14:30:00,XLC,Communication Services,105.30999755859375
2025-02-18 14:30:00,XLC,Communication Services,104.81999969482422
2025-02-19 14:30:00,XLC,Communication Services,104.94000244140625
2025-02-20 14:30:00,XLC,Communication Services,104.44999694824219
2025-02-21 14:30:00,XLC,Communication Services,103.0199966430664
2025-02-24 14:30:00,XLC,Communication Services,103.22000122070312
2025-02-25 14:30:00,XLC,Communication Services,101.69000244140625
2025-02-26 14:30:00,XLC,Communication Services,101.51000213623047
2025-02-27 14:30:00,XLC,Communication Services,100.52999877929688
2025-02-28 14:30:00,XLC,Communication Services,102.0
2025-03-03 14:30:00,XLC,Communication Services,100.9800033569336
2025-03-04 14:30:00,XLC,Communication Services,100.18000030517578
2025-03-05 14:30:00,XLC,Communication Services,101.47000122070312
2025-03-06 14:30:00,XLC,Communication Services,99.6500015258789
2025-03-07 14:30:00,XLC,Communication Services,100.29000091552734
2025-03-10 13:30:00,XLC,Communication Services,97.79000091552734
2025-03-11 13:30:00,XLC,Communication Services,96.3499984741211
2025-03-12 13:30:00,XLC,Communication Services,96.83000183105469
2025-03-13 13:30:00,XLC,Communication Services,94.83999633789062
2025-03-14 13:30:00,XLC,Communication Services,96.58000183105469
2025-03-17 13:30:00,XLC,Communication Services,97.2699966430664
2025-03-18 13:30:00,XLC,Communication Services,95.91000366210938
2025-03-19 13:30:00,XLC,Communication Services,97.05000305175781
2025-03-20 13:30:00,XLC,Communication Services,96.83999633789062
2025-03-21 13:30:00,XLC,Communication Services,97.5999984741211
2025-03-24 13:30:00,XLC,Communication Services,98.69000244140625
2025-03-25 13:30:00,XLC,Communication Services,99.94000244140625
2025-03-26 13:30:00,XLC,Communication Services,99.08999633789062
2025-03-27 13:30:00,XLC,Communication Services,98.6500015258789
2025-03-28 13:30:00,XLC,Communication Services,95.73999786376953
2025-03-31 13:30:00,XLC,Communication Services,96.44999694824219
2025-04-01 13:30:00,XLC,Communication Services,96.51000213623047
2025-04-02 13:30:00,XLC,Communication Services,96.8499984741211
2025-04-03 13:30:00,XLC,Communication Services,92.52999877929688
2025-04-04 13:30:00,XLC,Communication Services,87.2300033569336
2025-04-07 13:30:00,XLC,Communication Services,87.3499984741211
2025-04-08 13:30:00,XLC,Communication Services,86.12999725341797
2025-04-09 13:30:00,XLC,Communication Services,93.73999786376953
2025-04-10 13:30:00,XLC,Communication Services,90.5
2025-04-11 13:30:00,XLC,Communication Services,91.2699966430664
2025-04-14 13:30:00,XLC,Communication Services,91.87999725341797
2025-04-15 13:30:00,XLC,Communication Services,92.11000061035156
2025-04-16 13:30:00,XLC,Communication Services,89.62999725341797
2025-04-17 13:30:00,XLC,Communication Services,90.20999908447266
2025-04-21 13:30:00,XLC,Communication Services,88.18000030517578
2025-04-22 13:30:00,XLC,Communication Services,90.4800033569336
2025-04-23 13:30:00,XLC,Communication Services,91.93000030517578
2025-04-24 13:30:00,XLC,Communication Services,93.7699966430664
2025-04-25 13:30:00,XLC,Communication Services,94.36000061035156
2025-04-28 13:30:00,XLC,Communication Services,94.72000122070312
2025-04-29 13:30:00,XLC,Communication Services,95.41000366210938
2025-04-30 13:30:00,XLC,Communication Services,95.44000244140625
2025-05-01 13:30:00,XLC,Communication Services,95.93000030517578
2025-05-02 13:30:00,XLC,Communication Services,97.41999816894531
2025-05-05 13:30:00,XLC,Communication Services,97.6500015258789
2025-05-06 13:30:00,XLC,Communication Services,97.62999725341797
2025-05-07 13:30:00,XLC,Communication Services,97.44999694824219
2025-05-08 13:30:00,XLC,Communication Services,97.68000030517578
2025-05-09 13:30:00,XLC,Communication Services,97.18000030517578
2025-05-12 13:30:00,XLC,Communication Services,99.19999694824219
2025-05-13 13:30:00,XLC,Communication Services,100.16999816894531
2025-05-14 13:30:00,XLC,Communication Services,100.69000244140625
2025-05-15 13:30:00,XLC,Communication Services,101.08999633789062
2025-05-16 13:30:00,XLC,Communication Services,101.77999877929688
2025-05-19 13:30:00,XLC,Communication Services,101.87999725341797
2025-05-20 13:30:00,XLC,Communication Services,101.62999725341797
2025-05-21 13:30:00,XLC,Communication Services,100.87000274658203
2025-05-22 13:30:00,XLC,Communication Services,100.6500015258789
2025-05-23 13:30:00,XLC,Communication Services,100.19000244140625
2025-05-27 13:30:00,XLC,Communication Services,101.81999969482422
2025-05-28 13:30:00,XLC,Communication Services,101.80000305175781
2025-05-29 13:30:00,XLC,Communication Services,100.9800033569336
2025-05-30 13:30:00,XLC,Communication Services,101.4000015258789
2025-06-02 13:30:00,XLC,Communication Services,101.9000015258789
2025-06-03 13:30:00,XLC,Communication Services,101.61000061035156
2025-06-04 13:30:00,XLC,Communication Services,102.26000213623047
2025-06-05 13:30:00,XLC,Communication Services,102.4000015258789
2025-06-06 13:30:00,XLC,Communication Services,103.70999908447266
2025-06-09 13:30:00,XLC,Communication Services,103.41000366210938
2025-06-10 13:30:00,XLC,Communication Services,104.72000122070312
2025-06-11 13:30:00,XLC,Communication Services,104.4800033569336
2025-06-12 13:30:00,XLC,Communication Services,103.62999725341797
2025-06-13 13:30:00,XLC,Communication Services,102.58000183105469
2025-06-16 13:30:00,XLC,Communication Services,104.33999633789062
2025-06-17 13:30:00,XLC,Communication Services,103.41999816894531
2025-06-18 13:30:00,XLC,Communication Services,103.47000122070312
2025-06-20 13:30:00,XLC,Communication Services,102.83999633789062
2025-06-23 13:30:00,XLC,Communication Services,103.88999938964844
2025-06-24 13:30:00,XLC,Communication Services,105.2300033569336
2025-06-25 13:30:00,XLC,Communication Services,105.20999908447266
2025-06-26 13:30:00,XLC,Communication Services,106.43000030517578
2025-06-27 13:30:00,XLC,Communication Services,107.68000030517578
2025-06-30 13:30:00,XLC,Communication Services,108.52999877929688
2025-07-01 13:30:00,XLC,Communication Services,107.76000213623047
2025-07-02 13:30:00,XLC,Communication Services,107.44999694824219
2025-07-03 13:30:00,XLC,Communication Services,108.04000091552734
2025-07-07 13:30:00,XLC,Communication Services,107.0
2025-07-08 13:30:00,XLC,Communication Services,106.77999877929688
2025-07-09 13:30:00,XLC,Communication Services,107.05999755859375
2025-07-10 13:30:00,XLC,Communication Services,106.69999694824219
2025-07-11 13:30:00,XLC,Communication Services,106.01000213623047
2025-07-14 13:30:00,XLC,Communication Services,107.05000305175781
2025-07-15 13:30:00,XLC,Communication Services,105.98999786376953
2025-07-16 13:30:00,XLC,Communication Services,106.30999755859375
2025-07-17 13:30:00,XLC,Communication Services,106.68000030517578
2025-07-18 13:30:00,XLC,Communication Services,106.19000244140625
2025-07-21 13:30:00,XLC,Communication Services,107.61000061035156
2025-07-22 13:30:00,XLC,Communication Services,107.86000061035156
2025-07-23 13:30:00,XLC,Communication Services,108.44999694824219
2025-07-24 13:30:00,XLC,Communication Services,108.62999725341797
2025-07-25 13:30:00,XLC,Communication Services,107.62000274658203
2025-07-28 13:30:00,XLC,Communication Services,107.04000091552734
2025-07-29 13:30:00,XLC,Communication Services,106.12000274658203
2025-07-30 13:30:00,XLC,Communication Services,106.44999694824219
2025-07-31 13:30:00,XLC,Communication Services,107.41000366210938
2025-08-01 13:30:00,XLC,Communication Services,106.12000274658203
2025-08-04 13:30:00,XLC,Communication Services,108.16000366210938
2025-08-05 13:30:00,XLC,Communication Services,107.31999969482422
2025-08-06 13:30:00,XLC,Communication Services,107.7300033569336
2025-08-07 13:30:00,XLC,Communication Services,107.2699966430664
2025-08-08 13:30:00,XLC,Communication Services,107.62999725341797
2025-08-11 13:30:00,XLC,Communication Services,108.18000030517578
2025-08-12 13:30:00,XLC,Communication Services,110.25
2025-08-13 13:30:00,XLC,Communication Services,111.11000061035156
2025-08-14 13:30:00,XLC,Communication Services,111.19999694824219
2025-08-15 13:30:00,XLC,Communication Services,111.4800033569336
2025-08-18 13:30:00,XLC,Communication Services,110.80000305175781
2025-08-19 13:30:00,XLC,Communication Services,110.18000030517578
2025-08-20 13:30:00,XLC,Communication Services,109.8499984741211
2025-08-21 13:30:00,XLC,Communication Services,109.7300033569336
2025-08-22 13:30:00,XLC,Communication Services,111.30999755859375
2025-08-25 13:30:00,XLC,Communication Services,111.48999786376953
2025-08-26 13:30:00,XLC,Communication Services,111.0
2025-08-27 13:30:00,XLC,Communication Services,111.19000244140625
2025-08-28 13:30:00,XLC,Communication Services,111.61000061035156
2025-08-29 13:30:00,XLC,Communication Services,111.38999938964844
2025-09-02 13:30:00,XLC,Communication Services,111.19999694824219
2025-09-03 13:30:00,XLC,Communication Services,113.05999755859375
2025-09-04 13:30:00,XLC,Communication Services,114.08000183105469
2025-09-05 13:30:00,XLC,Communication Services,114.69000244140625
2025-09-08 13:30:00,XLC,Communication Services,114.81999969482422
2025-09-09 13:30:00,XLC,Communication Services,115.47000122070312
2025-09-10 13:30:00,XLC,Communication Services,114.62000274658203
2025-09-11 13:30:00,XLC,Communication Services,116.37999725341797
2025-09-12 13:30:00,XLC,Communication Services,117.3499984741211
2025-09-15 13:30:00,XLC,Communication Services,119.0
2025-09-16 13:30:00,XLC,Communication Services,118.5199966430664
2025-09-17 13:30:00,XLC,Communication Services,118.83000183105469
2025-09-18 13:30:00,XLC,Communication Services,118.91999816894531
2025-09-19 13:30:00,XLC,Communication Services,119.41000366210938
2025-09-22 13:30:00,XLC,Communication Services,118.58000183105469
2025-09-23 13:30:00,XLC,Communication Services,118.41000366210938
2025-09-24 13:30:00,XLC,Communication Services,117.43000030517578
2025-09-25 13:30:00,XLC,Communication Services,117.02999877929688
2025-09-26 13:30:00,XLC,Communication Services,118.16999816894531
2025-09-29 13:30:00,XLC,Communication Services,118.55000305175781
2025-09-30 13:30:00,XLC,Communication Services,118.37000274658203
2025-10-01 13:30:00,XLC,Communication Services,116.70999908447266
2025-10-02 13:30:00,XLC,Communication Services,116.44999694824219
2025-10-03 13:30:00,XLC,Communication Services,116.38999938964844
2025-10-06 13:30:00,XLC,Communication Services,116.51000213623047
2025-10-07 13:30:00,XLC,Communication Services,116.05999755859375
2025-10-08 13:30:00,XLC,Communication Services,115.58000183105469
2025-10-09 13:30:00,XLC,Communication Services,114.91999816894531
2025-10-10 13:30:00,XLC,Communication Services,112.80000305175781
2025-10-13 13:30:00,XLC,Communication Services,113.83999633789062
2025-10-14 13:30:00,XLC,Communication Services,114.58999633789062
2025-10-15 13:30:00,XLC,Communication Services,115.4000015258789
2025-10-16 13:30:00,XLC,Communication Services,114.16999816894531
2025-10-17 13:30:00,XLC,Communication Services,114.94000244140625
2025-10-20 13:30:00,XLC,Communication Services,116.23999786376953
2025-10-21 13:30:00,XLC,Communication Services,116.6500015258789
2025-10-22 13:30:00,XLC,Communication Services,115.63999938964844
2025-10-23 13:30:00,XLC,Communication Services,115.25
2025-10-24 13:30:00,XLC,Communication Services,115.55000305175781
2025-10-27 13:30:00,XLC,Communication Services,117.16000366210938
2025-10-28 13:30:00,XLC,Communication Services,116.58000183105469
2025-10-29 13:30:00,XLC,Communication Services,116.29000091552734
2025-10-30 13:30:00,XLC,Communication Services,114.31999969482422
2025-10-31 13:30:00,XLC,Communication Services,114.80999755859375
2025-11-03 14:30:00,XLC,Communication Services,113.58999633789062
2025-11-04 14:30:00,XLC,Communication Services,112.80999755859375
2025-11-05 14:30:00,XLC,Communication Services,113.41999816894531
2025-11-06 14:30:00,XLC,Communication Services,112.4000015258789
2025-11-07 14:30:00,XLC,Communication Services,112.11000061035156
2025-11-10 14:30:00,XLC,Communication Services,113.27999877929688
2025-11-11 14:30:00,XLC,Communication Services,114.19999694824219
2025-11-12 14:30:00,XLC,Communication Services,113.54000091552734
2025-11-13 14:30:00,XLC,Communication Services,111.93000030517578
2025-11-14 14:30:00,XLC,Communication Services,111.33000183105469
2025-11-17 14:30:00,XLC,Communication Services,111.18000030517578
2025-11-18 14:30:00,XLC,Communication Services,111.80999755859375
2025-11-19 14:30:00,XLC,Communication Services,111.19000244140625
2025-11-20 14:30:00,XLC,Communication Services,109.97000122070312
2025-11-21 14:30:00,XLC,Communication Services,111.9000015258789
2025-11-24 14:30:00,XLC,Communication Services,113.01000213623047
2025-11-25 14:30:00,XLC,Communication Services,114.30000305175781
2025-11-26 14:30:00,XLC,Communication Services,114.45999908447266
2025-11-28 14:30:00,XLC,Communication Services,115.38999938964844
2025-12-01 14:30:00,XLC,Communication Services,114.8499984741211
2025-12-02 14:30:00,XLC,Communication Services,115.2300033569336
2025-12-03 14:30:00,XLC,Communication Services,115.12999725341797
2025-12-04 14:30:00,XLC,Communication Services,115.79000091552734
2025-12-05 14:30:00,XLC,Communication Services,117.12999725341797
2025-12-08 14:30:00,XLC,Communication Services,116.26000213623047
2025-12-09 14:30:00,XLC,Communication Services,116.38999938964844
2025-12-10 14:30:00,XLC,Communication Services,117.06999969482422
2025-12-11 14:30:00,XLC,Communication Services,116.80999755859375
2025-12-12 14:30:00,XLC,Communication Services,116.55000305175781
2025-12-15 14:30:00,XLC,Communication Services,116.56999969482422
2025-12-16 14:30:00,XLC,Communication Services,116.6500015258789
2025-12-17 14:30:00,XLC,Communication Services,115.80999755859375
2025-12-18 14:30:00,XLC,Communication Services,116.47000122070312
2025-12-19 14:30:00,XLC,Communication Services,116.5199966430664
2025-12-22 14:30:00,XLC,Communication Services,116.66000366210938
2025-12-23 14:30:00,XLC,Communication Services,117.38999938964844
2025-12-24 14:30:00,XLC,Communication Services,118.08999633789062
2025-12-26 14:30:00,XLC,Communication Services,117.97000122070312
2025-12-29 14:30:00,XLC,Communication Services,117.88999938964844
2025-12-30 14:30:00,XLC,Communication Services,118.29000091552734
2025-12-31 14:30:00,XLC,Communication Services,117.72000122070312
2026-01-02 14:30:00,XLC,Communication Services,116.9000015258789
2026-01-05 14:30:00,XLC,Communication Services,117.75
2026-01-06 14:30:00,XLC,Communication Services,117.33000183105469
2026-01-07 14:30:00,XLC,Communication Services,117.08999633789062
2026-01-08 14:30:00,XLC,Communication Services,117.4800033569336
2026-01-09 14:30:00,XLC,Communication Services,117.91000366210938
2026-01-12 14:30:00,XLC,Communication Services,117.55000305175781
2026-01-13 14:30:00,XLC,Communication Services,116.88999938964844
2026-01-14 14:30:00,XLC,Communication Services,116.63999938964844
2026-01-15 14:30:00,XLC,Communication Services,116.20999908447266
2026-01-16 14:30:00,XLC,Communication Services,115.16999816894531
2026-01-20 14:30:00,XLC,Communication Services,113.47000122070312
2026-01-21 14:30:00,XLC,Communication Services,114.62999725341797
2026-01-22 14:30:00,XLC,Communication Services,116.25
2026-01-23 14:30:00,XLC,Communication Services,116.95999908447266
2026-01-26 14:30:00,XLC,Communication Services,117.7699966430664
2026-01-27 14:30:00,XLC,Communication Services,116.9000015258789
2026-01-28 14:30:00,XLC,Communication Services,116.75
2026-01-29 14:30:00,XLC,Communication Services,119.79000091552734
2026-01-30 14:30:00,XLC,Communication Services,120.08000183105469
2026-02-02 14:30:00,XLC,Communication Services,119.66999816894531
2026-02-03 14:30:00,XLC,Communication Services,117.73999786376953
2026-02-04 14:30:00,XLC,Communication Services,116.80000305175781
2026-02-05 14:30:00,XLC,Communication Services,116.20999908447266
2026-02-06 14:30:00,XLC,Communication Services,115.76000213623047
2026-02-09 14:30:00,XLC,Communication Services,116.87999725341797
2026-02-10 14:30:00,XLC,Communication Services,117.58000183105469
2026-02-11 14:30:00,XLC,Communication Services,116.73999786376953
2026-02-12 14:30:00,XLC,Communication Services,114.63999938964844
2026-02-13 14:30:00,XLC,Communication Services,114.58000183105469
2026-02-17 14:30:00,XLC,Communication Services,114.4000015258789
2026-02-18 14:30:00,XLC,Communication Services,114.58999633789062
2026-02-19 14:30:00,XLC,Communication Services,115.13999938964844
2026-02-20 14:30:00,XLC,Communication Services,116.80000305175781
2026-02-23 14:30:00,XLC,Communication Services,115.36000061035156
2026-02-24 14:30:00,XLC,Communication Services,116.16000366210938
2026-02-25 14:30:00,XLC,Communication Services,116.5
2026-02-26 14:30:00,XLC,Communication Services,116.72000122070312
2026-02-27 14:30:00,XLC,Communication Services,118.05000305175781
2026-03-02 14:30:00,XLC,Communication Services,117.87000274658203
2026-03-03 14:30:00,XLC,Communication Services,117.95999908447266
2026-03-04 14:30:00,XLC,Communication Services,118.79000091552734
2026-03-05 14:30:00,XLC,Communication Services,118.44000244140625
2026-03-06 14:30:00,XLC,Communication Services,117.45999908447266
2026-03-09 13:30:00,XLC,Communication Services,117.55999755859375
2026-03-10 13:30:00,XLC,Communication Services,117.37999725341797
2026-03-11 13:30:00,XLC,Communication Services,117.0
2026-03-12 13:30:00,XLC,Communication Services,115.2699966430664
2026-03-13 13:30:00,XLC,Communication Services,114.44999694824219
2026-03-16 13:30:00,XLC,Communication Services,115.33000183105469
2026-03-17 13:30:00,XLC,Communication Services,115.37000274658203
2026-03-18 13:30:00,XLC,Communication Services,113.66000366210938
2026-03-19 13:30:00,XLC,Communication Services,113.13999938964844
2026-03-20 13:30:00,XLC,Communication Services,112.2300033569336
2026-03-23 13:30:00,XLC,Communication Services,112.70999908447266
2026-03-24 13:30:00,XLC,Communication Services,111.12999725341797
2026-03-25 13:30:00,XLC,Communication Services,111.44000244140625
2026-03-26 13:30:00,XLC,Communication Services,108.80999755859375
2026-03-27 13:30:00,XLC,Communication Services,107.04000091552734
2026-03-30 13:30:00,XLC,Communication Services,107.95999908447266
2026-03-31 13:30:00,XLC,Communication Services,110.86000061035156
2026-04-01 13:30:00,XLC,Communication Services,111.23999786376953
2026-04-02 13:30:00,XLC,Communication Services,111.69999694824219
2026-04-06 13:30:00,XLC,Communication Services,111.76000213623047
2026-04-07 13:30:00,XLC,Communication Services,111.81999969482422
2026-04-08 13:30:00,XLC,Communication Services,113.80999755859375
2026-04-09 13:30:00,XLC,Communication Services,114.2699966430664
2026-04-10 13:30:00,XLC,Communication Services,113.94999694824219
2026-04-13 13:30:00,XLC,Communication Services,114.81999969482422
2026-04-14 13:30:00,XLC,Communication Services,116.55999755859375
2026-04-15 13:30:00,XLC,Communication Services,117.36000061035156
2026-04-16 13:30:00,XLC,Communication Services,118.83000183105469
2026-04-17 13:30:00,XLC,Communication Services,119.0999984741211
2026-04-20 13:30:00,XLC,Communication Services,118.75
2026-04-21 13:30:00,XLC,Communication Services,117.16000366210938
2026-04-22 13:30:00,XLC,Communication Services,117.87999725341797
2026-04-23 13:30:00,XLC,Communication Services,117.38999938964844
2026-04-24 13:30:00,XLC,Communication Services,115.54000091552734
2026-04-27 13:30:00,XLC,Communication Services,115.80999755859375
2026-04-28 13:30:00,XLC,Communication Services,115.75
2026-04-29 13:30:00,XLC,Communication Services,115.29000091552734
2026-04-30 13:30:00,XLC,Communication Services,116.51000213623047
2026-05-01 13:30:00,XLC,Communication Services,116.72000122070312
2026-05-04 13:30:00,XLC,Communication Services,116.0999984741211
2026-05-05 13:30:00,XLC,Communication Services,115.62999725341797
2026-05-06 13:30:00,XLC,Communication Services,117.3499984741211
2026-05-07 13:30:00,XLC,Communication Services,117.37999725341797
2026-05-08 13:30:00,XLC,Communication Services,116.94000244140625
2026-05-11 13:30:00,XLC,Communication Services,115.58000183105469
2026-05-12 13:30:00,XLC,Communication Services,115.86000061035156
2026-05-13 13:30:00,XLC,Communication Services,116.76000213623047
2026-05-14 13:30:00,XLC,Communication Services,117.11000061035156
2026-05-15 13:30:00,XLC,Communication Services,116.08000183105469
2026-05-18 13:30:00,XLC,Communication Services,116.9800033569336
2026-05-19 13:30:00,XLC,Communication Services,115.8499984741211
2026-05-20 13:30:00,XLC,Communication Services,116.0999984741211
2026-05-21 13:30:00,XLC,Communication Services,116.0999984741211
2026-05-22 13:30:00,XLC,Communication Services,115.45999908447266
2026-05-26 13:30:00,XLC,Communication Services,115.55000305175781
2026-05-27 13:30:00,XLC,Communication Services,116.26000213623047
2026-05-28 13:30:00,XLC,Communication Services,116.66999816894531
2026-05-29 13:30:00,XLC,Communication Services,115.69000244140625
2026-06-01 13:30:00,XLC,Communication Services,115.61000061035156
2026-06-02 13:30:00,XLC,Communication Services,113.56999969482422
2026-06-03 13:30:00,XLC,Communication Services,112.08000183105469
2026-06-04 13:30:00,XLC,Communication Services,113.11000061035156
2026-06-05 13:30:00,XLC,Communication Services,111.66999816894531
2026-06-08 13:30:00,XLC,Communication Services,111.08999633789062
2026-06-09 13:30:00,XLC,Communication Services,111.4800033569336
2026-06-10 13:30:00,XLC,Communication Services,111.01000213623047
2026-06-11 13:30:00,XLC,Communication Services,112.12000274658203
2026-06-12 13:30:00,XLC,Communication Services,111.6500015258789
2026-06-15 13:30:00,XLC,Communication Services,112.19000244140625
2026-06-16 13:30:00,XLC,Communication Services,112.31999969482422
2026-06-17 13:30:00,XLC,Communication Services,109.19999694824219
2026-06-18 13:30:00,XLC,Communication Services,109.44999694824219
2026-06-22 13:30:00,XLC,Communication Services,106.86000061035156
2026-06-23 13:30:00,XLC,Communication Services,107.2699966430664
2026-06-24 13:30:00,XLC,Communication Services,106.54000091552734
2026-06-25 13:30:00,XLC,Communication Services,105.58000183105469
2026-06-26 13:30:00,XLC,Communication Services,106.18000030517578
2026-06-29 13:30:00,XLC,Communication Services,107.87999725341797
2026-06-30 13:30:00,XLC,Communication Services,107.12999725341797
2026-07-01 13:30:00,XLC,Communication Services,109.73999786376953
2026-07-02 13:30:00,XLC,Communication Services,109.5999984741211
2026-07-06 13:30:00,XLC,Communication Services,110.20999908447266
2026-07-07 13:30:00,XLC,Communication Services,111.0199966430664
2026-07-08 13:30:00,XLC,Communication Services,109.45999908447266
2026-07-09 13:30:00,XLC,Communication Services,110.51000213623047
2026-07-10 13:30:00,XLC,Communication Services,111.63999938964844
2026-07-13 13:30:00,XLC,Communication Services,111.58999633789062
2026-07-14 13:30:00,XLC,Communication Services,111.44999694824219
2026-07-15 13:30:00,XLC,Communication Services,113.37999725341797
2026-07-16 13:30:00,XLC,Communication Services,112.6500015258789
2026-07-17 13:30:00,XLC,Communication Services,110.6500015258789
2026-07-20 13:30:00,XLC,Communication Services,110.80000305175781
2026-07-21 13:30:00,XLC,Communication Services,110.02999877929688
2026-07-22 13:30:00,XLC,Communication Services,109.19999694824219
2026-07-23 13:30:00,XLC,Communication Services,105.37999725341797
2026-07-24 13:30:00,XLC,Communication Services,106.30000305175781
2026-07-27 13:30:00,XLC,Communication Services,107.66000366210938
2026-07-28 13:30:00,XLC,Communication Services,109.66999816894531
2026-07-29 13:30:00,XLC,Communication Services,109.51000213623047
2026-07-30 13:30:00,XLC,Communication Services,106.58000183105469
2026-07-31 13:30:00,XLC,Communication Services,108.23999786376953
2026-08-03 13:30:00,XLC,Communication Services,111.33999633789062
2026-08-04 13:30:00,XLC,Communication Services,112.04000091552734
2026-08-05 13:30:00,XLC,Communication Services,110.87000274658203
2026-08-06 13:30:00,XLC,Communication Services,111.18000030517578
2026-08-07 13:30:00,XLC,Communication Services,111.25
2026-08-10 13:30:00,XLC,Communication Services,111.83000183105469
2026-08-11 13:30:00,XLC,Communication Services,111.2699966430664
2026-08-12 13:30:00,XLC,Communication Services,110.2699966430664
2026-08-13 13:30:00,XLC,Communication Services,112.55000305175781
2026-08-14 13:30:00,XLC,Communication Services,112.94999694824219
2026-08-17 13:30:00,XLC,Communication Services,110.81999969482422
2026-08-18 13:30:00,XLC,Communication Services,110.4800033569336
2026-08-19 13:30:00,XLC,Communication Services,111.31999969482422
2026-08-20 13:30:00,XLC,Communication Services,110.68000030517578
2026-08-21 13:30:00,XLC,Communication Services,111.4000015258789
2026-08-24 13:30:00,XLC,Communication Services,112.31999969482422
2026-08-25 13:30:00,XLC,Communication Services,113.18000030517578
2026-08-26 13:30:00,XLC,Communication Services,112.61000061035156
2026-08-27 13:30:00,XLC,Communication Services,111.41000366210938
2026-08-28 13:30:00,XLC,Communication Services,112.98999786376953
2021-08-30 13:30:00,XLY,Consumer Discretionary,91.6050033569336
2021-08-31 13:30:00,XLY,Consumer Discretionary,91.82499694824219
2021-09-01 13:30:00,XLY,Consumer Discretionary,91.81999969482422
2021-09-02 13:30:00,XLY,Consumer Discretionary,91.81500244140625
2021-09-03 13:30:00,XLY,Consumer Discretionary,91.76000213623047
2021-09-07 13:30:00,XLY,Consumer Discretionary,92.02999877929688
2021-09-08 13:30:00,XLY,Consumer Discretionary,92.13500213623047
2021-09-09 13:30:00,XLY,Consumer Discretionary,92.01499938964844
2021-09-10 13:30:00,XLY,Consumer Discretionary,91.44999694824219
2021-09-13 13:30:00,XLY,Consumer Discretionary,91.67500305175781
2021-09-14 13:30:00,XLY,Consumer Discretionary,91.37000274658203
2021-09-15 13:30:00,XLY,Consumer Discretionary,91.95999908447266
2021-09-16 13:30:00,XLY,Consumer Discretionary,92.37999725341797
2021-09-17 13:30:00,XLY,Consumer Discretionary,92.05500030517578
2021-09-20 13:30:00,XLY,Consumer Discretionary,89.81999969482422
2021-09-21 13:30:00,XLY,Consumer Discretionary,89.95500183105469
2021-09-22 13:30:00,XLY,Consumer Discretionary,91.18000030517578
2021-09-23 13:30:00,XLY,Consumer Discretionary,92.1050033569336
2021-09-24 13:30:00,XLY,Consumer Discretionary,92.44999694824219
2021-09-27 13:30:00,XLY,Consumer Discretionary,92.94499969482422
2021-09-28 13:30:00,XLY,Consumer Discretionary,91.15499877929688
2021-09-29 13:30:00,XLY,Consumer Discretionary,91.24500274658203
2021-09-30 13:30:00,XLY,Consumer Discretionary,89.7249984741211
2021-10-01 13:30:00,XLY,Consumer Discretionary,90.4000015258789
2021-10-04 13:30:00,XLY,Consumer Discretionary,89.68499755859375
2021-10-05 13:30:00,XLY,Consumer Discretionary,90.04499816894531
2021-10-06 13:30:00,XLY,Consumer Discretionary,90.33000183105469
2021-10-07 13:30:00,XLY,Consumer Discretionary,91.73500061035156
2021-10-08 13:30:00,XLY,Consumer Discretionary,91.31500244140625
2021-10-11 13:30:00,XLY,Consumer Discretionary,90.94499969482422
2021-10-12 13:30:00,XLY,Consumer Discretionary,91.66500091552734
2021-10-13 13:30:00,XLY,Consumer Discretionary,92.11499786376953
2021-10-14 13:30:00,XLY,Consumer Discretionary,93.08000183105469
2021-10-15 13:30:00,XLY,Consumer Discretionary,94.50499725341797
2021-10-18 13:30:00,XLY,Consumer Discretionary,95.66000366210938
2021-10-19 13:30:00,XLY,Consumer Discretionary,95.38999938964844
2021-10-20 13:30:00,XLY,Consumer Discretionary,95.31999969482422
2021-10-21 13:30:00,XLY,Consumer Discretionary,96.72000122070312
2021-10-22 13:30:00,XLY,Consumer Discretionary,96.375
2021-10-25 13:30:00,XLY,Consumer Discretionary,98.76499938964844
2021-10-26 13:30:00,XLY,Consumer Discretionary,98.77999877929688
2021-10-27 13:30:00,XLY,Consumer Discretionary,99.0
2021-10-28 13:30:00,XLY,Consumer Discretionary,100.31500244140625
2021-10-29 13:30:00,XLY,Consumer Discretionary,100.57499694824219
2021-11-01 13:30:00,XLY,Consumer Discretionary,102.41999816894531
2021-11-02 13:30:00,XLY,Consumer Discretionary,101.7300033569336
2021-11-03 13:30:00,XLY,Consumer Discretionary,103.55999755859375
2021-11-04 13:30:00,XLY,Consumer Discretionary,104.95500183105469
2021-11-05 13:30:00,XLY,Consumer Discretionary,105.62999725341797
2021-11-08 14:30:00,XLY,Consumer Discretionary,104.13500213623047
2021-11-09 14:30:00,XLY,Consumer Discretionary,102.20999908447266
2021-11-10 14:30:00,XLY,Consumer Discretionary,101.83000183105469
2021-11-11 14:30:00,XLY,Consumer Discretionary,101.55500030517578
2021-11-12 14:30:00,XLY,Consumer Discretionary,101.8949966430664
2021-11-15 14:30:00,XLY,Consumer Discretionary,101.80999755859375
2021-11-16 14:30:00,XLY,Consumer Discretionary,103.41500091552734
2021-11-17 14:30:00,XLY,Consumer Discretionary,104.07499694824219
2021-11-18 14:30:00,XLY,Consumer Discretionary,105.25499725341797
2021-11-19 14:30:00,XLY,Consumer Discretionary,105.70999908447266
2021-11-22 14:30:00,XLY,Consumer Discretionary,105.44499969482422
2021-11-23 14:30:00,XLY,Consumer Discretionary,104.68000030517578
2021-11-24 14:30:00,XLY,Consumer Discretionary,104.8949966430664
2021-11-26 14:30:00,XLY,Consumer Discretionary,102.03500366210938
2021-11-29 14:30:00,XLY,Consumer Discretionary,103.62000274658203
2021-11-30 14:30:00,XLY,Consumer Discretionary,102.22000122070312
2021-12-01 14:30:00,XLY,Consumer Discretionary,100.375
2021-12-02 14:30:00,XLY,Consumer Discretionary,101.80500030517578
2021-12-03 14:30:00,XLY,Consumer Discretionary,99.82499694824219
2021-12-06 14:30:00,XLY,Consumer Discretionary,100.96499633789062
2021-12-07 14:30:00,XLY,Consumer Discretionary,103.31999969482422
2021-12-08 14:30:00,XLY,Consumer Discretionary,103.58000183105469
2021-12-09 14:30:00,XLY,Consumer Discretionary,101.78500366210938
2021-12-10 14:30:00,XLY,Consumer Discretionary,102.49500274658203
2021-12-13 14:30:00,XLY,Consumer Discretionary,99.8550033569336
2021-12-14 14:30:00,XLY,Consumer Discretionary,99.2750015258789
2021-12-15 14:30:00,XLY,Consumer Discretionary,100.53500366210938
2021-12-16 14:30:00,XLY,Consumer Discretionary,98.31500244140625
2021-12-17 14:30:00,XLY,Consumer Discretionary,97.6449966430664
2021-12-20 14:30:00,XLY,Consumer Discretionary,95.92500305175781
2021-12-21 14:30:00,XLY,Consumer Discretionary,98.41000366210938
2021-12-22 14:30:00,XLY,Consumer Discretionary,100.20500183105469
2021-12-23 14:30:00,XLY,Consumer Discretionary,101.59500122070312
2021-12-27 14:30:00,XLY,Consumer Discretionary,102.58499908447266
2021-12-28 14:30:00,XLY,Consumer Discretionary,102.62999725341797
2021-12-29 14:30:00,XLY,Consumer Discretionary,102.83499908447266
2021-12-30 14:30:00,XLY,Consumer Discretionary,102.46499633789062
2021-12-31 14:30:00,XLY,Consumer Discretionary,102.22000122070312
2022-01-03 14:30:00,XLY,Consumer Discretionary,105.15499877929688
2022-01-04 14:30:00,XLY,Consumer Discretionary,104.51499938964844
2022-01-05 14:30:00,XLY,Consumer Discretionary,101.69499969482422
2022-01-06 14:30:00,XLY,Consumer Discretionary,101.43000030517578
2022-01-07 14:30:00,XLY,Consumer Discretionary,99.73999786376953
2022-01-10 14:30:00,XLY,Consumer Discretionary,99.12999725341797
2022-01-11 14:30:00,XLY,Consumer Discretionary,100.08499908447266
2022-01-12 14:30:00,XLY,Consumer Discretionary,100.74500274658203
2022-01-13 14:30:00,XLY,Consumer Discretionary,98.72000122070312
2022-01-14 14:30:00,XLY,Consumer Discretionary,98.26000213623047
2022-01-18 14:30:00,XLY,Consumer Discretionary,96.4000015258789
2022-01-19 14:30:00,XLY,Consumer Discretionary,94.66000366210938
2022-01-20 14:30:00,XLY,Consumer Discretionary,92.93499755859375
2022-01-21 14:30:00,XLY,Consumer Discretionary,90.20999908447266
2022-01-24 14:30:00,XLY,Consumer Discretionary,91.29499816894531
2022-01-25 14:30:00,XLY,Consumer Discretionary,89.75
2022-01-26 14:30:00,XLY,Consumer Discretionary,89.31500244140625
2022-01-27 14:30:00,XLY,Consumer Discretionary,87.1500015258789
2022-01-28 14:30:00,XLY,Consumer Discretionary,89.05000305175781
2022-01-31 14:30:00,XLY,Consumer Discretionary,92.4749984741211
2022-02-01 14:30:00,XLY,Consumer Discretionary,93.03500366210938
2022-02-02 14:30:00,XLY,Consumer Discretionary,92.4800033569336
2022-02-03 14:30:00,XLY,Consumer Discretionary,89.6500015258789
2022-02-04 14:30:00,XLY,Consumer Discretionary,92.19999694824219
2022-02-07 14:30:00,XLY,Consumer Discretionary,92.01000213623047
2022-02-08 14:30:00,XLY,Consumer Discretionary,93.30500030517578
2022-02-09 14:30:00,XLY,Consumer Discretionary,94.54000091552734
2022-02-10 14:30:00,XLY,Consumer Discretionary,92.91000366210938
2022-02-11 14:30:00,XLY,Consumer Discretionary,90.23999786376953
2022-02-14 14:30:00,XLY,Consumer Discretionary,90.75499725341797
2022-02-15 14:30:00,XLY,Consumer Discretionary,92.78500366210938
2022-02-16 14:30:00,XLY,Consumer Discretionary,93.05000305175781
2022-02-17 14:30:00,XLY,Consumer Discretionary,90.55999755859375
2022-02-18 14:30:00,XLY,Consumer Discretionary,90.0
2022-02-22 14:30:00,XLY,Consumer Discretionary,87.375
2022-02-23 14:30:00,XLY,Consumer Discretionary,84.45500183105469
2022-02-24 14:30:00,XLY,Consumer Discretionary,86.38500213623047
2022-02-25 14:30:00,XLY,Consumer Discretionary,88.09500122070312
2022-02-28 14:30:00,XLY,Consumer Discretionary,88.71499633789062
2022-03-01 14:30:00,XLY,Consumer Discretionary,87.37000274658203
2022-03-02 14:30:00,XLY,Consumer Discretionary,89.20500183105469
2022-03-03 14:30:00,XLY,Consumer Discretionary,87.18499755859375
2022-03-04 14:30:00,XLY,Consumer Discretionary,85.80000305175781
2022-03-07 14:30:00,XLY,Consumer Discretionary,81.59500122070312
2022-03-08 14:30:00,XLY,Consumer Discretionary,81.76499938964844
2022-03-09 14:30:00,XLY,Consumer Discretionary,84.3949966430664
2022-03-10 14:30:00,XLY,Consumer Discretionary,84.99500274658203
2022-03-11 14:30:00,XLY,Consumer Discretionary,83.36000061035156
2022-03-14 13:30:00,XLY,Consumer Discretionary,81.97000122070312
2022-03-15 13:30:00,XLY,Consumer Discretionary,84.71499633789062
2022-03-16 13:30:00,XLY,Consumer Discretionary,87.6050033569336
2022-03-17 13:30:00,XLY,Consumer Discretionary,89.06500244140625
2022-03-18 13:30:00,XLY,Consumer Discretionary,90.94000244140625
2022-03-21 13:30:00,XLY,Consumer Discretionary,90.04000091552734
2022-03-22 13:30:00,XLY,Consumer Discretionary,92.2750015258789
2022-03-23 13:30:00,XLY,Consumer Discretionary,91.12999725341797
2022-03-24 13:30:00,XLY,Consumer Discretionary,91.83999633789062
2022-03-25 13:30:00,XLY,Consumer Discretionary,91.68000030517578
2022-03-28 13:30:00,XLY,Consumer Discretionary,94.125
2022-03-29 13:30:00,XLY,Consumer Discretionary,95.76499938964844
2022-03-30 13:30:00,XLY,Consumer Discretionary,94.30999755859375
2022-03-31 13:30:00,XLY,Consumer Discretionary,92.5
2022-04-01 13:30:00,XLY,Consumer Discretionary,92.61499786376953
2022-04-04 13:30:00,XLY,Consumer Discretionary,94.69499969482422
2022-04-05 13:30:00,XLY,Consumer Discretionary,92.4749984741211
2022-04-06 13:30:00,XLY,Consumer Discretionary,90.11499786376953
2022-04-07 13:30:00,XLY,Consumer Discretionary,90.57499694824219
2022-04-08 13:30:00,XLY,Consumer Discretionary,89.73999786376953
2022-04-11 13:30:00,XLY,Consumer Discretionary,88.07499694824219
2022-04-12 13:30:00,XLY,Consumer Discretionary,88.2699966430664
2022-04-13 13:30:00,XLY,Consumer Discretionary,90.46499633789062
2022-04-14 13:30:00,XLY,Consumer Discretionary,89.19999694824219
2022-04-18 13:30:00,XLY,Consumer Discretionary,89.47000122070312
2022-04-19 13:30:00,XLY,Consumer Discretionary,92.06500244140625
2022-04-20 13:30:00,XLY,Consumer Discretionary,90.87999725341797
2022-04-21 13:30:00,XLY,Consumer Discretionary,90.0
2022-04-22 13:30:00,XLY,Consumer Discretionary,87.91000366210938
2022-04-25 13:30:00,XLY,Consumer Discretionary,88.54499816894531
2022-04-26 13:30:00,XLY,Consumer Discretionary,84.06500244140625
2022-04-27 13:30:00,XLY,Consumer Discretionary,84.07499694824219
2022-04-28 13:30:00,XLY,Consumer Discretionary,85.80000305175781
2022-04-29 13:30:00,XLY,Consumer Discretionary,81.44000244140625
2022-05-02 13:30:00,XLY,Consumer Discretionary,82.62999725341797
2022-05-03 13:30:00,XLY,Consumer Discretionary,82.42500305175781
2022-05-04 13:30:00,XLY,Consumer Discretionary,84.84500122070312
2022-05-05 13:30:00,XLY,Consumer Discretionary,80.08999633789062
2022-05-06 13:30:00,XLY,Consumer Discretionary,79.07499694824219
2022-05-09 13:30:00,XLY,Consumer Discretionary,75.70500183105469
2022-05-10 13:30:00,XLY,Consumer Discretionary,75.4800033569336
2022-05-11 13:30:00,XLY,Consumer Discretionary,72.7750015258789
2022-05-12 13:30:00,XLY,Consumer Discretionary,73.2750015258789
2022-05-13 13:30:00,XLY,Consumer Discretionary,76.16000366210938
2022-05-16 13:30:00,XLY,Consumer Discretionary,74.51499938964844
2022-05-17 13:30:00,XLY,Consumer Discretionary,76.3949966430664
2022-05-18 13:30:00,XLY,Consumer Discretionary,71.4000015258789
2022-05-19 13:30:00,XLY,Consumer Discretionary,71.44999694824219
2022-05-20 13:30:00,XLY,Consumer Discretionary,70.20500183105469
2022-05-23 13:30:00,XLY,Consumer Discretionary,70.7300033569336
2022-05-24 13:30:00,XLY,Consumer Discretionary,68.91000366210938
2022-05-25 13:30:00,XLY,Consumer Discretionary,70.8550033569336
2022-05-26 13:30:00,XLY,Consumer Discretionary,74.33000183105469
2022-05-27 13:30:00,XLY,Consumer Discretionary,76.87999725341797
2022-05-31 13:30:00,XLY,Consumer Discretionary,77.2699966430664
2022-06-01 13:30:00,XLY,Consumer Discretionary,76.46499633789062
2022-06-02 13:30:00,XLY,Consumer Discretionary,78.80500030517578
2022-06-03 13:30:00,XLY,Consumer Discretionary,76.5
2022-06-06 13:30:00,XLY,Consumer Discretionary,77.26499938964844
2022-06-07 13:30:00,XLY,Consumer Discretionary,77.07499694824219
2022-06-08 13:30:00,XLY,Consumer Discretionary,76.62000274658203
2022-06-09 13:30:00,XLY,Consumer Discretionary,75.23500061035156
2022-06-10 13:30:00,XLY,Consumer Discretionary,72.23500061035156
2022-06-13 13:30:00,XLY,Consumer Discretionary,68.9000015258789
2022-06-14 13:30:00,XLY,Consumer Discretionary,68.84500122070312
2022-06-15 13:30:00,XLY,Consumer Discretionary,70.77999877929688
2022-06-16 13:30:00,XLY,Consumer Discretionary,67.31500244140625
2022-06-17 13:30:00,XLY,Consumer Discretionary,68.05000305175781
2022-06-21 13:30:00,XLY,Consumer Discretionary,69.83499908447266
2022-06-22 13:30:00,XLY,Consumer Discretionary,69.69999694824219
2022-06-23 13:30:00,XLY,Consumer Discretionary,70.79499816894531
2022-06-24 13:30:00,XLY,Consumer Discretionary,73.49500274658203
2022-06-27 13:30:00,XLY,Consumer Discretionary,72.7249984741211
2022-06-28 13:30:00,XLY,Consumer Discretionary,69.81999969482422
2022-06-29 13:30:00,XLY,Consumer Discretionary,69.76499938964844
2022-06-30 13:30:00,XLY,Consumer Discretionary,68.73999786376953
2022-07-01 13:30:00,XLY,Consumer Discretionary,70.00499725341797
2022-07-05 13:30:00,XLY,Consumer Discretionary,71.56999969482422
2022-07-06 13:30:00,XLY,Consumer Discretionary,71.33499908447266
2022-07-07 13:30:00,XLY,Consumer Discretionary,73.17500305175781
2022-07-08 13:30:00,XLY,Consumer Discretionary,73.18499755859375
2022-07-11 13:30:00,XLY,Consumer Discretionary,71.18000030517578
2022-07-12 13:30:00,XLY,Consumer Discretionary,70.75
2022-07-13 13:30:00,XLY,Consumer Discretionary,71.33000183105469
2022-07-14 13:30:00,XLY,Consumer Discretionary,71.2699966430664
2022-07-15 13:30:00,XLY,Consumer Discretionary,72.41999816894531
2022-07-18 13:30:00,XLY,Consumer Discretionary,72.62999725341797
2022-07-19 13:30:00,XLY,Consumer Discretionary,74.8550033569336
2022-07-20 13:30:00,XLY,Consumer Discretionary,76.08499908447266
2022-07-21 13:30:00,XLY,Consumer Discretionary,77.82499694824219
2022-07-22 13:30:00,XLY,Consumer Discretionary,77.375
2022-07-25 13:30:00,XLY,Consumer Discretionary,76.70999908447266
2022-07-26 13:30:00,XLY,Consumer Discretionary,74.23999786376953
2022-07-27 13:30:00,XLY,Consumer Discretionary,77.05000305175781
2022-07-28 13:30:00,XLY,Consumer Discretionary,78.375
2022-07-29 13:30:00,XLY,Consumer Discretionary,81.41500091552734
2022-08-01 13:30:00,XLY,Consumer Discretionary,81.81999969482422
2022-08-02 13:30:00,XLY,Consumer Discretionary,81.26000213623047
2022-08-03 13:30:00,XLY,Consumer Discretionary,83.23999786376953
2022-08-04 13:30:00,XLY,Consumer Discretionary,83.58000183105469
2022-08-05 13:30:00,XLY,Consumer Discretionary,82.15499877929688
2022-08-08 13:30:00,XLY,Consumer Discretionary,82.5250015258789
2022-08-09 13:30:00,XLY,Consumer Discretionary,81.20999908447266
2022-08-10 13:30:00,XLY,Consumer Discretionary,83.5
2022-08-11 13:30:00,XLY,Consumer Discretionary,83.07499694824219
2022-08-12 13:30:00,XLY,Consumer Discretionary,84.95500183105469
2022-08-15 13:30:00,XLY,Consumer Discretionary,85.54000091552734
2022-08-16 13:30:00,XLY,Consumer Discretionary,86.48500061035156
2022-08-17 13:30:00,XLY,Consumer Discretionary,85.55500030517578
2022-08-18 13:30:00,XLY,Consumer Discretionary,85.52999877929688
2022-08-19 13:30:00,XLY,Consumer Discretionary,83.76499938964844
2022-08-22 13:30:00,XLY,Consumer Discretionary,81.44000244140625
2022-08-23 13:30:00,XLY,Consumer Discretionary,81.66999816894531
2022-08-24 13:30:00,XLY,Consumer Discretionary,82.0199966430664
2022-08-25 13:30:00,XLY,Consumer Discretionary,83.0
2022-08-26 13:30:00,XLY,Consumer Discretionary,79.83999633789062
2022-08-29 13:30:00,XLY,Consumer Discretionary,79.41500091552734
2022-08-30 13:30:00,XLY,Consumer Discretionary,78.52999877929688
2022-08-31 13:30:00,XLY,Consumer Discretionary,77.75499725341797
2022-09-01 13:30:00,XLY,Consumer Discretionary,78.46499633789062
2022-09-02 13:30:00,XLY,Consumer Discretionary,77.74500274658203
2022-09-06 13:30:00,XLY,Consumer Discretionary,77.58499908447266
2022-09-07 13:30:00,XLY,Consumer Discretionary,79.96499633789062
2022-09-08 13:30:00,XLY,Consumer Discretionary,80.70999908447266
2022-09-09 13:30:00,XLY,Consumer Discretionary,82.23999786376953
2022-09-12 13:30:00,XLY,Consumer Discretionary,83.30000305175781
2022-09-13 13:30:00,XLY,Consumer Discretionary,79.00499725341797
2022-09-14 13:30:00,XLY,Consumer Discretionary,80.0199966430664
2022-09-15 13:30:00,XLY,Consumer Discretionary,79.61000061035156
2022-09-16 13:30:00,XLY,Consumer Discretionary,78.97000122070312
2022-09-19 13:30:00,XLY,Consumer Discretionary,79.91999816894531
2022-09-20 13:30:00,XLY,Consumer Discretionary,78.56500244140625
2022-09-21 13:30:00,XLY,Consumer Discretionary,76.70500183105469
2022-09-22 13:30:00,XLY,Consumer Discretionary,74.93499755859375
2022-09-23 13:30:00,XLY,Consumer Discretionary,73.20999908447266
2022-09-26 13:30:00,XLY,Consumer Discretionary,73.04499816894531
2022-09-27 13:30:00,XLY,Consumer Discretionary,73.2750015258789
2022-09-28 13:30:00,XLY,Consumer Discretionary,75.25499725341797
2022-09-29 13:30:00,XLY,Consumer Discretionary,72.65499877929688
2022-09-30 13:30:00,XLY,Consumer Discretionary,71.2249984741211
2022-10-03 13:30:00,XLY,Consumer Discretionary,71.29499816894531
2022-10-04 13:30:00,XLY,Consumer Discretionary,73.78500366210938
2022-10-05 13:30:00,XLY,Consumer Discretionary,73.3499984741211
2022-10-06 13:30:00,XLY,Consumer Discretionary,72.83000183105469
2022-10-07 13:30:00,XLY,Consumer Discretionary,70.32499694824219
2022-10-10 13:30:00,XLY,Consumer Discretionary,69.88999938964844
2022-10-11 13:30:00,XLY,Consumer Discretionary,69.31999969482422
2022-10-12 13:30:00,XLY,Consumer Discretionary,69.5
2022-10-13 13:30:00,XLY,Consumer Discretionary,70.26000213623047
2022-10-14 13:30:00,XLY,Consumer Discretionary,67.63500213623047
2022-10-17 13:30:00,XLY,Consumer Discretionary,70.37999725341797
2022-10-18 13:30:00,XLY,Consumer Discretionary,71.3499984741211
2022-10-19 13:30:00,XLY,Consumer Discretionary,70.55000305175781
2022-10-20 13:30:00,XLY,Consumer Discretionary,69.18499755859375
2022-10-21 13:30:00,XLY,Consumer Discretionary,71.19999694824219
2022-10-24 13:30:00,XLY,Consumer Discretionary,71.49500274658203
2022-10-25 13:30:00,XLY,Consumer Discretionary,73.28500366210938
2022-10-26 13:30:00,XLY,Consumer Discretionary,72.69499969482422
2022-10-27 13:30:00,XLY,Consumer Discretionary,72.41500091552734
2022-10-28 13:30:00,XLY,Consumer Discretionary,72.4800033569336
2022-10-31 13:30:00,XLY,Consumer Discretionary,72.01499938964844
2022-11-01 13:30:00,XLY,Consumer Discretionary,71.28500366210938
2022-11-02 13:30:00,XLY,Consumer Discretionary,68.58999633789062
2022-11-03 13:30:00,XLY,Consumer Discretionary,68.18000030517578
2022-11-04 13:30:00,XLY,Consumer Discretionary,68.75
2022-11-07 14:30:00,XLY,Consumer Discretionary,68.2699966430664
2022-11-08 14:30:00,XLY,Consumer Discretionary,68.0999984741211
2022-11-09 14:30:00,XLY,Consumer Discretionary,66.0199966430664
2022-11-10 14:30:00,XLY,Consumer Discretionary,70.84500122070312
2022-11-11 14:30:00,XLY,Consumer Discretionary,72.54499816894531
2022-11-14 14:30:00,XLY,Consumer Discretionary,71.3949966430664
2022-11-15 14:30:00,XLY,Consumer Discretionary,72.37000274658203
2022-11-16 14:30:00,XLY,Consumer Discretionary,71.26499938964844
2022-11-17 14:30:00,XLY,Consumer Discretionary,70.4000015258789
2022-11-18 14:30:00,XLY,Consumer Discretionary,70.49500274658203
2022-11-21 14:30:00,XLY,Consumer Discretionary,69.4749984741211
2022-11-22 14:30:00,XLY,Consumer Discretionary,70.26000213623047
2022-11-23 14:30:00,XLY,Consumer Discretionary,71.2750015258789
2022-11-25 14:30:00,XLY,Consumer Discretionary,71.31500244140625
2022-11-28 14:30:00,XLY,Consumer Discretionary,70.875
2022-11-29 14:30:00,XLY,Consumer Discretionary,70.6500015258789
2022-11-30 14:30:00,XLY,Consumer Discretionary,73.08499908447266
2022-12-01 14:30:00,XLY,Consumer Discretionary,73.07499694824219
2022-12-02 14:30:00,XLY,Consumer Discretionary,72.9800033569336
2022-12-05 14:30:00,XLY,Consumer Discretionary,70.875
2022-12-06 14:30:00,XLY,Consumer Discretionary,69.7699966430664
2022-12-07 14:30:00,XLY,Consumer Discretionary,69.3499984741211
2022-12-08 14:30:00,XLY,Consumer Discretionary,70.0199966430664
2022-12-09 14:30:00,XLY,Consumer Discretionary,69.71499633789062
2022-12-12 14:30:00,XLY,Consumer Discretionary,69.88999938964844
2022-12-13 14:30:00,XLY,Consumer Discretionary,69.88999938964844
2022-12-14 14:30:00,XLY,Consumer Discretionary,69.37000274658203
2022-12-15 14:30:00,XLY,Consumer Discretionary,68.2300033569336
2022-12-16 14:30:00,XLY,Consumer Discretionary,66.95500183105469
2022-12-19 14:30:00,XLY,Consumer Discretionary,65.69999694824219
2022-12-20 14:30:00,XLY,Consumer Discretionary,64.93499755859375
2022-12-21 14:30:00,XLY,Consumer Discretionary,65.97000122070312
2022-12-22 14:30:00,XLY,Consumer Discretionary,64.2750015258789
2022-12-23 14:30:00,XLY,Consumer Discretionary,64.71499633789062
2022-12-27 14:30:00,XLY,Consumer Discretionary,63.665000915527344
2022-12-28 14:30:00,XLY,Consumer Discretionary,63.130001068115234
2022-12-29 14:30:00,XLY,Consumer Discretionary,64.75499725341797
2022-12-30 14:30:00,XLY,Consumer Discretionary,64.58000183105469
2023-01-03 14:30:00,XLY,Consumer Discretionary,64.19499969482422
2023-01-04 14:30:00,XLY,Consumer Discretionary,65.125
2023-01-05 14:30:00,XLY,Consumer Discretionary,64.5199966430664
2023-01-06 14:30:00,XLY,Consumer Discretionary,66.03500366210938
2023-01-09 14:30:00,XLY,Consumer Discretionary,66.43499755859375
2023-01-10 14:30:00,XLY,Consumer Discretionary,67.2699966430664
2023-01-11 14:30:00,XLY,Consumer Discretionary,69.08499908447266
2023-01-12 14:30:00,XLY,Consumer Discretionary,69.19999694824219
2023-01-13 14:30:00,XLY,Consumer Discretionary,69.8499984741211
2023-01-17 14:30:00,XLY,Consumer Discretionary,69.9000015258789
2023-01-18 14:30:00,XLY,Consumer Discretionary,68.98999786376953
2023-01-19 14:30:00,XLY,Consumer Discretionary,67.84500122070312
2023-01-20 14:30:00,XLY,Consumer Discretionary,69.48999786376953
2023-01-23 14:30:00,XLY,Consumer Discretionary,70.57499694824219
2023-01-24 14:30:00,XLY,Consumer Discretionary,70.49500274658203
2023-01-25 14:30:00,XLY,Consumer Discretionary,70.8550033569336
2023-01-26 14:30:00,XLY,Consumer Discretionary,72.30500030517578
2023-01-27 14:30:00,XLY,Consumer Discretionary,73.94499969482422
2023-01-30 14:30:00,XLY,Consumer Discretionary,72.68499755859375
2023-01-31 14:30:00,XLY,Consumer Discretionary,74.3499984741211
2023-02-01 14:30:00,XLY,Consumer Discretionary,75.76000213623047
2023-02-02 14:30:00,XLY,Consumer Discretionary,78.08000183105469
2023-02-03 14:30:00,XLY,Consumer Discretionary,75.67500305175781
2023-02-06 14:30:00,XLY,Consumer Discretionary,75.56500244140625
2023-02-07 14:30:00,XLY,Consumer Discretionary,75.73999786376953
2023-02-08 14:30:00,XLY,Consumer Discretionary,75.09500122070312
2023-02-09 14:30:00,XLY,Consumer Discretionary,74.95500183105469
2023-02-10 14:30:00,XLY,Consumer Discretionary,74.07499694824219
2023-02-13 14:30:00,XLY,Consumer Discretionary,75.16000366210938
2023-02-14 14:30:00,XLY,Consumer Discretionary,76.05999755859375
2023-02-15 14:30:00,XLY,Consumer Discretionary,76.94999694824219
2023-02-16 14:30:00,XLY,Consumer Discretionary,75.2699966430664
2023-02-17 14:30:00,XLY,Consumer Discretionary,75.28500366210938
2023-02-21 14:30:00,XLY,Consumer Discretionary,72.7699966430664
2023-02-22 14:30:00,XLY,Consumer Discretionary,73.13999938964844
2023-02-23 14:30:00,XLY,Consumer Discretionary,73.08000183105469
2023-02-24 14:30:00,XLY,Consumer Discretionary,71.93000030517578
2023-02-27 14:30:00,XLY,Consumer Discretionary,72.81999969482422
2023-02-28 14:30:00,XLY,Consumer Discretionary,72.7699966430664
2023-03-01 14:30:00,XLY,Consumer Discretionary,71.8550033569336
2023-03-02 14:30:00,XLY,Consumer Discretionary,71.61499786376953
2023-03-03 14:30:00,XLY,Consumer Discretionary,73.15499877929688
2023-03-06 14:30:00,XLY,Consumer Discretionary,72.62000274658203
2023-03-07 14:30:00,XLY,Consumer Discretionary,71.62999725341797
2023-03-08 14:30:00,XLY,Consumer Discretionary,71.5
2023-03-09 14:30:00,XLY,Consumer Discretionary,69.79499816894531
2023-03-10 14:30:00,XLY,Consumer Discretionary,69.0999984741211
2023-03-13 13:30:00,XLY,Consumer Discretionary,69.24500274658203
2023-03-14 13:30:00,XLY,Consumer Discretionary,70.41999816894531
2023-03-15 13:30:00,XLY,Consumer Discretionary,70.31500244140625
2023-03-16 13:30:00,XLY,Consumer Discretionary,71.58499908447266
2023-03-17 13:30:00,XLY,Consumer Discretionary,70.66999816894531
2023-03-20 13:30:00,XLY,Consumer Discretionary,70.76000213623047
2023-03-21 13:30:00,XLY,Consumer Discretionary,72.71499633789062
2023-03-22 13:30:00,XLY,Consumer Discretionary,71.09500122070312
2023-03-23 13:30:00,XLY,Consumer Discretionary,71.0199966430664
2023-03-24 13:30:00,XLY,Consumer Discretionary,70.79000091552734
2023-03-27 13:30:00,XLY,Consumer Discretionary,70.93499755859375
2023-03-28 13:30:00,XLY,Consumer Discretionary,70.8499984741211
2023-03-29 13:30:00,XLY,Consumer Discretionary,72.19499969482422
2023-03-30 13:30:00,XLY,Consumer Discretionary,72.82499694824219
2023-03-31 13:30:00,XLY,Consumer Discretionary,74.7699966430664
2023-04-03 13:30:00,XLY,Consumer Discretionary,74.08499908447266
2023-04-04 13:30:00,XLY,Consumer Discretionary,73.96499633789062
2023-04-05 13:30:00,XLY,Consumer Discretionary,72.44999694824219
2023-04-06 13:30:00,XLY,Consumer Discretionary,72.46499633789062
2023-04-10 13:30:00,XLY,Consumer Discretionary,72.78500366210938
2023-04-11 13:30:00,XLY,Consumer Discretionary,72.9000015258789
2023-04-12 13:30:00,XLY,Consumer Discretionary,71.7699966430664
2023-04-13 13:30:00,XLY,Consumer Discretionary,73.3550033569336
2023-04-14 13:30:00,XLY,Consumer Discretionary,73.44999694824219
2023-04-17 13:30:00,XLY,Consumer Discretionary,73.97000122070312
2023-04-18 13:30:00,XLY,Consumer Discretionary,74.08999633789062
2023-04-19 13:30:00,XLY,Consumer Discretionary,74.0199966430664
2023-04-20 13:30:00,XLY,Consumer Discretionary,72.87999725341797
2023-04-21 13:30:00,XLY,Consumer Discretionary,73.68499755859375
2023-04-24 13:30:00,XLY,Consumer Discretionary,73.67500305175781
2023-04-25 13:30:00,XLY,Consumer Discretionary,72.21499633789062
2023-04-26 13:30:00,XLY,Consumer Discretionary,71.84500122070312
2023-04-27 13:30:00,XLY,Consumer Discretionary,73.73999786376953
2023-04-28 13:30:00,XLY,Consumer Discretionary,73.93000030517578
2023-05-01 13:30:00,XLY,Consumer Discretionary,73.19999694824219
2023-05-02 13:30:00,XLY,Consumer Discretionary,73.2750015258789
2023-05-03 13:30:00,XLY,Consumer Discretionary,72.69499969482422
2023-05-04 13:30:00,XLY,Consumer Discretionary,72.13500213623047
2023-05-05 13:30:00,XLY,Consumer Discretionary,73.59500122070312
2023-05-08 13:30:00,XLY,Consumer Discretionary,73.84500122070312
2023-05-09 13:30:00,XLY,Consumer Discretionary,73.82499694824219
2023-05-10 13:30:00,XLY,Consumer Discretionary,74.19999694824219
2023-05-11 13:30:00,XLY,Consumer Discretionary,74.54499816894531
2023-05-12 13:30:00,XLY,Consumer Discretionary,73.91500091552734
2023-05-15 13:30:00,XLY,Consumer Discretionary,74.01000213623047
2023-05-16 13:30:00,XLY,Consumer Discretionary,73.70999908447266
2023-05-17 13:30:00,XLY,Consumer Discretionary,75.24500274658203
2023-05-18 13:30:00,XLY,Consumer Discretionary,76.41500091552734
2023-05-19 13:30:00,XLY,Consumer Discretionary,75.7750015258789
2023-05-22 13:30:00,XLY,Consumer Discretionary,75.54000091552734
2023-05-23 13:30:00,XLY,Consumer Discretionary,74.8499984741211
2023-05-24 13:30:00,XLY,Consumer Discretionary,74.57499694824219
2023-05-25 13:30:00,XLY,Consumer Discretionary,74.23999786376953
2023-05-26 13:30:00,XLY,Consumer Discretionary,75.98500061035156
2023-05-30 13:30:00,XLY,Consumer Discretionary,76.49500274658203
2023-05-31 13:30:00,XLY,Consumer Discretionary,75.80500030517578
2023-06-01 13:30:00,XLY,Consumer Discretionary,76.69999694824219
2023-06-02 13:30:00,XLY,Consumer Discretionary,78.5
2023-06-05 13:30:00,XLY,Consumer Discretionary,78.73500061035156
2023-06-06 13:30:00,XLY,Consumer Discretionary,79.55500030517578
2023-06-07 13:30:00,XLY,Consumer Discretionary,79.01499938964844
2023-06-08 13:30:00,XLY,Consumer Discretionary,80.18499755859375
2023-06-09 13:30:00,XLY,Consumer Discretionary,80.5999984741211
2023-06-12 13:30:00,XLY,Consumer Discretionary,81.98500061035156
2023-06-13 13:30:00,XLY,Consumer Discretionary,82.83499908447266
2023-06-14 13:30:00,XLY,Consumer Discretionary,82.7750015258789
2023-06-15 13:30:00,XLY,Consumer Discretionary,83.31500244140625
2023-06-16 13:30:00,XLY,Consumer Discretionary,83.19000244140625
2023-06-20 13:30:00,XLY,Consumer Discretionary,83.6449966430664
2023-06-21 13:30:00,XLY,Consumer Discretionary,82.63999938964844
2023-06-22 13:30:00,XLY,Consumer Discretionary,83.69499969482422
2023-06-23 13:30:00,XLY,Consumer Discretionary,82.7249984741211
2023-06-26 13:30:00,XLY,Consumer Discretionary,81.66500091552734
2023-06-27 13:30:00,XLY,Consumer Discretionary,83.41999816894531
2023-06-28 13:30:00,XLY,Consumer Discretionary,83.75
2023-06-29 13:30:00,XLY,Consumer Discretionary,83.83999633789062
2023-06-30 13:30:00,XLY,Consumer Discretionary,84.90499877929688
2023-07-03 13:30:00,XLY,Consumer Discretionary,85.93000030517578
2023-07-05 13:30:00,XLY,Consumer Discretionary,85.96499633789062
2023-07-06 13:30:00,XLY,Consumer Discretionary,84.58000183105469
2023-07-07 13:30:00,XLY,Consumer Discretionary,84.68499755859375
2023-07-10 13:30:00,XLY,Consumer Discretionary,84.94499969482422
2023-07-11 13:30:00,XLY,Consumer Discretionary,85.65499877929688
2023-07-12 13:30:00,XLY,Consumer Discretionary,86.42500305175781
2023-07-13 13:30:00,XLY,Consumer Discretionary,87.23500061035156
2023-07-14 13:30:00,XLY,Consumer Discretionary,87.45999908447266
2023-07-17 13:30:00,XLY,Consumer Discretionary,87.81500244140625
2023-07-18 13:30:00,XLY,Consumer Discretionary,88.17500305175781
2023-07-19 13:30:00,XLY,Consumer Discretionary,88.48500061035156
2023-07-20 13:30:00,XLY,Consumer Discretionary,85.47000122070312
2023-07-21 13:30:00,XLY,Consumer Discretionary,85.48999786376953
2023-07-24 13:30:00,XLY,Consumer Discretionary,86.05000305175781
2023-07-25 13:30:00,XLY,Consumer Discretionary,85.8499984741211
2023-07-26 13:30:00,XLY,Consumer Discretionary,85.83000183105469
2023-07-27 13:30:00,XLY,Consumer Discretionary,84.94000244140625
2023-07-28 13:30:00,XLY,Consumer Discretionary,86.37999725341797
2023-07-31 13:30:00,XLY,Consumer Discretionary,86.87000274658203
2023-08-01 13:30:00,XLY,Consumer Discretionary,85.88500213623047
2023-08-02 13:30:00,XLY,Consumer Discretionary,84.34500122070312
2023-08-03 13:30:00,XLY,Consumer Discretionary,84.54499816894531
2023-08-04 13:30:00,XLY,Consumer Discretionary,85.7750015258789
2023-08-07 13:30:00,XLY,Consumer Discretionary,86.65499877929688
2023-08-08 13:30:00,XLY,Consumer Discretionary,85.96499633789062
2023-08-09 13:30:00,XLY,Consumer Discretionary,84.94499969482422
2023-08-10 13:30:00,XLY,Consumer Discretionary,85.1500015258789
2023-08-11 13:30:00,XLY,Consumer Discretionary,84.86000061035156
2023-08-14 13:30:00,XLY,Consumer Discretionary,85.12000274658203
2023-08-15 13:30:00,XLY,Consumer Discretionary,83.95999908447266
2023-08-16 13:30:00,XLY,Consumer Discretionary,82.91999816894531
2023-08-17 13:30:00,XLY,Consumer Discretionary,81.51499938964844
2023-08-18 13:30:00,XLY,Consumer Discretionary,81.33000183105469
2023-08-21 13:30:00,XLY,Consumer Discretionary,82.26499938964844
2023-08-22 13:30:00,XLY,Consumer Discretionary,82.38500213623047
2023-08-23 13:30:00,XLY,Consumer Discretionary,83.04499816894531
2023-08-24 13:30:00,XLY,Consumer Discretionary,81.41999816894531
2023-08-25 13:30:00,XLY,Consumer Discretionary,82.33000183105469
2023-08-28 13:30:00,XLY,Consumer Discretionary,82.66000366210938
2023-08-29 13:30:00,XLY,Consumer Discretionary,84.7249984741211
2023-08-30 13:30:00,XLY,Consumer Discretionary,85.08999633789062
2023-08-31 13:30:00,XLY,Consumer Discretionary,85.3550033569336
2023-09-01 13:30:00,XLY,Consumer Discretionary,84.83499908447266
2023-09-05 13:30:00,XLY,Consumer Discretionary,84.8949966430664
2023-09-06 13:30:00,XLY,Consumer Discretionary,84.13999938964844
2023-09-07 13:30:00,XLY,Consumer Discretionary,84.375
2023-09-08 13:30:00,XLY,Consumer Discretionary,84.375
2023-09-11 13:30:00,XLY,Consumer Discretionary,86.6449966430664
2023-09-12 13:30:00,XLY,Consumer Discretionary,85.86000061035156
2023-09-13 13:30:00,XLY,Consumer Discretionary,86.54000091552734
2023-09-14 13:30:00,XLY,Consumer Discretionary,87.38999938964844
2023-09-15 13:30:00,XLY,Consumer Discretionary,85.8949966430664
2023-09-18 13:30:00,XLY,Consumer Discretionary,84.80999755859375
2023-09-19 13:30:00,XLY,Consumer Discretionary,84.38500213623047
2023-09-20 13:30:00,XLY,Consumer Discretionary,83.54499816894531
2023-09-21 13:30:00,XLY,Consumer Discretionary,81.26499938964844
2023-09-22 13:30:00,XLY,Consumer Discretionary,80.46499633789062
2023-09-25 13:30:00,XLY,Consumer Discretionary,80.95999908447266
2023-09-26 13:30:00,XLY,Consumer Discretionary,79.48500061035156
2023-09-27 13:30:00,XLY,Consumer Discretionary,79.18000030517578
2023-09-28 13:30:00,XLY,Consumer Discretionary,80.06500244140625
2023-09-29 13:30:00,XLY,Consumer Discretionary,80.48999786376953
2023-10-02 13:30:00,XLY,Consumer Discretionary,80.55500030517578
2023-10-03 13:30:00,XLY,Consumer Discretionary,78.59500122070312
2023-10-04 13:30:00,XLY,Consumer Discretionary,80.1449966430664
2023-10-05 13:30:00,XLY,Consumer Discretionary,79.74500274658203
2023-10-06 13:30:00,XLY,Consumer Discretionary,80.30500030517578
2023-10-09 13:30:00,XLY,Consumer Discretionary,80.38999938964844
2023-10-10 13:30:00,XLY,Consumer Discretionary,81.2699966430664
2023-10-11 13:30:00,XLY,Consumer Discretionary,81.55999755859375
2023-10-12 13:30:00,XLY,Consumer Discretionary,80.66999816894531
2023-10-13 13:30:00,XLY,Consumer Discretionary,79.48500061035156
2023-10-16 13:30:00,XLY,Consumer Discretionary,80.7699966430664
2023-10-17 13:30:00,XLY,Consumer Discretionary,80.95999908447266
2023-10-18 13:30:00,XLY,Consumer Discretionary,79.05999755859375
2023-10-19 13:30:00,XLY,Consumer Discretionary,77.04000091552734
2023-10-20 13:30:00,XLY,Consumer Discretionary,75.84500122070312
2023-10-23 13:30:00,XLY,Consumer Discretionary,75.93499755859375
2023-10-24 13:30:00,XLY,Consumer Discretionary,76.74500274658203
2023-10-25 13:30:00,XLY,Consumer Discretionary,75.19499969482422
2023-10-26 13:30:00,XLY,Consumer Discretionary,74.0199966430664
2023-10-27 13:30:00,XLY,Consumer Discretionary,74.79499816894531
2023-10-30 13:30:00,XLY,Consumer Discretionary,75.4800033569336
2023-10-31 13:30:00,XLY,Consumer Discretionary,76.05000305175781
2023-11-01 13:30:00,XLY,Consumer Discretionary,76.98999786376953
2023-11-02 13:30:00,XLY,Consumer Discretionary,79.0
2023-11-03 13:30:00,XLY,Consumer Discretionary,80.11000061035156
2023-11-06 14:30:00,XLY,Consumer Discretionary,80.20999908447266
2023-11-07 14:30:00,XLY,Consumer Discretionary,81.1050033569336
2023-11-08 14:30:00,XLY,Consumer Discretionary,80.88999938964844
2023-11-09 14:30:00,XLY,Consumer Discretionary,79.37999725341797
2023-11-10 14:30:00,XLY,Consumer Discretionary,80.69999694824219
2023-11-13 14:30:00,XLY,Consumer Discretionary,81.04499816894531
2023-11-14 14:30:00,XLY,Consumer Discretionary,83.7750015258789
2023-11-15 14:30:00,XLY,Consumer Discretionary,83.875
2023-11-16 14:30:00,XLY,Consumer Discretionary,83.01499938964844
2023-11-17 14:30:00,XLY,Consumer Discretionary,83.56999969482422
2023-11-20 14:30:00,XLY,Consumer Discretionary,84.0
2023-11-21 14:30:00,XLY,Consumer Discretionary,83.78500366210938
2023-11-22 14:30:00,XLY,Consumer Discretionary,84.04000091552734
2023-11-24 14:30:00,XLY,Consumer Discretionary,84.12000274658203
2023-11-27 14:30:00,XLY,Consumer Discretionary,84.25499725341797
2023-11-28 14:30:00,XLY,Consumer Discretionary,84.73999786376953
2023-11-29 14:30:00,XLY,Consumer Discretionary,84.51000213623047
2023-11-30 14:30:00,XLY,Consumer Discretionary,84.38999938964844
2023-12-01 14:30:00,XLY,Consumer Discretionary,85.54499816894531
2023-12-04 14:30:00,XLY,Consumer Discretionary,85.22000122070312
2023-12-05 14:30:00,XLY,Consumer Discretionary,85.37000274658203
2023-12-06 14:30:00,XLY,Consumer Discretionary,85.49500274658203
2023-12-07 14:30:00,XLY,Consumer Discretionary,86.19999694824219
2023-12-08 14:30:00,XLY,Consumer Discretionary,86.59500122070312
2023-12-11 14:30:00,XLY,Consumer Discretionary,86.82499694824219
2023-12-12 14:30:00,XLY,Consumer Discretionary,87.09500122070312
2023-12-13 14:30:00,XLY,Consumer Discretionary,88.23500061035156
2023-12-14 14:30:00,XLY,Consumer Discretionary,89.41999816894531
2023-12-15 14:30:00,XLY,Consumer Discretionary,89.6050033569336
2023-12-18 14:30:00,XLY,Consumer Discretionary,90.0
2023-12-19 14:30:00,XLY,Consumer Discretionary,90.70500183105469
2023-12-20 14:30:00,XLY,Consumer Discretionary,89.05000305175781
2023-12-21 14:30:00,XLY,Consumer Discretionary,90.40499877929688
2023-12-22 14:30:00,XLY,Consumer Discretionary,89.73999786376953
2023-12-26 14:30:00,XLY,Consumer Discretionary,90.12000274658203
2023-12-27 14:30:00,XLY,Consumer Discretionary,90.43000030517578
2023-12-28 14:30:00,XLY,Consumer Discretionary,89.95999908447266
2023-12-29 14:30:00,XLY,Consumer Discretionary,89.40499877929688
2024-01-02 14:30:00,XLY,Consumer Discretionary,88.57499694824219
2024-01-03 14:30:00,XLY,Consumer Discretionary,86.78500366210938
2024-01-04 14:30:00,XLY,Consumer Discretionary,86.17500305175781
2024-01-05 14:30:00,XLY,Consumer Discretionary,86.30999755859375
2024-01-08 14:30:00,XLY,Consumer Discretionary,87.77999877929688
2024-01-09 14:30:00,XLY,Consumer Discretionary,87.45500183105469
2024-01-10 14:30:00,XLY,Consumer Discretionary,88.15499877929688
2024-01-11 14:30:00,XLY,Consumer Discretionary,88.04000091552734
2024-01-12 14:30:00,XLY,Consumer Discretionary,86.9800033569336
2024-01-16 14:30:00,XLY,Consumer Discretionary,86.87999725341797
2024-01-17 14:30:00,XLY,Consumer Discretionary,86.12000274658203
2024-01-18 14:30:00,XLY,Consumer Discretionary,86.61000061035156
2024-01-19 14:30:00,XLY,Consumer Discretionary,87.44499969482422
2024-01-22 14:30:00,XLY,Consumer Discretionary,87.05999755859375
2024-01-23 14:30:00,XLY,Consumer Discretionary,86.8499984741211
2024-01-24 14:30:00,XLY,Consumer Discretionary,86.5199966430664
2024-01-25 14:30:00,XLY,Consumer Discretionary,85.44999694824219
2024-01-26 14:30:00,XLY,Consumer Discretionary,85.83999633789062
2024-01-29 14:30:00,XLY,Consumer Discretionary,87.09500122070312
2024-01-30 14:30:00,XLY,Consumer Discretionary,87.04499816894531
2024-01-31 14:30:00,XLY,Consumer Discretionary,85.45999908447266
2024-02-01 14:30:00,XLY,Consumer Discretionary,87.1050033569336
2024-02-02 14:30:00,XLY,Consumer Discretionary,88.66000366210938
2024-02-05 14:30:00,XLY,Consumer Discretionary,87.41000366210938
2024-02-06 14:30:00,XLY,Consumer Discretionary,87.94000244140625
2024-02-07 14:30:00,XLY,Consumer Discretionary,88.92500305175781
2024-02-08 14:30:00,XLY,Consumer Discretionary,89.31500244140625
2024-02-09 14:30:00,XLY,Consumer Discretionary,89.94999694824219
2024-02-12 14:30:00,XLY,Consumer Discretionary,89.875
2024-02-13 14:30:00,XLY,Consumer Discretionary,88.08499908447266
2024-02-14 14:30:00,XLY,Consumer Discretionary,89.01499938964844
2024-02-15 14:30:00,XLY,Consumer Discretionary,90.04499816894531
2024-02-16 14:30:00,XLY,Consumer Discretionary,89.51000213623047
2024-02-20 14:30:00,XLY,Consumer Discretionary,88.66500091552734
2024-02-21 14:30:00,XLY,Consumer Discretionary,89.31999969482422
2024-02-22 14:30:00,XLY,Consumer Discretionary,91.05500030517578
2024-02-23 14:30:00,XLY,Consumer Discretionary,90.6449966430664
2024-02-26 14:30:00,XLY,Consumer Discretionary,90.92500305175781
2024-02-27 14:30:00,XLY,Consumer Discretionary,91.2249984741211
2024-02-28 14:30:00,XLY,Consumer Discretionary,91.58499908447266
2024-02-29 14:30:00,XLY,Consumer Discretionary,92.20500183105469
2024-03-01 14:30:00,XLY,Consumer Discretionary,92.51000213623047
2024-03-04 14:30:00,XLY,Consumer Discretionary,91.26000213623047
2024-03-05 14:30:00,XLY,Consumer Discretionary,90.125
2024-03-06 14:30:00,XLY,Consumer Discretionary,89.80500030517578
2024-03-07 14:30:00,XLY,Consumer Discretionary,90.48999786376953
2024-03-08 14:30:00,XLY,Consumer Discretionary,90.15499877929688
2024-03-11 13:30:00,XLY,Consumer Discretionary,89.91000366210938
2024-03-12 13:30:00,XLY,Consumer Discretionary,90.68499755859375
2024-03-13 13:30:00,XLY,Consumer Discretionary,90.49500274658203
2024-03-14 13:30:00,XLY,Consumer Discretionary,89.91999816894531
2024-03-15 13:30:00,XLY,Consumer Discretionary,89.0250015258789
2024-03-18 13:30:00,XLY,Consumer Discretionary,89.51000213623047
2024-03-19 13:30:00,XLY,Consumer Discretionary,90.28500366210938
2024-03-20 13:30:00,XLY,Consumer Discretionary,91.62999725341797
2024-03-21 13:30:00,XLY,Consumer Discretionary,92.16500091552734
2024-03-22 13:30:00,XLY,Consumer Discretionary,91.36000061035156
2024-03-25 13:30:00,XLY,Consumer Discretionary,91.05999755859375
2024-03-26 13:30:00,XLY,Consumer Discretionary,91.17500305175781
2024-03-27 13:30:00,XLY,Consumer Discretionary,92.2300033569336
2024-03-28 13:30:00,XLY,Consumer Discretionary,91.94499969482422
2024-04-01 13:30:00,XLY,Consumer Discretionary,91.26000213623047
2024-04-02 13:30:00,XLY,Consumer Discretionary,89.91500091552734
2024-04-03 13:30:00,XLY,Consumer Discretionary,89.9800033569336
2024-04-04 13:30:00,XLY,Consumer Discretionary,88.92500305175781
2024-04-05 13:30:00,XLY,Consumer Discretionary,89.41999816894531
2024-04-08 13:30:00,XLY,Consumer Discretionary,90.2699966430664
2024-04-09 13:30:00,XLY,Consumer Discretionary,90.69499969482422
2024-04-10 13:30:00,XLY,Consumer Discretionary,89.29499816894531
2024-04-11 13:30:00,XLY,Consumer Discretionary,90.01499938964844
2024-04-12 13:30:00,XLY,Consumer Discretionary,88.55500030517578
2024-04-15 13:30:00,XLY,Consumer Discretionary,87.08000183105469
2024-04-16 13:30:00,XLY,Consumer Discretionary,86.58499908447266
2024-04-17 13:30:00,XLY,Consumer Discretionary,86.16500091552734
2024-04-18 13:30:00,XLY,Consumer Discretionary,85.62999725341797
2024-04-19 13:30:00,XLY,Consumer Discretionary,84.87999725341797
2024-04-22 13:30:00,XLY,Consumer Discretionary,85.25499725341797
2024-04-23 13:30:00,XLY,Consumer Discretionary,86.2699966430664
2024-04-24 13:30:00,XLY,Consumer Discretionary,87.09500122070312
2024-04-25 13:30:00,XLY,Consumer Discretionary,87.16999816894531
2024-04-26 13:30:00,XLY,Consumer Discretionary,87.95500183105469
2024-04-29 13:30:00,XLY,Consumer Discretionary,90.0
2024-04-30 13:30:00,XLY,Consumer Discretionary,87.80999755859375
2024-05-01 13:30:00,XLY,Consumer Discretionary,87.26000213623047
2024-05-02 13:30:00,XLY,Consumer Discretionary,88.36000061035156
2024-05-03 13:30:00,XLY,Consumer Discretionary,88.95500183105469
2024-05-06 13:30:00,XLY,Consumer Discretionary,89.90499877929688
2024-05-07 13:30:00,XLY,Consumer Discretionary,89.26000213623047
2024-05-08 13:30:00,XLY,Consumer Discretionary,88.92500305175781
2024-05-09 13:30:00,XLY,Consumer Discretionary,89.52999877929688
2024-05-10 13:30:00,XLY,Consumer Discretionary,89.05000305175781
2024-05-13 13:30:00,XLY,Consumer Discretionary,88.93499755859375
2024-05-14 13:30:00,XLY,Consumer Discretionary,89.33999633789062
2024-05-15 13:30:00,XLY,Consumer Discretionary,89.4749984741211
2024-05-16 13:30:00,XLY,Consumer Discretionary,88.8949966430664
2024-05-17 13:30:00,XLY,Consumer Discretionary,89.3499984741211
2024-05-20 13:30:00,XLY,Consumer Discretionary,88.68499755859375
2024-05-21 13:30:00,XLY,Consumer Discretionary,89.25499725341797
2024-05-22 13:30:00,XLY,Consumer Discretionary,88.32499694824219
2024-05-23 13:30:00,XLY,Consumer Discretionary,86.8949966430664
2024-05-24 13:30:00,XLY,Consumer Discretionary,87.7699966430664
2024-05-28 13:30:00,XLY,Consumer Discretionary,87.55500030517578
2024-05-29 13:30:00,XLY,Consumer Discretionary,86.9800033569336
2024-05-30 13:30:00,XLY,Consumer Discretionary,87.49500274658203
2024-05-31 13:30:00,XLY,Consumer Discretionary,87.98500061035156
2024-06-03 13:30:00,XLY,Consumer Discretionary,87.94499969482422
2024-06-04 13:30:00,XLY,Consumer Discretionary,88.03500366210938
2024-06-05 13:30:00,XLY,Consumer Discretionary,88.55000305175781
2024-06-06 13:30:00,XLY,Consumer Discretionary,89.19499969482422
2024-06-07 13:30:00,XLY,Consumer Discretionary,88.83000183105469
2024-06-10 13:30:00,XLY,Consumer Discretionary,89.11499786376953
2024-06-11 13:30:00,XLY,Consumer Discretionary,88.87999725341797
2024-06-12 13:30:00,XLY,Consumer Discretionary,89.80500030517578
2024-06-13 13:30:00,XLY,Consumer Discretionary,89.875
2024-06-14 13:30:00,XLY,Consumer Discretionary,89.16500091552734
2024-06-17 13:30:00,XLY,Consumer Discretionary,90.7300033569336
2024-06-18 13:30:00,XLY,Consumer Discretionary,90.42500305175781
2024-06-20 13:30:00,XLY,Consumer Discretionary,90.54000091552734
2024-06-21 13:30:00,XLY,Consumer Discretionary,91.30500030517578
2024-06-24 13:30:00,XLY,Consumer Discretionary,90.72000122070312
2024-06-25 13:30:00,XLY,Consumer Discretionary,90.3550033569336
2024-06-26 13:30:00,XLY,Consumer Discretionary,91.66500091552734
2024-06-27 13:30:00,XLY,Consumer Discretionary,92.2249984741211
2024-06-28 13:30:00,XLY,Consumer Discretionary,91.19999694824219
2024-07-01 13:30:00,XLY,Consumer Discretionary,91.51000213623047
2024-07-02 13:30:00,XLY,Consumer Discretionary,93.29000091552734
2024-07-03 13:30:00,XLY,Consumer Discretionary,93.88500213623047
2024-07-05 13:30:00,XLY,Consumer Discretionary,94.6500015258789
2024-07-08 13:30:00,XLY,Consumer Discretionary,94.69499969482422
2024-07-09 13:30:00,XLY,Consumer Discretionary,95.01000213623047
2024-07-10 13:30:00,XLY,Consumer Discretionary,95.7249984741211
2024-07-11 13:30:00,XLY,Consumer Discretionary,94.51000213623047
2024-07-12 13:30:00,XLY,Consumer Discretionary,95.74500274658203
2024-07-15 13:30:00,XLY,Consumer Discretionary,95.63500213623047
2024-07-16 13:30:00,XLY,Consumer Discretionary,97.3499984741211
2024-07-17 13:30:00,XLY,Consumer Discretionary,95.7249984741211
2024-07-18 13:30:00,XLY,Consumer Discretionary,94.75
2024-07-19 13:30:00,XLY,Consumer Discretionary,93.90499877929688
2024-07-22 13:30:00,XLY,Consumer Discretionary,94.94000244140625
2024-07-23 13:30:00,XLY,Consumer Discretionary,94.51499938964844
2024-07-24 13:30:00,XLY,Consumer Discretionary,90.6500015258789
2024-07-25 13:30:00,XLY,Consumer Discretionary,90.29499816894531
2024-07-26 13:30:00,XLY,Consumer Discretionary,91.30500030517578
2024-07-29 13:30:00,XLY,Consumer Discretionary,92.83000183105469
2024-07-30 13:30:00,XLY,Consumer Discretionary,92.31500244140625
2024-07-31 13:30:00,XLY,Consumer Discretionary,93.74500274658203
2024-08-01 13:30:00,XLY,Consumer Discretionary,91.44499969482422
2024-08-02 13:30:00,XLY,Consumer Discretionary,88.08000183105469
2024-08-05 13:30:00,XLY,Consumer Discretionary,85.58999633789062
2024-08-06 13:30:00,XLY,Consumer Discretionary,86.53500366210938
2024-08-07 13:30:00,XLY,Consumer Discretionary,85.0250015258789
2024-08-08 13:30:00,XLY,Consumer Discretionary,86.87999725341797
2024-08-09 13:30:00,XLY,Consumer Discretionary,87.16999816894531
2024-08-12 13:30:00,XLY,Consumer Discretionary,86.82499694824219
2024-08-13 13:30:00,XLY,Consumer Discretionary,89.0
2024-08-14 13:30:00,XLY,Consumer Discretionary,88.5250015258789
2024-08-15 13:30:00,XLY,Consumer Discretionary,91.3499984741211
2024-08-16 13:30:00,XLY,Consumer Discretionary,91.56500244140625
2024-08-19 13:30:00,XLY,Consumer Discretionary,92.69000244140625
2024-08-20 13:30:00,XLY,Consumer Discretionary,92.6050033569336
2024-08-21 13:30:00,XLY,Consumer Discretionary,93.7750015258789
2024-08-22 13:30:00,XLY,Consumer Discretionary,92.15499877929688
2024-08-23 13:30:00,XLY,Consumer Discretionary,93.93499755859375
2024-08-26 13:30:00,XLY,Consumer Discretionary,93.20500183105469
2024-08-27 13:30:00,XLY,Consumer Discretionary,92.95999908447266
2024-08-28 13:30:00,XLY,Consumer Discretionary,92.05999755859375
2024-08-29 13:30:00,XLY,Consumer Discretionary,92.16999816894531
2024-08-30 13:30:00,XLY,Consumer Discretionary,93.55999755859375
2024-09-03 13:30:00,XLY,Consumer Discretionary,92.2750015258789
2024-09-04 13:30:00,XLY,Consumer Discretionary,92.51499938964844
2024-09-05 13:30:00,XLY,Consumer Discretionary,93.56500244140625
2024-09-06 13:30:00,XLY,Consumer Discretionary,91.19999694824219
2024-09-09 13:30:00,XLY,Consumer Discretionary,92.52999877929688
2024-09-10 13:30:00,XLY,Consumer Discretionary,93.58999633789062
2024-09-11 13:30:00,XLY,Consumer Discretionary,94.5250015258789
2024-09-12 13:30:00,XLY,Consumer Discretionary,95.58999633789062
2024-09-13 13:30:00,XLY,Consumer Discretionary,96.23999786376953
2024-09-16 13:30:00,XLY,Consumer Discretionary,96.07499694824219
2024-09-17 13:30:00,XLY,Consumer Discretionary,96.56500244140625
2024-09-18 13:30:00,XLY,Consumer Discretionary,96.375
2024-09-19 13:30:00,XLY,Consumer Discretionary,98.56999969482422
2024-09-20 13:30:00,XLY,Consumer Discretionary,98.34500122070312
2024-09-23 13:30:00,XLY,Consumer Discretionary,99.33499908447266
2024-09-24 13:30:00,XLY,Consumer Discretionary,100.20500183105469
2024-09-25 13:30:00,XLY,Consumer Discretionary,99.84500122070312
2024-09-26 13:30:00,XLY,Consumer Discretionary,100.2699966430664
2024-09-27 13:30:00,XLY,Consumer Discretionary,100.41999816894531
2024-09-30 13:30:00,XLY,Consumer Discretionary,100.18499755859375
2024-10-01 13:30:00,XLY,Consumer Discretionary,99.77999877929688
2024-10-02 13:30:00,XLY,Consumer Discretionary,98.93499755859375
2024-10-03 13:30:00,XLY,Consumer Discretionary,97.79000091552734
2024-10-04 13:30:00,XLY,Consumer Discretionary,99.08499908447266
2024-10-07 13:30:00,XLY,Consumer Discretionary,97.54499816894531
2024-10-08 13:30:00,XLY,Consumer Discretionary,98.49500274658203
2024-10-09 13:30:00,XLY,Consumer Discretionary,99.19999694824219
2024-10-10 13:30:00,XLY,Consumer Discretionary,98.70999908447266
2024-10-11 13:30:00,XLY,Consumer Discretionary,98.29000091552734
2024-10-14 13:30:00,XLY,Consumer Discretionary,98.72000122070312
2024-10-15 13:30:00,XLY,Consumer Discretionary,98.93499755859375
2024-10-16 13:30:00,XLY,Consumer Discretionary,99.45500183105469
2024-10-17 13:30:00,XLY,Consumer Discretionary,99.36499786376953
2024-10-18 13:30:00,XLY,Consumer Discretionary,99.75499725341797
2024-10-21 13:30:00,XLY,Consumer Discretionary,98.9800033569336
2024-10-22 13:30:00,XLY,Consumer Discretionary,98.58000183105469
2024-10-23 13:30:00,XLY,Consumer Discretionary,97.02999877929688
2024-10-24 13:30:00,XLY,Consumer Discretionary,100.08999633789062
2024-10-25 13:30:00,XLY,Consumer Discretionary,100.40499877929688
2024-10-28 13:30:00,XLY,Consumer Discretionary,100.63999938964844
2024-10-29 13:30:00,XLY,Consumer Discretionary,100.11499786376953
2024-10-30 13:30:00,XLY,Consumer Discretionary,99.9749984741211
2024-10-31 13:30:00,XLY,Consumer Discretionary,98.44499969482422
2024-11-01 13:30:00,XLY,Consumer Discretionary,100.04499816894531
2024-11-04 14:30:00,XLY,Consumer Discretionary,99.69999694824219
2024-11-05 14:30:00,XLY,Consumer Discretionary,101.46499633789062
2024-11-06 14:30:00,XLY,Consumer Discretionary,104.70999908447266
2024-11-07 14:30:00,XLY,Consumer Discretionary,106.05500030517578
2024-11-08 14:30:00,XLY,Consumer Discretionary,107.55999755859375
2024-11-11 14:30:00,XLY,Consumer Discretionary,109.7300033569336
2024-11-12 14:30:00,XLY,Consumer Discretionary,108.26499938964844
2024-11-13 14:30:00,XLY,Consumer Discretionary,109.19000244140625
2024-11-14 14:30:00,XLY,Consumer Discretionary,107.63999938964844
2024-11-15 14:30:00,XLY,Consumer Discretionary,106.72000122070312
2024-11-18 14:30:00,XLY,Consumer Discretionary,107.70500183105469
2024-11-19 14:30:00,XLY,Consumer Discretionary,107.78500366210938
2024-11-20 14:30:00,XLY,Consumer Discretionary,107.30999755859375
2024-11-21 14:30:00,XLY,Consumer Discretionary,107.5
2024-11-22 14:30:00,XLY,Consumer Discretionary,109.05000305175781
2024-11-25 14:30:00,XLY,Consumer Discretionary,110.16500091552734
2024-11-26 14:30:00,XLY,Consumer Discretionary,110.56500244140625
2024-11-27 14:30:00,XLY,Consumer Discretionary,110.0199966430664
2024-11-29 14:30:00,XLY,Consumer Discretionary,111.1500015258789
2024-12-02 14:30:00,XLY,Consumer Discretionary,112.12000274658203
2024-12-03 14:30:00,XLY,Consumer Discretionary,112.03500366210938
2024-12-04 14:30:00,XLY,Consumer Discretionary,113.07499694824219
2024-12-05 14:30:00,XLY,Consumer Discretionary,114.0
2024-12-06 14:30:00,XLY,Consumer Discretionary,116.4000015258789
2024-12-09 14:30:00,XLY,Consumer Discretionary,116.02999877929688
2024-12-10 14:30:00,XLY,Consumer Discretionary,116.22000122070312
2024-12-11 14:30:00,XLY,Consumer Discretionary,118.26000213623047
2024-12-12 14:30:00,XLY,Consumer Discretionary,117.27999877929688
2024-12-13 14:30:00,XLY,Consumer Discretionary,117.74500274658203
2024-12-16 14:30:00,XLY,Consumer Discretionary,119.33999633789062
2024-12-17 14:30:00,XLY,Consumer Discretionary,119.71499633789062
2024-12-18 14:30:00,XLY,Consumer Discretionary,114.31999969482422
2024-12-19 14:30:00,XLY,Consumer Discretionary,114.16500091552734
2024-12-20 14:30:00,XLY,Consumer Discretionary,114.45500183105469
2024-12-23 14:30:00,XLY,Consumer Discretionary,114.58499908447266
2024-12-24 14:30:00,XLY,Consumer Discretionary,117.23500061035156
2024-12-26 14:30:00,XLY,Consumer Discretionary,116.80000305175781
2024-12-27 14:30:00,XLY,Consumer Discretionary,114.87000274658203
2024-12-30 14:30:00,XLY,Consumer Discretionary,113.0250015258789
2024-12-31 14:30:00,XLY,Consumer Discretionary,112.17500305175781
2025-01-02 14:30:00,XLY,Consumer Discretionary,110.69999694824219
2025-01-03 14:30:00,XLY,Consumer Discretionary,112.94000244140625
2025-01-06 14:30:00,XLY,Consumer Discretionary,113.38500213623047
2025-01-07 14:30:00,XLY,Consumer Discretionary,111.19000244140625
2025-01-08 14:30:00,XLY,Consumer Discretionary,111.50499725341797
2025-01-10 14:30:00,XLY,Consumer Discretionary,110.41000366210938
2025-01-13 14:30:00,XLY,Consumer Discretionary,111.03500366210938
2025-01-14 14:30:00,XLY,Consumer Discretionary,110.81999969482422
2025-01-15 14:30:00,XLY,Consumer Discretionary,113.63999938964844
2025-01-16 14:30:00,XLY,Consumer Discretionary,113.0250015258789
2025-01-17 14:30:00,XLY,Consumer Discretionary,114.61000061035156
2025-01-21 14:30:00,XLY,Consumer Discretionary,115.44999694824219
2025-01-22 14:30:00,XLY,Consumer Discretionary,115.01499938964844
2025-01-23 14:30:00,XLY,Consumer Discretionary,115.70999908447266
2025-01-24 14:30:00,XLY,Consumer Discretionary,115.00499725341797
2025-01-27 14:30:00,XLY,Consumer Discretionary,115.66000366210938
2025-01-28 14:30:00,XLY,Consumer Discretionary,115.80000305175781
2025-01-29 14:30:00,XLY,Consumer Discretionary,115.47000122070312
2025-01-30 14:30:00,XLY,Consumer Discretionary,116.5999984741211
2025-01-31 14:30:00,XLY,Consumer Discretionary,116.08499908447266
2025-02-03 14:30:00,XLY,Consumer Discretionary,114.55000305175781
2025-02-04 14:30:00,XLY,Consumer Discretionary,115.9000015258789
2025-02-05 14:30:00,XLY,Consumer Discretionary,114.58499908447266
2025-02-06 14:30:00,XLY,Consumer Discretionary,115.04000091552734
2025-02-07 14:30:00,XLY,Consumer Discretionary,112.79000091552734
2025-02-10 14:30:00,XLY,Consumer Discretionary,113.17500305175781
2025-02-11 14:30:00,XLY,Consumer Discretionary,111.88999938964844
2025-02-12 14:30:00,XLY,Consumer Discretionary,111.87000274658203
2025-02-13 14:30:00,XLY,Consumer Discretionary,113.55000305175781
2025-02-14 14:30:00,XLY,Consumer Discretionary,113.5
2025-02-18 14:30:00,XLY,Consumer Discretionary,113.18499755859375
2025-02-19 14:30:00,XLY,Consumer Discretionary,113.12000274658203
2025-02-20 14:30:00,XLY,Consumer Discretionary,112.1449966430664
2025-02-21 14:30:00,XLY,Consumer Discretionary,109.19499969482422
2025-02-24 14:30:00,XLY,Consumer Discretionary,108.78500366210938
2025-02-25 14:30:00,XLY,Consumer Discretionary,108.21499633789062
2025-02-26 14:30:00,XLY,Consumer Discretionary,107.7699966430664
2025-02-27 14:30:00,XLY,Consumer Discretionary,106.21499633789062
2025-02-28 14:30:00,XLY,Consumer Discretionary,107.9800033569336
2025-03-03 14:30:00,XLY,Consumer Discretionary,105.98999786376953
2025-03-04 14:30:00,XLY,Consumer Discretionary,104.12000274658203
2025-03-05 14:30:00,XLY,Consumer Discretionary,105.70500183105469
2025-03-06 14:30:00,XLY,Consumer Discretionary,103.0250015258789
2025-03-07 14:30:00,XLY,Consumer Discretionary,102.83499908447266
2025-03-10 13:30:00,XLY,Consumer Discretionary,99.16500091552734
2025-03-11 13:30:00,XLY,Consumer Discretionary,98.19499969482422
2025-03-12 13:30:00,XLY,Consumer Discretionary,98.76499938964844
2025-03-13 13:30:00,XLY,Consumer Discretionary,96.30000305175781
2025-03-14 13:30:00,XLY,Consumer Discretionary,98.3499984741211
2025-03-17 13:30:00,XLY,Consumer Discretionary,98.50499725341797
2025-03-18 13:30:00,XLY,Consumer Discretionary,96.75
2025-03-19 13:30:00,XLY,Consumer Discretionary,98.6050033569336
2025-03-20 13:30:00,XLY,Consumer Discretionary,98.37000274658203
2025-03-21 13:30:00,XLY,Consumer Discretionary,98.7249984741211
2025-03-24 13:30:00,XLY,Consumer Discretionary,102.1449966430664
2025-03-25 13:30:00,XLY,Consumer Discretionary,102.95999908447266
2025-03-26 13:30:00,XLY,Consumer Discretionary,101.61499786376953
2025-03-27 13:30:00,XLY,Consumer Discretionary,101.68000030517578
2025-03-28 13:30:00,XLY,Consumer Discretionary,98.5199966430664
2025-03-31 13:30:00,XLY,Consumer Discretionary,98.7300033569336
2025-04-01 13:30:00,XLY,Consumer Discretionary,99.76000213623047
2025-04-02 13:30:00,XLY,Consumer Discretionary,101.65499877929688
2025-04-03 13:30:00,XLY,Consumer Discretionary,95.51499938964844
2025-04-04 13:30:00,XLY,Consumer Discretionary,91.3949966430664
2025-04-07 13:30:00,XLY,Consumer Discretionary,90.31500244140625
2025-04-08 13:30:00,XLY,Consumer Discretionary,88.16999816894531
2025-04-09 13:30:00,XLY,Consumer Discretionary,97.7699966430664
2025-04-10 13:30:00,XLY,Consumer Discretionary,93.94999694824219
2025-04-11 13:30:00,XLY,Consumer Discretionary,94.86000061035156
2025-04-14 13:30:00,XLY,Consumer Discretionary,95.13500213623047
2025-04-15 13:30:00,XLY,Consumer Discretionary,94.44999694824219
2025-04-16 13:30:00,XLY,Consumer Discretionary,92.12000274658203
2025-04-17 13:30:00,XLY,Consumer Discretionary,92.69999694824219
2025-04-21 13:30:00,XLY,Consumer Discretionary,90.2249984741211
2025-04-22 13:30:00,XLY,Consumer Discretionary,93.08000183105469
2025-04-23 13:30:00,XLY,Consumer Discretionary,95.16000366210938
2025-04-24 13:30:00,XLY,Consumer Discretionary,97.05500030517578
2025-04-25 13:30:00,XLY,Consumer Discretionary,98.80000305175781
2025-04-28 13:30:00,XLY,Consumer Discretionary,98.83499908447266
2025-04-29 13:30:00,XLY,Consumer Discretionary,99.53500366210938
2025-04-30 13:30:00,XLY,Consumer Discretionary,98.62999725341797
2025-05-01 13:30:00,XLY,Consumer Discretionary,99.17500305175781
2025-05-02 13:30:00,XLY,Consumer Discretionary,100.71499633789062
2025-05-05 13:30:00,XLY,Consumer Discretionary,99.6449966430664
2025-05-06 13:30:00,XLY,Consumer Discretionary,98.7750015258789
2025-05-07 13:30:00,XLY,Consumer Discretionary,99.54499816894531
2025-05-08 13:30:00,XLY,Consumer Discretionary,100.72000122070312
2025-05-09 13:30:00,XLY,Consumer Discretionary,101.20500183105469
2025-05-12 13:30:00,XLY,Consumer Discretionary,106.23500061035156
2025-05-13 13:30:00,XLY,Consumer Discretionary,107.63999938964844
2025-05-14 13:30:00,XLY,Consumer Discretionary,108.05500030517578
2025-05-15 13:30:00,XLY,Consumer Discretionary,107.81500244140625
2025-05-16 13:30:00,XLY,Consumer Discretionary,108.83499908447266
2025-05-19 13:30:00,XLY,Consumer Discretionary,108.58000183105469
2025-05-20 13:30:00,XLY,Consumer Discretionary,108.01499938964844
2025-05-21 13:30:00,XLY,Consumer Discretionary,105.82499694824219
2025-05-22 13:30:00,XLY,Consumer Discretionary,106.27999877929688
2025-05-23 13:30:00,XLY,Consumer Discretionary,105.32499694824219
2025-05-27 13:30:00,XLY,Consumer Discretionary,108.43499755859375
2025-05-28 13:30:00,XLY,Consumer Discretionary,107.44000244140625
2025-05-29 13:30:00,XLY,Consumer Discretionary,107.48500061035156
2025-05-30 13:30:00,XLY,Consumer Discretionary,106.9000015258789
2025-06-02 13:30:00,XLY,Consumer Discretionary,107.1500015258789
2025-06-03 13:30:00,XLY,Consumer Discretionary,107.72000122070312
2025-06-04 13:30:00,XLY,Consumer Discretionary,107.43499755859375
2025-06-05 13:30:00,XLY,Consumer Discretionary,104.7249984741211
2025-06-06 13:30:00,XLY,Consumer Discretionary,106.08499908447266
2025-06-09 13:30:00,XLY,Consumer Discretionary,106.93499755859375
2025-06-10 13:30:00,XLY,Consumer Discretionary,108.21499633789062
2025-06-11 13:30:00,XLY,Consumer Discretionary,107.36000061035156
2025-06-12 13:30:00,XLY,Consumer Discretionary,106.8550033569336
2025-06-13 13:30:00,XLY,Consumer Discretionary,105.87000274658203
2025-06-16 13:30:00,XLY,Consumer Discretionary,107.01000213623047
2025-06-17 13:30:00,XLY,Consumer Discretionary,105.16500091552734
2025-06-18 13:30:00,XLY,Consumer Discretionary,105.21499633789062
2025-06-20 13:30:00,XLY,Consumer Discretionary,105.33999633789062
2025-06-23 13:30:00,XLY,Consumer Discretionary,107.19999694824219
2025-06-24 13:30:00,XLY,Consumer Discretionary,107.79499816894531
2025-06-25 13:30:00,XLY,Consumer Discretionary,106.5250015258789
2025-06-26 13:30:00,XLY,Consumer Discretionary,107.50499725341797
2025-06-27 13:30:00,XLY,Consumer Discretionary,109.29499816894531
2025-06-30 13:30:00,XLY,Consumer Discretionary,108.66500091552734
2025-07-01 13:30:00,XLY,Consumer Discretionary,109.12999725341797
2025-07-02 13:30:00,XLY,Consumer Discretionary,110.00499725341797
2025-07-03 13:30:00,XLY,Consumer Discretionary,110.6050033569336
2025-07-07 13:30:00,XLY,Consumer Discretionary,109.19999694824219
2025-07-08 13:30:00,XLY,Consumer Discretionary,108.83000183105469
2025-07-09 13:30:00,XLY,Consumer Discretionary,109.4749984741211
2025-07-10 13:30:00,XLY,Consumer Discretionary,110.68499755859375
2025-07-11 13:30:00,XLY,Consumer Discretionary,110.71499633789062
2025-07-14 13:30:00,XLY,Consumer Discretionary,111.125
2025-07-15 13:30:00,XLY,Consumer Discretionary,109.53500366210938
2025-07-16 13:30:00,XLY,Consumer Discretionary,109.73500061035156
2025-07-17 13:30:00,XLY,Consumer Discretionary,110.11000061035156
2025-07-18 13:30:00,XLY,Consumer Discretionary,111.08499908447266
2025-07-21 13:30:00,XLY,Consumer Discretionary,111.61000061035156
2025-07-22 13:30:00,XLY,Consumer Discretionary,112.73999786376953
2025-07-23 13:30:00,XLY,Consumer Discretionary,113.2750015258789
2025-07-24 13:30:00,XLY,Consumer Discretionary,111.4000015258789
2025-07-25 13:30:00,XLY,Consumer Discretionary,112.43499755859375
2025-07-28 13:30:00,XLY,Consumer Discretionary,113.08999633789062
2025-07-29 13:30:00,XLY,Consumer Discretionary,112.30999755859375
2025-07-30 13:30:00,XLY,Consumer Discretionary,111.5999984741211
2025-07-31 13:30:00,XLY,Consumer Discretionary,110.71499633789062
2025-08-01 13:30:00,XLY,Consumer Discretionary,108.04499816894531
2025-08-04 13:30:00,XLY,Consumer Discretionary,109.31500244140625
2025-08-05 13:30:00,XLY,Consumer Discretionary,109.45500183105469
2025-08-06 13:30:00,XLY,Consumer Discretionary,111.7300033569336
2025-08-07 13:30:00,XLY,Consumer Discretionary,111.69499969482422
2025-08-08 13:30:00,XLY,Consumer Discretionary,111.88999938964844
2025-08-11 13:30:00,XLY,Consumer Discretionary,112.18000030517578
2025-08-12 13:30:00,XLY,Consumer Discretionary,113.37000274658203
2025-08-13 13:30:00,XLY,Consumer Discretionary,114.92500305175781
2025-08-14 13:30:00,XLY,Consumer Discretionary,114.79499816894531
2025-08-15 13:30:00,XLY,Consumer Discretionary,114.5199966430664
2025-08-18 13:30:00,XLY,Consumer Discretionary,114.9800033569336
2025-08-19 13:30:00,XLY,Consumer Discretionary,114.92500305175781
2025-08-20 13:30:00,XLY,Consumer Discretionary,113.79000091552734
2025-08-21 13:30:00,XLY,Consumer Discretionary,113.11499786376953
2025-08-22 13:30:00,XLY,Consumer Discretionary,116.55000305175781
2025-08-25 13:30:00,XLY,Consumer Discretionary,116.31500244140625
2025-08-26 13:30:00,XLY,Consumer Discretionary,116.8499984741211
2025-08-27 13:30:00,XLY,Consumer Discretionary,116.875
2025-08-28 13:30:00,XLY,Consumer Discretionary,117.07499694824219
2025-08-29 13:30:00,XLY,Consumer Discretionary,115.87000274658203
2025-09-02 13:30:00,XLY,Consumer Discretionary,115.00499725341797
2025-09-03 13:30:00,XLY,Consumer Discretionary,115.47000122070312
2025-09-04 13:30:00,XLY,Consumer Discretionary,117.58000183105469
2025-09-05 13:30:00,XLY,Consumer Discretionary,117.55500030517578
2025-09-08 13:30:00,XLY,Consumer Discretionary,118.01000213623047
2025-09-09 13:30:00,XLY,Consumer Discretionary,117.84500122070312
2025-09-10 13:30:00,XLY,Consumer Discretionary,116.43499755859375
2025-09-11 13:30:00,XLY,Consumer Discretionary,118.69999694824219
2025-09-12 13:30:00,XLY,Consumer Discretionary,119.31500244140625
2025-09-15 13:30:00,XLY,Consumer Discretionary,120.3499984741211
2025-09-16 13:30:00,XLY,Consumer Discretionary,121.08999633789062
2025-09-17 13:30:00,XLY,Consumer Discretionary,120.78500366210938
2025-09-18 13:30:00,XLY,Consumer Discretionary,120.23999786376953
2025-09-19 13:30:00,XLY,Consumer Discretionary,120.69499969482422
2025-09-22 13:30:00,XLY,Consumer Discretionary,120.08999633789062
2025-09-23 13:30:00,XLY,Consumer Discretionary,118.95999908447266
2025-09-24 13:30:00,XLY,Consumer Discretionary,119.80000305175781
2025-09-25 13:30:00,XLY,Consumer Discretionary,118.11000061035156
2025-09-26 13:30:00,XLY,Consumer Discretionary,119.8550033569336
2025-09-29 13:30:00,XLY,Consumer Discretionary,120.37999725341797
2025-09-30 13:30:00,XLY,Consumer Discretionary,119.81999969482422
2025-10-01 13:30:00,XLY,Consumer Discretionary,120.56999969482422
2025-10-02 13:30:00,XLY,Consumer Discretionary,119.69999694824219
2025-10-03 13:30:00,XLY,Consumer Discretionary,118.93000030517578
2025-10-06 13:30:00,XLY,Consumer Discretionary,119.94999694824219
2025-10-07 13:30:00,XLY,Consumer Discretionary,117.8499984741211
2025-10-08 13:30:00,XLY,Consumer Discretionary,118.19999694824219
2025-10-09 13:30:00,XLY,Consumer Discretionary,117.61000061035156
2025-10-10 13:30:00,XLY,Consumer Discretionary,114.375
2025-10-13 13:30:00,XLY,Consumer Discretionary,116.93000030517578
2025-10-14 13:30:00,XLY,Consumer Discretionary,117.17500305175781
2025-10-15 13:30:00,XLY,Consumer Discretionary,117.34500122070312
2025-10-16 13:30:00,XLY,Consumer Discretionary,116.20999908447266
2025-10-17 13:30:00,XLY,Consumer Discretionary,117.20999908447266
2025-10-20 13:30:00,XLY,Consumer Discretionary,118.13999938964844
2025-10-21 13:30:00,XLY,Consumer Discretionary,119.58499908447266
2025-10-22 13:30:00,XLY,Consumer Discretionary,118.6500015258789
2025-10-23 13:30:00,XLY,Consumer Discretionary,119.18499755859375
2025-10-24 13:30:00,XLY,Consumer Discretionary,118.83000183105469
2025-10-27 13:30:00,XLY,Consumer Discretionary,120.54000091552734
2025-10-28 13:30:00,XLY,Consumer Discretionary,120.56999969482422
2025-10-29 13:30:00,XLY,Consumer Discretionary,119.57499694824219
2025-10-30 13:30:00,XLY,Consumer Discretionary,116.875
2025-10-31 13:30:00,XLY,Consumer Discretionary,119.96499633789062
2025-11-03 14:30:00,XLY,Consumer Discretionary,121.08999633789062
2025-11-04 14:30:00,XLY,Consumer Discretionary,119.08000183105469
2025-11-05 14:30:00,XLY,Consumer Discretionary,120.52999877929688
2025-11-06 14:30:00,XLY,Consumer Discretionary,117.74500274658203
2025-11-07 14:30:00,XLY,Consumer Discretionary,117.93000030517578
2025-11-10 14:30:00,XLY,Consumer Discretionary,119.4800033569336
2025-11-11 14:30:00,XLY,Consumer Discretionary,119.7750015258789
2025-11-12 14:30:00,XLY,Consumer Discretionary,118.97000122070312
2025-11-13 14:30:00,XLY,Consumer Discretionary,116.0
2025-11-14 14:30:00,XLY,Consumer Discretionary,115.44499969482422
2025-11-17 14:30:00,XLY,Consumer Discretionary,114.36000061035156
2025-11-18 14:30:00,XLY,Consumer Discretionary,112.25
2025-11-19 14:30:00,XLY,Consumer Discretionary,112.25499725341797
2025-11-20 14:30:00,XLY,Consumer Discretionary,110.58000183105469
2025-11-21 14:30:00,XLY,Consumer Discretionary,112.75
2025-11-24 14:30:00,XLY,Consumer Discretionary,114.25499725341797
2025-11-25 14:30:00,XLY,Consumer Discretionary,116.69999694824219
2025-11-26 14:30:00,XLY,Consumer Discretionary,117.5
2025-11-28 14:30:00,XLY,Consumer Discretionary,118.2300033569336
2025-12-01 14:30:00,XLY,Consumer Discretionary,118.30000305175781
2025-12-02 14:30:00,XLY,Consumer Discretionary,118.22000122070312
2025-12-03 14:30:00,XLY,Consumer Discretionary,119.49500274658203
2025-12-04 14:30:00,XLY,Consumer Discretionary,119.06999969482422
2025-12-05 14:30:00,XLY,Consumer Discretionary,119.7300033569336
2025-12-08 14:30:00,XLY,Consumer Discretionary,117.98999786376953
2025-12-09 14:30:00,XLY,Consumer Discretionary,117.9800033569336
2025-12-10 14:30:00,XLY,Consumer Discretionary,119.70999908447266
2025-12-11 14:30:00,XLY,Consumer Discretionary,120.18000030517578
2025-12-12 14:30:00,XLY,Consumer Discretionary,120.69999694824219
2025-12-15 14:30:00,XLY,Consumer Discretionary,121.7300033569336
2025-12-16 14:30:00,XLY,Consumer Discretionary,121.93000030517578
2025-12-17 14:30:00,XLY,Consumer Discretionary,120.5199966430664
2025-12-18 14:30:00,XLY,Consumer Discretionary,122.33999633789062
2025-12-19 14:30:00,XLY,Consumer Discretionary,121.8499984741211
2025-12-22 14:30:00,XLY,Consumer Discretionary,122.33999633789062
2025-12-23 14:30:00,XLY,Consumer Discretionary,122.16999816894531
2025-12-24 14:30:00,XLY,Consumer Discretionary,122.58999633789062
2025-12-26 14:30:00,XLY,Consumer Discretionary,122.05000305175781
2025-12-29 14:30:00,XLY,Consumer Discretionary,120.8499984741211
2025-12-30 14:30:00,XLY,Consumer Discretionary,120.36000061035156
2025-12-31 14:30:00,XLY,Consumer Discretionary,119.41000366210938
2026-01-02 14:30:00,XLY,Consumer Discretionary,118.3499984741211
2026-01-05 14:30:00,XLY,Consumer Discretionary,120.30000305175781
2026-01-06 14:30:00,XLY,Consumer Discretionary,121.06999969482422
2026-01-07 14:30:00,XLY,Consumer Discretionary,120.9000015258789
2026-01-08 14:30:00,XLY,Consumer Discretionary,122.91999816894531
2026-01-09 14:30:00,XLY,Consumer Discretionary,124.41000366210938
2026-01-12 14:30:00,XLY,Consumer Discretionary,124.5199966430664
2026-01-13 14:30:00,XLY,Consumer Discretionary,124.20999908447266
2026-01-14 14:30:00,XLY,Consumer Discretionary,122.25
2026-01-15 14:30:00,XLY,Consumer Discretionary,122.69999694824219
2026-01-16 14:30:00,XLY,Consumer Discretionary,122.30000305175781
2026-01-20 14:30:00,XLY,Consumer Discretionary,119.12000274658203
2026-01-21 14:30:00,XLY,Consumer Discretionary,121.4000015258789
2026-01-22 14:30:00,XLY,Consumer Discretionary,122.62000274658203
2026-01-23 14:30:00,XLY,Consumer Discretionary,123.12999725341797
2026-01-26 14:30:00,XLY,Consumer Discretionary,122.31999969482422
2026-01-27 14:30:00,XLY,Consumer Discretionary,122.69000244140625
2026-01-28 14:30:00,XLY,Consumer Discretionary,121.7699966430664
2026-01-29 14:30:00,XLY,Consumer Discretionary,121.19000244140625
2026-01-30 14:30:00,XLY,Consumer Discretionary,121.16999816894531
2026-02-02 14:30:00,XLY,Consumer Discretionary,121.97000122070312
2026-02-03 14:30:00,XLY,Consumer Discretionary,120.98999786376953
2026-02-04 14:30:00,XLY,Consumer Discretionary,120.0999984741211
2026-02-05 14:30:00,XLY,Consumer Discretionary,117.51000213623047
2026-02-06 14:30:00,XLY,Consumer Discretionary,117.98999786376953
2026-02-09 14:30:00,XLY,Consumer Discretionary,117.55000305175781
2026-02-10 14:30:00,XLY,Consumer Discretionary,118.33000183105469
2026-02-11 14:30:00,XLY,Consumer Discretionary,117.76000213623047
2026-02-12 14:30:00,XLY,Consumer Discretionary,116.12999725341797
2026-02-13 14:30:00,XLY,Consumer Discretionary,116.18000030517578
2026-02-17 14:30:00,XLY,Consumer Discretionary,116.04000091552734
2026-02-18 14:30:00,XLY,Consumer Discretionary,117.0199966430664
2026-02-19 14:30:00,XLY,Consumer Discretionary,116.23999786376953
2026-02-20 14:30:00,XLY,Consumer Discretionary,117.44999694824219
2026-02-23 14:30:00,XLY,Consumer Discretionary,114.98999786376953
2026-02-24 14:30:00,XLY,Consumer Discretionary,116.73999786376953
2026-02-25 14:30:00,XLY,Consumer Discretionary,117.08999633789062
2026-02-26 14:30:00,XLY,Consumer Discretionary,117.05000305175781
2026-02-27 14:30:00,XLY,Consumer Discretionary,116.86000061035156
2026-03-02 14:30:00,XLY,Consumer Discretionary,115.41999816894531
2026-03-03 14:30:00,XLY,Consumer Discretionary,114.36000061035156
2026-03-04 14:30:00,XLY,Consumer Discretionary,116.38999938964844
2026-03-05 14:30:00,XLY,Consumer Discretionary,116.55000305175781
2026-03-06 14:30:00,XLY,Consumer Discretionary,114.44000244140625
2026-03-09 13:30:00,XLY,Consumer Discretionary,114.58999633789062
2026-03-10 13:30:00,XLY,Consumer Discretionary,114.44000244140625
2026-03-11 13:30:00,XLY,Consumer Discretionary,114.13999938964844
2026-03-12 13:30:00,XLY,Consumer Discretionary,111.5199966430664
2026-03-13 13:30:00,XLY,Consumer Discretionary,110.86000061035156
2026-03-16 13:30:00,XLY,Consumer Discretionary,112.19999694824219
2026-03-17 13:30:00,XLY,Consumer Discretionary,113.18000030517578
2026-03-18 13:30:00,XLY,Consumer Discretionary,110.56999969482422
2026-03-19 13:30:00,XLY,Consumer Discretionary,109.69999694824219
2026-03-20 13:30:00,XLY,Consumer Discretionary,107.73999786376953
2026-03-23 13:30:00,XLY,Consumer Discretionary,110.12000274658203
2026-03-24 13:30:00,XLY,Consumer Discretionary,109.68000030517578
2026-03-25 13:30:00,XLY,Consumer Discretionary,110.7300033569336
2026-03-26 13:30:00,XLY,Consumer Discretionary,108.83000183105469
2026-03-27 13:30:00,XLY,Consumer Discretionary,105.68000030517578
2026-03-30 13:30:00,XLY,Consumer Discretionary,105.66000366210938
2026-03-31 13:30:00,XLY,Consumer Discretionary,108.9800033569336
2026-04-01 13:30:00,XLY,Consumer Discretionary,109.80000305175781
2026-04-02 13:30:00,XLY,Consumer Discretionary,108.1500015258789
2026-04-06 13:30:00,XLY,Consumer Discretionary,109.04000091552734
2026-04-07 13:30:00,XLY,Consumer Discretionary,107.7699966430664
2026-04-08 13:30:00,XLY,Consumer Discretionary,110.81999969482422
2026-04-09 13:30:00,XLY,Consumer Discretionary,112.73999786376953
2026-04-10 13:30:00,XLY,Consumer Discretionary,112.88999938964844
2026-04-13 13:30:00,XLY,Consumer Discretionary,113.91999816894531
2026-04-14 13:30:00,XLY,Consumer Discretionary,116.44000244140625
2026-04-15 13:30:00,XLY,Consumer Discretionary,118.18000030517578
2026-04-16 13:30:00,XLY,Consumer Discretionary,117.62999725341797
2026-04-17 13:30:00,XLY,Consumer Discretionary,120.41000366210938
2026-04-20 13:30:00,XLY,Consumer Discretionary,119.87000274658203
2026-04-21 13:30:00,XLY,Consumer Discretionary,118.97000122070312
2026-04-22 13:30:00,XLY,Consumer Discretionary,118.93000030517578
2026-04-23 13:30:00,XLY,Consumer Discretionary,117.73999786376953
2026-04-24 13:30:00,XLY,Consumer Discretionary,118.69000244140625
2026-04-27 13:30:00,XLY,Consumer Discretionary,117.83999633789062
2026-04-28 13:30:00,XLY,Consumer Discretionary,117.01000213623047
2026-04-29 13:30:00,XLY,Consumer Discretionary,116.83999633789062
2026-04-30 13:30:00,XLY,Consumer Discretionary,118.3499984741211
2026-05-01 13:30:00,XLY,Consumer Discretionary,118.62999725341797
2026-05-04 13:30:00,XLY,Consumer Discretionary,117.72000122070312
2026-05-05 13:30:00,XLY,Consumer Discretionary,118.06999969482422
2026-05-06 13:30:00,XLY,Consumer Discretionary,119.87000274658203
2026-05-07 13:30:00,XLY,Consumer Discretionary,119.87999725341797
2026-05-08 13:30:00,XLY,Consumer Discretionary,120.19999694824219
2026-05-11 13:30:00,XLY,Consumer Discretionary,119.37000274658203
2026-05-12 13:30:00,XLY,Consumer Discretionary,118.29000091552734
2026-05-13 13:30:00,XLY,Consumer Discretionary,118.72000122070312
2026-05-14 13:30:00,XLY,Consumer Discretionary,118.66999816894531
2026-05-15 13:30:00,XLY,Consumer Discretionary,116.52999877929688
2026-05-18 13:30:00,XLY,Consumer Discretionary,116.31999969482422
2026-05-19 13:30:00,XLY,Consumer Discretionary,115.02999877929688
2026-05-20 13:30:00,XLY,Consumer Discretionary,117.94000244140625
2026-05-21 13:30:00,XLY,Consumer Discretionary,118.69999694824219
2026-05-22 13:30:00,XLY,Consumer Discretionary,119.18000030517578
2026-05-26 13:30:00,XLY,Consumer Discretionary,119.44999694824219
2026-05-27 13:30:00,XLY,Consumer Discretionary,121.55000305175781
2026-05-28 13:30:00,XLY,Consumer Discretionary,122.05999755859375
2026-05-29 13:30:00,XLY,Consumer Discretionary,120.87000274658203
2026-06-01 13:30:00,XLY,Consumer Discretionary,118.19000244140625
2026-06-02 13:30:00,XLY,Consumer Discretionary,117.58999633789062
2026-06-03 13:30:00,XLY,Consumer Discretionary,116.7300033569336
2026-06-04 13:30:00,XLY,Consumer Discretionary,117.26000213623047
2026-06-05 13:30:00,XLY,Consumer Discretionary,114.86000061035156
2026-06-08 13:30:00,XLY,Consumer Discretionary,115.38999938964844
2026-06-09 13:30:00,XLY,Consumer Discretionary,115.87000274658203
2026-06-10 13:30:00,XLY,Consumer Discretionary,113.48999786376953
2026-06-11 13:30:00,XLY,Consumer Discretionary,116.30000305175781
2026-06-12 13:30:00,XLY,Consumer Discretionary,116.5999984741211
2026-06-15 13:30:00,XLY,Consumer Discretionary,118.56999969482422
2026-06-16 13:30:00,XLY,Consumer Discretionary,118.45999908447266
2026-06-17 13:30:00,XLY,Consumer Discretionary,115.48999786376953
2026-06-18 13:30:00,XLY,Consumer Discretionary,117.16000366210938
2026-06-22 13:30:00,XLY,Consumer Discretionary,114.94000244140625
2026-06-23 13:30:00,XLY,Consumer Discretionary,113.76000213623047
2026-06-24 13:30:00,XLY,Consumer Discretionary,115.06999969482422
2026-06-25 13:30:00,XLY,Consumer Discretionary,113.3499984741211
2026-06-26 13:30:00,XLY,Consumer Discretionary,114.37000274658203
2026-06-29 13:30:00,XLY,Consumer Discretionary,117.12000274658203
2026-06-30 13:30:00,XLY,Consumer Discretionary,117.27999877929688
2026-07-01 13:30:00,XLY,Consumer Discretionary,118.08999633789062
2026-07-02 13:30:00,XLY,Consumer Discretionary,117.12000274658203
2026-07-06 13:30:00,XLY,Consumer Discretionary,118.01000213623047
2026-07-07 13:30:00,XLY,Consumer Discretionary,117.38999938964844
2026-07-08 13:30:00,XLY,Consumer Discretionary,115.30000305175781
2026-07-09 13:30:00,XLY,Consumer Discretionary,116.8499984741211
2026-07-10 13:30:00,XLY,Consumer Discretionary,117.23999786376953
2026-07-13 13:30:00,XLY,Consumer Discretionary,116.04000091552734
2026-07-14 13:30:00,XLY,Consumer Discretionary,115.9000015258789
2026-07-15 13:30:00,XLY,Consumer Discretionary,117.0
2026-07-16 13:30:00,XLY,Consumer Discretionary,117.33999633789062
2026-07-17 13:30:00,XLY,Consumer Discretionary,115.44000244140625
2026-07-20 13:30:00,XLY,Consumer Discretionary,114.61000061035156
2026-07-21 13:30:00,XLY,Consumer Discretionary,114.87000274658203
2026-07-22 13:30:00,XLY,Consumer Discretionary,114.0199966430664
2026-07-23 13:30:00,XLY,Consumer Discretionary,108.76000213623047
2026-07-24 13:30:00,XLY,Consumer Discretionary,109.41000366210938
2026-07-27 13:30:00,XLY,Consumer Discretionary,110.83999633789062
2026-07-28 13:30:00,XLY,Consumer Discretionary,112.4800033569336
2026-07-29 13:30:00,XLY,Consumer Discretionary,111.61000061035156
2026-07-30 13:30:00,XLY,Consumer Discretionary,112.38999938964844
2026-07-31 13:30:00,XLY,Consumer Discretionary,116.08999633789062
2026-08-03 13:30:00,XLY,Consumer Discretionary,118.20999908447266
2026-08-04 13:30:00,XLY,Consumer Discretionary,118.29000091552734
2026-08-05 13:30:00,XLY,Consumer Discretionary,118.63999938964844
2026-08-06 13:30:00,XLY,Consumer Discretionary,118.0999984741211
2026-08-07 13:30:00,XLY,Consumer Discretionary,119.86000061035156
2026-08-10 13:30:00,XLY,Consumer Discretionary,119.66999816894531
2026-08-11 13:30:00,XLY,Consumer Discretionary,119.23999786376953
2026-08-12 13:30:00,XLY,Consumer Discretionary,117.88999938964844
2026-08-13 13:30:00,XLY,Consumer Discretionary,118.44999694824219
2026-08-14 13:30:00,XLY,Consumer Discretionary,118.19999694824219
2026-08-17 13:30:00,XLY,Consumer Discretionary,116.75
2026-08-18 13:30:00,XLY,Consumer Discretionary,116.36000061035156
2026-08-19 13:30:00,XLY,Consumer Discretionary,118.58999633789062
2026-08-20 13:30:00,XLY,Consumer Discretionary,116.68000030517578
2026-08-21 13:30:00,XLY,Consumer Discretionary,118.0199966430664
2026-08-24 13:30:00,XLY,Consumer Discretionary,118.30000305175781
2026-08-25 13:30:00,XLY,Consumer Discretionary,117.94999694824219
2026-08-26 13:30:00,XLY,Consumer Discretionary,117.16000366210938
2026-08-27 13:30:00,XLY,Consumer Discretionary,115.87999725341797
2026-08-28 13:30:00,XLY,Consumer Discretionary,117.20999908447266
2021-08-30 13:30:00,XLP,Consumer Staples,72.0999984741211
2021-08-31 13:30:00,XLP,Consumer Staples,72.26000213623047
2021-09-01 13:30:00,XLP,Consumer Staples,72.63999938964844
2021-09-02 13:30:00,XLP,Consumer Staples,72.91999816894531
2021-09-03 13:30:00,XLP,Consumer Staples,72.83000183105469
2021-09-07 13:30:00,XLP,Consumer Staples,71.98999786376953
2021-09-08 13:30:00,XLP,Consumer Staples,72.61000061035156
2021-09-09 13:30:00,XLP,Consumer Staples,72.19000244140625
2021-09-10 13:30:00,XLP,Consumer Staples,71.87999725341797
2021-09-13 13:30:00,XLP,Consumer Staples,72.05999755859375
2021-09-14 13:30:00,XLP,Consumer Staples,71.7300033569336
2021-09-15 13:30:00,XLP,Consumer Staples,71.98999786376953
2021-09-16 13:30:00,XLP,Consumer Staples,71.75
2021-09-17 13:30:00,XLP,Consumer Staples,71.36000061035156
2021-09-20 13:30:00,XLP,Consumer Staples,70.20999908447266
2021-09-21 13:30:00,XLP,Consumer Staples,70.12999725341797
2021-09-22 13:30:00,XLP,Consumer Staples,70.33000183105469
2021-09-23 13:30:00,XLP,Consumer Staples,70.58999633789062
2021-09-24 13:30:00,XLP,Consumer Staples,70.62000274658203
2021-09-27 13:30:00,XLP,Consumer Staples,70.30000305175781
2021-09-28 13:30:00,XLP,Consumer Staples,69.47000122070312
2021-09-29 13:30:00,XLP,Consumer Staples,70.0999984741211
2021-09-30 13:30:00,XLP,Consumer Staples,68.83999633789062
2021-10-01 13:30:00,XLP,Consumer Staples,69.0199966430664
2021-10-04 13:30:00,XLP,Consumer Staples,68.80000305175781
2021-10-05 13:30:00,XLP,Consumer Staples,69.1500015258789
2021-10-06 13:30:00,XLP,Consumer Staples,69.81999969482422
2021-10-07 13:30:00,XLP,Consumer Staples,70.12999725341797
2021-10-08 13:30:00,XLP,Consumer Staples,70.05000305175781
2021-10-11 13:30:00,XLP,Consumer Staples,70.02999877929688
2021-10-12 13:30:00,XLP,Consumer Staples,70.05999755859375
2021-10-13 13:30:00,XLP,Consumer Staples,70.19000244140625
2021-10-14 13:30:00,XLP,Consumer Staples,70.9800033569336
2021-10-15 13:30:00,XLP,Consumer Staples,70.80999755859375
2021-10-18 13:30:00,XLP,Consumer Staples,70.38999938964844
2021-10-19 13:30:00,XLP,Consumer Staples,70.41999816894531
2021-10-20 13:30:00,XLP,Consumer Staples,70.83000183105469
2021-10-21 13:30:00,XLP,Consumer Staples,70.73999786376953
2021-10-22 13:30:00,XLP,Consumer Staples,71.29000091552734
2021-10-25 13:30:00,XLP,Consumer Staples,71.23999786376953
2021-10-26 13:30:00,XLP,Consumer Staples,71.48999786376953
2021-10-27 13:30:00,XLP,Consumer Staples,71.06999969482422
2021-10-28 13:30:00,XLP,Consumer Staples,71.31999969482422
2021-10-29 13:30:00,XLP,Consumer Staples,71.25
2021-11-01 13:30:00,XLP,Consumer Staples,71.36000061035156
2021-11-02 13:30:00,XLP,Consumer Staples,71.83999633789062
2021-11-03 13:30:00,XLP,Consumer Staples,72.51000213623047
2021-11-04 13:30:00,XLP,Consumer Staples,72.58000183105469
2021-11-05 13:30:00,XLP,Consumer Staples,73.0
2021-11-08 14:30:00,XLP,Consumer Staples,72.41999816894531
2021-11-09 14:30:00,XLP,Consumer Staples,72.66999816894531
2021-11-10 14:30:00,XLP,Consumer Staples,72.88999938964844
2021-11-11 14:30:00,XLP,Consumer Staples,72.83999633789062
2021-11-12 14:30:00,XLP,Consumer Staples,72.83999633789062
2021-11-15 14:30:00,XLP,Consumer Staples,73.19000244140625
2021-11-16 14:30:00,XLP,Consumer Staples,72.7300033569336
2021-11-17 14:30:00,XLP,Consumer Staples,72.56999969482422
2021-11-18 14:30:00,XLP,Consumer Staples,72.30999755859375
2021-11-19 14:30:00,XLP,Consumer Staples,72.05000305175781
2021-11-22 14:30:00,XLP,Consumer Staples,72.62000274658203
2021-11-23 14:30:00,XLP,Consumer Staples,73.0999984741211
2021-11-24 14:30:00,XLP,Consumer Staples,72.87999725341797
2021-11-26 14:30:00,XLP,Consumer Staples,71.95999908447266
2021-11-29 14:30:00,XLP,Consumer Staples,72.13999938964844
2021-11-30 14:30:00,XLP,Consumer Staples,70.29000091552734
2021-12-01 14:30:00,XLP,Consumer Staples,69.94999694824219
2021-12-02 14:30:00,XLP,Consumer Staples,70.69000244140625
2021-12-03 14:30:00,XLP,Consumer Staples,71.56999969482422
2021-12-06 14:30:00,XLP,Consumer Staples,72.83000183105469
2021-12-07 14:30:00,XLP,Consumer Staples,72.98999786376953
2021-12-08 14:30:00,XLP,Consumer Staples,72.76000213623047
2021-12-09 14:30:00,XLP,Consumer Staples,72.95999908447266
2021-12-10 14:30:00,XLP,Consumer Staples,74.19000244140625
2021-12-13 14:30:00,XLP,Consumer Staples,75.16000366210938
2021-12-14 14:30:00,XLP,Consumer Staples,75.20999908447266
2021-12-15 14:30:00,XLP,Consumer Staples,75.97000122070312
2021-12-16 14:30:00,XLP,Consumer Staples,76.51000213623047
2021-12-17 14:30:00,XLP,Consumer Staples,75.19999694824219
2021-12-20 14:30:00,XLP,Consumer Staples,74.70999908447266
2021-12-21 14:30:00,XLP,Consumer Staples,74.61000061035156
2021-12-22 14:30:00,XLP,Consumer Staples,75.08000183105469
2021-12-23 14:30:00,XLP,Consumer Staples,75.25
2021-12-27 14:30:00,XLP,Consumer Staples,76.05000305175781
2021-12-28 14:30:00,XLP,Consumer Staples,76.4800033569336
2021-12-29 14:30:00,XLP,Consumer Staples,76.83000183105469
2021-12-30 14:30:00,XLP,Consumer Staples,76.58999633789062
2021-12-31 14:30:00,XLP,Consumer Staples,77.11000061035156
2022-01-03 14:30:00,XLP,Consumer Staples,77.0999984741211
2022-01-04 14:30:00,XLP,Consumer Staples,77.62000274658203
2022-01-05 14:30:00,XLP,Consumer Staples,77.55000305175781
2022-01-06 14:30:00,XLP,Consumer Staples,77.33999633789062
2022-01-07 14:30:00,XLP,Consumer Staples,77.41999816894531
2022-01-10 14:30:00,XLP,Consumer Staples,76.80999755859375
2022-01-11 14:30:00,XLP,Consumer Staples,76.72000122070312
2022-01-12 14:30:00,XLP,Consumer Staples,76.75
2022-01-13 14:30:00,XLP,Consumer Staples,76.88999938964844
2022-01-14 14:30:00,XLP,Consumer Staples,77.02999877929688
2022-01-18 14:30:00,XLP,Consumer Staples,75.91999816894531
2022-01-19 14:30:00,XLP,Consumer Staples,76.4000015258789
2022-01-20 14:30:00,XLP,Consumer Staples,75.9000015258789
2022-01-21 14:30:00,XLP,Consumer Staples,75.95999908447266
2022-01-24 14:30:00,XLP,Consumer Staples,75.70999908447266
2022-01-25 14:30:00,XLP,Consumer Staples,74.87000274658203
2022-01-26 14:30:00,XLP,Consumer Staples,74.30000305175781
2022-01-27 14:30:00,XLP,Consumer Staples,74.80000305175781
2022-01-28 14:30:00,XLP,Consumer Staples,75.68000030517578
2022-01-31 14:30:00,XLP,Consumer Staples,75.97000122070312
2022-02-01 14:30:00,XLP,Consumer Staples,75.9000015258789
2022-02-02 14:30:00,XLP,Consumer Staples,76.80999755859375
2022-02-03 14:30:00,XLP,Consumer Staples,76.83000183105469
2022-02-04 14:30:00,XLP,Consumer Staples,75.88999938964844
2022-02-07 14:30:00,XLP,Consumer Staples,76.02999877929688
2022-02-08 14:30:00,XLP,Consumer Staples,76.31999969482422
2022-02-09 14:30:00,XLP,Consumer Staples,76.33999633789062
2022-02-10 14:30:00,XLP,Consumer Staples,75.5199966430664
2022-02-11 14:30:00,XLP,Consumer Staples,75.25
2022-02-14 14:30:00,XLP,Consumer Staples,75.04000091552734
2022-02-15 14:30:00,XLP,Consumer Staples,75.16999816894531
2022-02-16 14:30:00,XLP,Consumer Staples,75.30999755859375
2022-02-17 14:30:00,XLP,Consumer Staples,75.88999938964844
2022-02-18 14:30:00,XLP,Consumer Staples,76.02999877929688
2022-02-22 14:30:00,XLP,Consumer Staples,75.44000244140625
2022-02-23 14:30:00,XLP,Consumer Staples,74.83000183105469
2022-02-24 14:30:00,XLP,Consumer Staples,73.54000091552734
2022-02-25 14:30:00,XLP,Consumer Staples,75.91000366210938
2022-02-28 14:30:00,XLP,Consumer Staples,74.9000015258789
2022-03-01 14:30:00,XLP,Consumer Staples,74.45999908447266
2022-03-02 14:30:00,XLP,Consumer Staples,75.25
2022-03-03 14:30:00,XLP,Consumer Staples,75.86000061035156
2022-03-04 14:30:00,XLP,Consumer Staples,75.87000274658203
2022-03-07 14:30:00,XLP,Consumer Staples,74.48999786376953
2022-03-08 14:30:00,XLP,Consumer Staples,72.4800033569336
2022-03-09 14:30:00,XLP,Consumer Staples,72.97000122070312
2022-03-10 14:30:00,XLP,Consumer Staples,72.27999877929688
2022-03-11 14:30:00,XLP,Consumer Staples,71.44000244140625
2022-03-14 13:30:00,XLP,Consumer Staples,71.81999969482422
2022-03-15 13:30:00,XLP,Consumer Staples,73.43000030517578
2022-03-16 13:30:00,XLP,Consumer Staples,73.51000213623047
2022-03-17 13:30:00,XLP,Consumer Staples,74.0199966430664
2022-03-18 13:30:00,XLP,Consumer Staples,74.19000244140625
2022-03-21 13:30:00,XLP,Consumer Staples,73.94999694824219
2022-03-22 13:30:00,XLP,Consumer Staples,74.5
2022-03-23 13:30:00,XLP,Consumer Staples,73.9000015258789
2022-03-24 13:30:00,XLP,Consumer Staples,74.41999816894531
2022-03-25 13:30:00,XLP,Consumer Staples,75.04000091552734
2022-03-28 13:30:00,XLP,Consumer Staples,75.3499984741211
2022-03-29 13:30:00,XLP,Consumer Staples,76.0199966430664
2022-03-30 13:30:00,XLP,Consumer Staples,76.06999969482422
2022-03-31 13:30:00,XLP,Consumer Staples,75.88999938964844
2022-04-01 13:30:00,XLP,Consumer Staples,76.6500015258789
2022-04-04 13:30:00,XLP,Consumer Staples,76.41000366210938
2022-04-05 13:30:00,XLP,Consumer Staples,76.4800033569336
2022-04-06 13:30:00,XLP,Consumer Staples,77.44999694824219
2022-04-07 13:30:00,XLP,Consumer Staples,78.38999938964844
2022-04-08 13:30:00,XLP,Consumer Staples,78.72000122070312
2022-04-11 13:30:00,XLP,Consumer Staples,78.4000015258789
2022-04-12 13:30:00,XLP,Consumer Staples,78.41999816894531
2022-04-13 13:30:00,XLP,Consumer Staples,78.86000061035156
2022-04-14 13:30:00,XLP,Consumer Staples,78.83999633789062
2022-04-18 13:30:00,XLP,Consumer Staples,78.19000244140625
2022-04-19 13:30:00,XLP,Consumer Staples,79.37999725341797
2022-04-20 13:30:00,XLP,Consumer Staples,80.56999969482422
2022-04-21 13:30:00,XLP,Consumer Staples,80.5
2022-04-22 13:30:00,XLP,Consumer Staples,79.23999786376953
2022-04-25 13:30:00,XLP,Consumer Staples,79.58999633789062
2022-04-26 13:30:00,XLP,Consumer Staples,78.36000061035156
2022-04-27 13:30:00,XLP,Consumer Staples,78.6500015258789
2022-04-28 13:30:00,XLP,Consumer Staples,79.80999755859375
2022-04-29 13:30:00,XLP,Consumer Staples,77.63999938964844
2022-05-02 13:30:00,XLP,Consumer Staples,76.62000274658203
2022-05-03 13:30:00,XLP,Consumer Staples,76.4000015258789
2022-05-04 13:30:00,XLP,Consumer Staples,78.12000274658203
2022-05-05 13:30:00,XLP,Consumer Staples,76.63999938964844
2022-05-06 13:30:00,XLP,Consumer Staples,76.72000122070312
2022-05-09 13:30:00,XLP,Consumer Staples,76.69000244140625
2022-05-10 13:30:00,XLP,Consumer Staples,76.16000366210938
2022-05-11 13:30:00,XLP,Consumer Staples,75.83000183105469
2022-05-12 13:30:00,XLP,Consumer Staples,75.80999755859375
2022-05-13 13:30:00,XLP,Consumer Staples,76.94999694824219
2022-05-16 13:30:00,XLP,Consumer Staples,77.30000305175781
2022-05-17 13:30:00,XLP,Consumer Staples,76.7699966430664
2022-05-18 13:30:00,XLP,Consumer Staples,71.83000183105469
2022-05-19 13:30:00,XLP,Consumer Staples,70.55000305175781
2022-05-20 13:30:00,XLP,Consumer Staples,70.69999694824219
2022-05-23 13:30:00,XLP,Consumer Staples,72.16000366210938
2022-05-24 13:30:00,XLP,Consumer Staples,73.33999633789062
2022-05-25 13:30:00,XLP,Consumer Staples,73.36000061035156
2022-05-26 13:30:00,XLP,Consumer Staples,74.13999938964844
2022-05-27 13:30:00,XLP,Consumer Staples,75.0
2022-05-31 13:30:00,XLP,Consumer Staples,74.47000122070312
2022-06-01 13:30:00,XLP,Consumer Staples,73.5
2022-06-02 13:30:00,XLP,Consumer Staples,74.56999969482422
2022-06-03 13:30:00,XLP,Consumer Staples,73.81999969482422
2022-06-06 13:30:00,XLP,Consumer Staples,73.8499984741211
2022-06-07 13:30:00,XLP,Consumer Staples,74.23999786376953
2022-06-08 13:30:00,XLP,Consumer Staples,73.33000183105469
2022-06-09 13:30:00,XLP,Consumer Staples,72.2300033569336
2022-06-10 13:30:00,XLP,Consumer Staples,71.91999816894531
2022-06-13 13:30:00,XLP,Consumer Staples,70.37000274658203
2022-06-14 13:30:00,XLP,Consumer Staples,69.54000091552734
2022-06-15 13:30:00,XLP,Consumer Staples,69.61000061035156
2022-06-16 13:30:00,XLP,Consumer Staples,69.08000183105469
2022-06-17 13:30:00,XLP,Consumer Staples,68.83000183105469
2022-06-21 13:30:00,XLP,Consumer Staples,70.13999938964844
2022-06-22 13:30:00,XLP,Consumer Staples,70.08999633789062
2022-06-23 13:30:00,XLP,Consumer Staples,71.44999694824219
2022-06-24 13:30:00,XLP,Consumer Staples,72.8499984741211
2022-06-27 13:30:00,XLP,Consumer Staples,72.6500015258789
2022-06-28 13:30:00,XLP,Consumer Staples,71.68000030517578
2022-06-29 13:30:00,XLP,Consumer Staples,72.12999725341797
2022-06-30 13:30:00,XLP,Consumer Staples,72.18000030517578
2022-07-01 13:30:00,XLP,Consumer Staples,73.22000122070312
2022-07-05 13:30:00,XLP,Consumer Staples,72.75
2022-07-06 13:30:00,XLP,Consumer Staples,72.95999908447266
2022-07-07 13:30:00,XLP,Consumer Staples,73.02999877929688
2022-07-08 13:30:00,XLP,Consumer Staples,72.9000015258789
2022-07-11 13:30:00,XLP,Consumer Staples,72.80000305175781
2022-07-12 13:30:00,XLP,Consumer Staples,72.58999633789062
2022-07-13 13:30:00,XLP,Consumer Staples,72.63999938964844
2022-07-14 13:30:00,XLP,Consumer Staples,72.69999694824219
2022-07-15 13:30:00,XLP,Consumer Staples,72.94000244140625
2022-07-18 13:30:00,XLP,Consumer Staples,72.2300033569336
2022-07-19 13:30:00,XLP,Consumer Staples,72.98999786376953
2022-07-20 13:30:00,XLP,Consumer Staples,72.5
2022-07-21 13:30:00,XLP,Consumer Staples,72.72000122070312
2022-07-22 13:30:00,XLP,Consumer Staples,73.19999694824219
2022-07-25 13:30:00,XLP,Consumer Staples,73.55999755859375
2022-07-26 13:30:00,XLP,Consumer Staples,73.38999938964844
2022-07-27 13:30:00,XLP,Consumer Staples,73.88999938964844
2022-07-28 13:30:00,XLP,Consumer Staples,75.06999969482422
2022-07-29 13:30:00,XLP,Consumer Staples,74.48999786376953
2022-08-01 13:30:00,XLP,Consumer Staples,75.41999816894531
2022-08-02 13:30:00,XLP,Consumer Staples,74.81999969482422
2022-08-03 13:30:00,XLP,Consumer Staples,75.30999755859375
2022-08-04 13:30:00,XLP,Consumer Staples,74.80999755859375
2022-08-05 13:30:00,XLP,Consumer Staples,74.63999938964844
2022-08-08 13:30:00,XLP,Consumer Staples,74.5999984741211
2022-08-09 13:30:00,XLP,Consumer Staples,74.48999786376953
2022-08-10 13:30:00,XLP,Consumer Staples,75.04000091552734
2022-08-11 13:30:00,XLP,Consumer Staples,74.86000061035156
2022-08-12 13:30:00,XLP,Consumer Staples,75.51000213623047
2022-08-15 13:30:00,XLP,Consumer Staples,76.26000213623047
2022-08-16 13:30:00,XLP,Consumer Staples,77.12000274658203
2022-08-17 13:30:00,XLP,Consumer Staples,76.9000015258789
2022-08-18 13:30:00,XLP,Consumer Staples,77.16000366210938
2022-08-19 13:30:00,XLP,Consumer Staples,76.91000366210938
2022-08-22 13:30:00,XLP,Consumer Staples,76.12999725341797
2022-08-23 13:30:00,XLP,Consumer Staples,75.80000305175781
2022-08-24 13:30:00,XLP,Consumer Staples,75.98999786376953
2022-08-25 13:30:00,XLP,Consumer Staples,76.33999633789062
2022-08-26 13:30:00,XLP,Consumer Staples,74.44999694824219
2022-08-29 13:30:00,XLP,Consumer Staples,74.33000183105469
2022-08-30 13:30:00,XLP,Consumer Staples,73.55999755859375
2022-08-31 13:30:00,XLP,Consumer Staples,73.11000061035156
2022-09-01 13:30:00,XLP,Consumer Staples,73.5199966430664
2022-09-02 13:30:00,XLP,Consumer Staples,72.55999755859375
2022-09-06 13:30:00,XLP,Consumer Staples,72.1500015258789
2022-09-07 13:30:00,XLP,Consumer Staples,73.44999694824219
2022-09-08 13:30:00,XLP,Consumer Staples,73.26000213623047
2022-09-09 13:30:00,XLP,Consumer Staples,73.9800033569336
2022-09-12 13:30:00,XLP,Consumer Staples,74.2699966430664
2022-09-13 13:30:00,XLP,Consumer Staples,71.79000091552734
2022-09-14 13:30:00,XLP,Consumer Staples,71.76000213623047
2022-09-15 13:30:00,XLP,Consumer Staples,71.16000366210938
2022-09-16 13:30:00,XLP,Consumer Staples,71.33000183105469
2022-09-19 13:30:00,XLP,Consumer Staples,71.33999633789062
2022-09-20 13:30:00,XLP,Consumer Staples,70.94999694824219
2022-09-21 13:30:00,XLP,Consumer Staples,70.68000030517578
2022-09-22 13:30:00,XLP,Consumer Staples,70.58000183105469
2022-09-23 13:30:00,XLP,Consumer Staples,69.37999725341797
2022-09-26 13:30:00,XLP,Consumer Staples,69.43000030517578
2022-09-27 13:30:00,XLP,Consumer Staples,68.2300033569336
2022-09-28 13:30:00,XLP,Consumer Staples,69.05000305175781
2022-09-29 13:30:00,XLP,Consumer Staples,67.91000366210938
2022-09-30 13:30:00,XLP,Consumer Staples,66.7300033569336
2022-10-03 13:30:00,XLP,Consumer Staples,67.87999725341797
2022-10-04 13:30:00,XLP,Consumer Staples,68.91000366210938
2022-10-05 13:30:00,XLP,Consumer Staples,68.51000213623047
2022-10-06 13:30:00,XLP,Consumer Staples,67.51000213623047
2022-10-07 13:30:00,XLP,Consumer Staples,66.5
2022-10-10 13:30:00,XLP,Consumer Staples,66.73999786376953
2022-10-11 13:30:00,XLP,Consumer Staples,67.29000091552734
2022-10-12 13:30:00,XLP,Consumer Staples,67.6500015258789
2022-10-13 13:30:00,XLP,Consumer Staples,68.7699966430664
2022-10-14 13:30:00,XLP,Consumer Staples,67.52999877929688
2022-10-17 13:30:00,XLP,Consumer Staples,68.26000213623047
2022-10-18 13:30:00,XLP,Consumer Staples,69.1500015258789
2022-10-19 13:30:00,XLP,Consumer Staples,68.83000183105469
2022-10-20 13:30:00,XLP,Consumer Staples,67.87000274658203
2022-10-21 13:30:00,XLP,Consumer Staples,68.91000366210938
2022-10-24 13:30:00,XLP,Consumer Staples,70.1500015258789
2022-10-25 13:30:00,XLP,Consumer Staples,71.06999969482422
2022-10-26 13:30:00,XLP,Consumer Staples,71.54000091552734
2022-10-27 13:30:00,XLP,Consumer Staples,71.5999984741211
2022-10-28 13:30:00,XLP,Consumer Staples,73.16999816894531
2022-10-31 13:30:00,XLP,Consumer Staples,72.73999786376953
2022-11-01 13:30:00,XLP,Consumer Staples,72.51000213623047
2022-11-02 13:30:00,XLP,Consumer Staples,71.25
2022-11-03 13:30:00,XLP,Consumer Staples,71.01000213623047
2022-11-04 13:30:00,XLP,Consumer Staples,71.8499984741211
2022-11-07 14:30:00,XLP,Consumer Staples,72.48999786376953
2022-11-08 14:30:00,XLP,Consumer Staples,72.69999694824219
2022-11-09 14:30:00,XLP,Consumer Staples,71.91000366210938
2022-11-10 14:30:00,XLP,Consumer Staples,73.5999984741211
2022-11-11 14:30:00,XLP,Consumer Staples,73.5199966430664
2022-11-14 14:30:00,XLP,Consumer Staples,72.94000244140625
2022-11-15 14:30:00,XLP,Consumer Staples,73.55000305175781
2022-11-16 14:30:00,XLP,Consumer Staples,73.91000366210938
2022-11-17 14:30:00,XLP,Consumer Staples,73.88999938964844
2022-11-18 14:30:00,XLP,Consumer Staples,74.68000030517578
2022-11-21 14:30:00,XLP,Consumer Staples,75.38999938964844
2022-11-22 14:30:00,XLP,Consumer Staples,75.94000244140625
2022-11-23 14:30:00,XLP,Consumer Staples,76.19999694824219
2022-11-25 14:30:00,XLP,Consumer Staples,76.25
2022-11-28 14:30:00,XLP,Consumer Staples,75.95999908447266
2022-11-29 14:30:00,XLP,Consumer Staples,75.66999816894531
2022-11-30 14:30:00,XLP,Consumer Staples,77.19000244140625
2022-12-01 14:30:00,XLP,Consumer Staples,76.83999633789062
2022-12-02 14:30:00,XLP,Consumer Staples,77.19000244140625
2022-12-05 14:30:00,XLP,Consumer Staples,76.22000122070312
2022-12-06 14:30:00,XLP,Consumer Staples,75.75
2022-12-07 14:30:00,XLP,Consumer Staples,76.06999969482422
2022-12-08 14:30:00,XLP,Consumer Staples,76.4800033569336
2022-12-09 14:30:00,XLP,Consumer Staples,75.88999938964844
2022-12-12 14:30:00,XLP,Consumer Staples,76.69000244140625
2022-12-13 14:30:00,XLP,Consumer Staples,76.58000183105469
2022-12-14 14:30:00,XLP,Consumer Staples,76.52999877929688
2022-12-15 14:30:00,XLP,Consumer Staples,75.2300033569336
2022-12-16 14:30:00,XLP,Consumer Staples,74.86000061035156
2022-12-19 14:30:00,XLP,Consumer Staples,74.27999877929688
2022-12-20 14:30:00,XLP,Consumer Staples,74.22000122070312
2022-12-21 14:30:00,XLP,Consumer Staples,74.95999908447266
2022-12-22 14:30:00,XLP,Consumer Staples,74.79000091552734
2022-12-23 14:30:00,XLP,Consumer Staples,75.18000030517578
2022-12-27 14:30:00,XLP,Consumer Staples,75.54000091552734
2022-12-28 14:30:00,XLP,Consumer Staples,74.5999984741211
2022-12-29 14:30:00,XLP,Consumer Staples,74.91999816894531
2022-12-30 14:30:00,XLP,Consumer Staples,74.55000305175781
2023-01-03 14:30:00,XLP,Consumer Staples,74.2699966430664
2023-01-04 14:30:00,XLP,Consumer Staples,74.55999755859375
2023-01-05 14:30:00,XLP,Consumer Staples,73.80999755859375
2023-01-06 14:30:00,XLP,Consumer Staples,75.77999877929688
2023-01-09 14:30:00,XLP,Consumer Staples,75.04000091552734
2023-01-10 14:30:00,XLP,Consumer Staples,74.94000244140625
2023-01-11 14:30:00,XLP,Consumer Staples,74.9800033569336
2023-01-12 14:30:00,XLP,Consumer Staples,74.38999938964844
2023-01-13 14:30:00,XLP,Consumer Staples,74.73999786376953
2023-01-17 14:30:00,XLP,Consumer Staples,74.79000091552734
2023-01-18 14:30:00,XLP,Consumer Staples,72.75
2023-01-19 14:30:00,XLP,Consumer Staples,72.05999755859375
2023-01-20 14:30:00,XLP,Consumer Staples,72.62000274658203
2023-01-23 14:30:00,XLP,Consumer Staples,72.8499984741211
2023-01-24 14:30:00,XLP,Consumer Staples,73.1500015258789
2023-01-25 14:30:00,XLP,Consumer Staples,73.33000183105469
2023-01-26 14:30:00,XLP,Consumer Staples,73.06999969482422
2023-01-27 14:30:00,XLP,Consumer Staples,72.86000061035156
2023-01-30 14:30:00,XLP,Consumer Staples,72.94999694824219
2023-01-31 14:30:00,XLP,Consumer Staples,73.73999786376953
2023-02-01 14:30:00,XLP,Consumer Staples,74.33000183105469
2023-02-02 14:30:00,XLP,Consumer Staples,73.69000244140625
2023-02-03 14:30:00,XLP,Consumer Staples,73.4000015258789
2023-02-06 14:30:00,XLP,Consumer Staples,73.48999786376953
2023-02-07 14:30:00,XLP,Consumer Staples,73.18000030517578
2023-02-08 14:30:00,XLP,Consumer Staples,72.62000274658203
2023-02-09 14:30:00,XLP,Consumer Staples,72.30000305175781
2023-02-10 14:30:00,XLP,Consumer Staples,72.97000122070312
2023-02-13 14:30:00,XLP,Consumer Staples,73.80000305175781
2023-02-14 14:30:00,XLP,Consumer Staples,73.12999725341797
2023-02-15 14:30:00,XLP,Consumer Staples,73.2699966430664
2023-02-16 14:30:00,XLP,Consumer Staples,72.73999786376953
2023-02-17 14:30:00,XLP,Consumer Staples,73.68000030517578
2023-02-21 14:30:00,XLP,Consumer Staples,73.4000015258789
2023-02-22 14:30:00,XLP,Consumer Staples,73.29000091552734
2023-02-23 14:30:00,XLP,Consumer Staples,73.19999694824219
2023-02-24 14:30:00,XLP,Consumer Staples,72.70999908447266
2023-02-27 14:30:00,XLP,Consumer Staples,72.62999725341797
2023-02-28 14:30:00,XLP,Consumer Staples,72.02999877929688
2023-03-01 14:30:00,XLP,Consumer Staples,71.5
2023-03-02 14:30:00,XLP,Consumer Staples,72.4800033569336
2023-03-03 14:30:00,XLP,Consumer Staples,72.54000091552734
2023-03-06 14:30:00,XLP,Consumer Staples,72.7300033569336
2023-03-07 14:30:00,XLP,Consumer Staples,72.01000213623047
2023-03-08 14:30:00,XLP,Consumer Staples,72.12999725341797
2023-03-09 14:30:00,XLP,Consumer Staples,71.45999908447266
2023-03-10 14:30:00,XLP,Consumer Staples,71.11000061035156
2023-03-13 13:30:00,XLP,Consumer Staples,71.47000122070312
2023-03-14 13:30:00,XLP,Consumer Staples,72.12000274658203
2023-03-15 13:30:00,XLP,Consumer Staples,72.58999633789062
2023-03-16 13:30:00,XLP,Consumer Staples,72.63999938964844
2023-03-17 13:30:00,XLP,Consumer Staples,72.11000061035156
2023-03-20 13:30:00,XLP,Consumer Staples,72.76000213623047
2023-03-21 13:30:00,XLP,Consumer Staples,72.69999694824219
2023-03-22 13:30:00,XLP,Consumer Staples,72.02999877929688
2023-03-23 13:30:00,XLP,Consumer Staples,71.75
2023-03-24 13:30:00,XLP,Consumer Staples,72.97000122070312
2023-03-27 13:30:00,XLP,Consumer Staples,73.36000061035156
2023-03-28 13:30:00,XLP,Consumer Staples,73.48999786376953
2023-03-29 13:30:00,XLP,Consumer Staples,73.9000015258789
2023-03-30 13:30:00,XLP,Consumer Staples,74.11000061035156
2023-03-31 13:30:00,XLP,Consumer Staples,74.70999908447266
2023-04-03 13:30:00,XLP,Consumer Staples,75.0999984741211
2023-04-04 13:30:00,XLP,Consumer Staples,74.94999694824219
2023-04-05 13:30:00,XLP,Consumer Staples,75.30000305175781
2023-04-06 13:30:00,XLP,Consumer Staples,75.36000061035156
2023-04-10 13:30:00,XLP,Consumer Staples,75.36000061035156
2023-04-11 13:30:00,XLP,Consumer Staples,75.58000183105469
2023-04-12 13:30:00,XLP,Consumer Staples,75.23999786376953
2023-04-13 13:30:00,XLP,Consumer Staples,75.66000366210938
2023-04-14 13:30:00,XLP,Consumer Staples,75.18000030517578
2023-04-17 13:30:00,XLP,Consumer Staples,75.66000366210938
2023-04-18 13:30:00,XLP,Consumer Staples,75.88999938964844
2023-04-19 13:30:00,XLP,Consumer Staples,75.83999633789062
2023-04-20 13:30:00,XLP,Consumer Staples,76.0199966430664
2023-04-21 13:30:00,XLP,Consumer Staples,76.56999969482422
2023-04-24 13:30:00,XLP,Consumer Staples,76.87999725341797
2023-04-25 13:30:00,XLP,Consumer Staples,76.77999877929688
2023-04-26 13:30:00,XLP,Consumer Staples,76.18000030517578
2023-04-27 13:30:00,XLP,Consumer Staples,77.02999877929688
2023-04-28 13:30:00,XLP,Consumer Staples,77.44000244140625
2023-05-01 13:30:00,XLP,Consumer Staples,77.5
2023-05-02 13:30:00,XLP,Consumer Staples,77.29000091552734
2023-05-03 13:30:00,XLP,Consumer Staples,76.66000366210938
2023-05-04 13:30:00,XLP,Consumer Staples,76.47000122070312
2023-05-05 13:30:00,XLP,Consumer Staples,77.18000030517578
2023-05-08 13:30:00,XLP,Consumer Staples,76.94999694824219
2023-05-09 13:30:00,XLP,Consumer Staples,76.70999908447266
2023-05-10 13:30:00,XLP,Consumer Staples,76.58999633789062
2023-05-11 13:30:00,XLP,Consumer Staples,76.81999969482422
2023-05-12 13:30:00,XLP,Consumer Staples,77.12000274658203
2023-05-15 13:30:00,XLP,Consumer Staples,76.93000030517578
2023-05-16 13:30:00,XLP,Consumer Staples,76.27999877929688
2023-05-17 13:30:00,XLP,Consumer Staples,76.23999786376953
2023-05-18 13:30:00,XLP,Consumer Staples,75.87000274658203
2023-05-19 13:30:00,XLP,Consumer Staples,75.91999816894531
2023-05-22 13:30:00,XLP,Consumer Staples,74.7699966430664
2023-05-23 13:30:00,XLP,Consumer Staples,74.22000122070312
2023-05-24 13:30:00,XLP,Consumer Staples,73.73999786376953
2023-05-25 13:30:00,XLP,Consumer Staples,73.18000030517578
2023-05-26 13:30:00,XLP,Consumer Staples,73.43000030517578
2023-05-30 13:30:00,XLP,Consumer Staples,72.58999633789062
2023-05-31 13:30:00,XLP,Consumer Staples,72.66999816894531
2023-06-01 13:30:00,XLP,Consumer Staples,72.61000061035156
2023-06-02 13:30:00,XLP,Consumer Staples,73.61000061035156
2023-06-05 13:30:00,XLP,Consumer Staples,73.33999633789062
2023-06-06 13:30:00,XLP,Consumer Staples,72.97000122070312
2023-06-07 13:30:00,XLP,Consumer Staples,72.7300033569336
2023-06-08 13:30:00,XLP,Consumer Staples,73.2300033569336
2023-06-09 13:30:00,XLP,Consumer Staples,73.11000061035156
2023-06-12 13:30:00,XLP,Consumer Staples,73.08999633789062
2023-06-13 13:30:00,XLP,Consumer Staples,73.38999938964844
2023-06-14 13:30:00,XLP,Consumer Staples,73.83999633789062
2023-06-15 13:30:00,XLP,Consumer Staples,74.58000183105469
2023-06-16 13:30:00,XLP,Consumer Staples,74.66999816894531
2023-06-20 13:30:00,XLP,Consumer Staples,73.58000183105469
2023-06-21 13:30:00,XLP,Consumer Staples,73.83999633789062
2023-06-22 13:30:00,XLP,Consumer Staples,74.2699966430664
2023-06-23 13:30:00,XLP,Consumer Staples,73.77999877929688
2023-06-26 13:30:00,XLP,Consumer Staples,73.87999725341797
2023-06-27 13:30:00,XLP,Consumer Staples,74.0999984741211
2023-06-28 13:30:00,XLP,Consumer Staples,73.5999984741211
2023-06-29 13:30:00,XLP,Consumer Staples,73.52999877929688
2023-06-30 13:30:00,XLP,Consumer Staples,74.16999816894531
2023-07-03 13:30:00,XLP,Consumer Staples,74.75
2023-07-05 13:30:00,XLP,Consumer Staples,74.62000274658203
2023-07-06 13:30:00,XLP,Consumer Staples,74.43000030517578
2023-07-07 13:30:00,XLP,Consumer Staples,73.45999908447266
2023-07-10 13:30:00,XLP,Consumer Staples,73.44000244140625
2023-07-11 13:30:00,XLP,Consumer Staples,73.55000305175781
2023-07-12 13:30:00,XLP,Consumer Staples,73.72000122070312
2023-07-13 13:30:00,XLP,Consumer Staples,74.02999877929688
2023-07-14 13:30:00,XLP,Consumer Staples,74.27999877929688
2023-07-17 13:30:00,XLP,Consumer Staples,74.05999755859375
2023-07-18 13:30:00,XLP,Consumer Staples,73.9800033569336
2023-07-19 13:30:00,XLP,Consumer Staples,74.7300033569336
2023-07-20 13:30:00,XLP,Consumer Staples,75.37000274658203
2023-07-21 13:30:00,XLP,Consumer Staples,75.62999725341797
2023-07-24 13:30:00,XLP,Consumer Staples,75.91999816894531
2023-07-25 13:30:00,XLP,Consumer Staples,75.9000015258789
2023-07-26 13:30:00,XLP,Consumer Staples,75.98999786376953
2023-07-27 13:30:00,XLP,Consumer Staples,75.31999969482422
2023-07-28 13:30:00,XLP,Consumer Staples,76.0999984741211
2023-07-31 13:30:00,XLP,Consumer Staples,75.75
2023-08-01 13:30:00,XLP,Consumer Staples,75.33999633789062
2023-08-02 13:30:00,XLP,Consumer Staples,75.61000061035156
2023-08-03 13:30:00,XLP,Consumer Staples,75.4000015258789
2023-08-04 13:30:00,XLP,Consumer Staples,74.6500015258789
2023-08-07 13:30:00,XLP,Consumer Staples,75.26000213623047
2023-08-08 13:30:00,XLP,Consumer Staples,74.72000122070312
2023-08-09 13:30:00,XLP,Consumer Staples,74.83000183105469
2023-08-10 13:30:00,XLP,Consumer Staples,74.68000030517578
2023-08-11 13:30:00,XLP,Consumer Staples,74.80000305175781
2023-08-14 13:30:00,XLP,Consumer Staples,74.43000030517578
2023-08-15 13:30:00,XLP,Consumer Staples,73.62999725341797
2023-08-16 13:30:00,XLP,Consumer Staples,73.45999908447266
2023-08-17 13:30:00,XLP,Consumer Staples,72.75
2023-08-18 13:30:00,XLP,Consumer Staples,73.0199966430664
2023-08-21 13:30:00,XLP,Consumer Staples,72.52999877929688
2023-08-22 13:30:00,XLP,Consumer Staples,72.12000274658203
2023-08-23 13:30:00,XLP,Consumer Staples,72.5999984741211
2023-08-24 13:30:00,XLP,Consumer Staples,72.0199966430664
2023-08-25 13:30:00,XLP,Consumer Staples,72.41999816894531
2023-08-28 13:30:00,XLP,Consumer Staples,72.75
2023-08-29 13:30:00,XLP,Consumer Staples,73.01000213623047
2023-08-30 13:30:00,XLP,Consumer Staples,73.12999725341797
2023-08-31 13:30:00,XLP,Consumer Staples,72.76000213623047
2023-09-01 13:30:00,XLP,Consumer Staples,72.13999938964844
2023-09-05 13:30:00,XLP,Consumer Staples,71.5199966430664
2023-09-06 13:30:00,XLP,Consumer Staples,71.44000244140625
2023-09-07 13:30:00,XLP,Consumer Staples,71.61000061035156
2023-09-08 13:30:00,XLP,Consumer Staples,71.69999694824219
2023-09-11 13:30:00,XLP,Consumer Staples,72.31999969482422
2023-09-12 13:30:00,XLP,Consumer Staples,71.69999694824219
2023-09-13 13:30:00,XLP,Consumer Staples,71.91999816894531
2023-09-14 13:30:00,XLP,Consumer Staples,72.6500015258789
2023-09-15 13:30:00,XLP,Consumer Staples,72.05000305175781
2023-09-18 13:30:00,XLP,Consumer Staples,71.54000091552734
2023-09-19 13:30:00,XLP,Consumer Staples,71.37000274658203
2023-09-20 13:30:00,XLP,Consumer Staples,71.44000244140625
2023-09-21 13:30:00,XLP,Consumer Staples,70.5199966430664
2023-09-22 13:30:00,XLP,Consumer Staples,70.13999938964844
2023-09-25 13:30:00,XLP,Consumer Staples,69.88999938964844
2023-09-26 13:30:00,XLP,Consumer Staples,69.37000274658203
2023-09-27 13:30:00,XLP,Consumer Staples,68.80000305175781
2023-09-28 13:30:00,XLP,Consumer Staples,69.01000213623047
2023-09-29 13:30:00,XLP,Consumer Staples,68.80999755859375
2023-10-02 13:30:00,XLP,Consumer Staples,68.33999633789062
2023-10-03 13:30:00,XLP,Consumer Staples,67.8499984741211
2023-10-04 13:30:00,XLP,Consumer Staples,68.38999938964844
2023-10-05 13:30:00,XLP,Consumer Staples,67.04000091552734
2023-10-06 13:30:00,XLP,Consumer Staples,66.66999816894531
2023-10-09 13:30:00,XLP,Consumer Staples,66.7300033569336
2023-10-10 13:30:00,XLP,Consumer Staples,67.41000366210938
2023-10-11 13:30:00,XLP,Consumer Staples,66.94999694824219
2023-10-12 13:30:00,XLP,Consumer Staples,66.22000122070312
2023-10-13 13:30:00,XLP,Consumer Staples,66.80000305175781
2023-10-16 13:30:00,XLP,Consumer Staples,67.48999786376953
2023-10-17 13:30:00,XLP,Consumer Staples,67.77999877929688
2023-10-18 13:30:00,XLP,Consumer Staples,68.02999877929688
2023-10-19 13:30:00,XLP,Consumer Staples,67.52999877929688
2023-10-20 13:30:00,XLP,Consumer Staples,67.2699966430664
2023-10-23 13:30:00,XLP,Consumer Staples,67.13999938964844
2023-10-24 13:30:00,XLP,Consumer Staples,67.70999908447266
2023-10-25 13:30:00,XLP,Consumer Staples,67.94000244140625
2023-10-26 13:30:00,XLP,Consumer Staples,67.5
2023-10-27 13:30:00,XLP,Consumer Staples,66.58000183105469
2023-10-30 13:30:00,XLP,Consumer Staples,67.62000274658203
2023-10-31 13:30:00,XLP,Consumer Staples,67.86000061035156
2023-11-01 13:30:00,XLP,Consumer Staples,67.79000091552734
2023-11-02 13:30:00,XLP,Consumer Staples,68.66999816894531
2023-11-03 13:30:00,XLP,Consumer Staples,68.75
2023-11-06 14:30:00,XLP,Consumer Staples,68.86000061035156
2023-11-07 14:30:00,XLP,Consumer Staples,69.02999877929688
2023-11-08 14:30:00,XLP,Consumer Staples,68.76000213623047
2023-11-09 14:30:00,XLP,Consumer Staples,68.4800033569336
2023-11-10 14:30:00,XLP,Consumer Staples,68.95999908447266
2023-11-13 14:30:00,XLP,Consumer Staples,69.18000030517578
2023-11-14 14:30:00,XLP,Consumer Staples,69.88999938964844
2023-11-15 14:30:00,XLP,Consumer Staples,70.44999694824219
2023-11-16 14:30:00,XLP,Consumer Staples,69.58000183105469
2023-11-17 14:30:00,XLP,Consumer Staples,69.48999786376953
2023-11-20 14:30:00,XLP,Consumer Staples,69.44000244140625
2023-11-21 14:30:00,XLP,Consumer Staples,69.6500015258789
2023-11-22 14:30:00,XLP,Consumer Staples,70.1500015258789
2023-11-24 14:30:00,XLP,Consumer Staples,70.41000366210938
2023-11-27 14:30:00,XLP,Consumer Staples,70.20999908447266
2023-11-28 14:30:00,XLP,Consumer Staples,70.52999877929688
2023-11-29 14:30:00,XLP,Consumer Staples,69.95999908447266
2023-11-30 14:30:00,XLP,Consumer Staples,70.66000366210938
2023-12-01 14:30:00,XLP,Consumer Staples,70.94999694824219
2023-12-04 14:30:00,XLP,Consumer Staples,71.04000091552734
2023-12-05 14:30:00,XLP,Consumer Staples,70.4800033569336
2023-12-06 14:30:00,XLP,Consumer Staples,70.30000305175781
2023-12-07 14:30:00,XLP,Consumer Staples,70.5999984741211
2023-12-08 14:30:00,XLP,Consumer Staples,70.11000061035156
2023-12-11 14:30:00,XLP,Consumer Staples,70.77999877929688
2023-12-12 14:30:00,XLP,Consumer Staples,71.01000213623047
2023-12-13 14:30:00,XLP,Consumer Staples,72.30000305175781
2023-12-14 14:30:00,XLP,Consumer Staples,71.23999786376953
2023-12-15 14:30:00,XLP,Consumer Staples,71.23999786376953
2023-12-18 14:30:00,XLP,Consumer Staples,71.44000244140625
2023-12-19 14:30:00,XLP,Consumer Staples,71.58000183105469
2023-12-20 14:30:00,XLP,Consumer Staples,70.19000244140625
2023-12-21 14:30:00,XLP,Consumer Staples,70.68000030517578
2023-12-22 14:30:00,XLP,Consumer Staples,71.22000122070312
2023-12-26 14:30:00,XLP,Consumer Staples,71.5199966430664
2023-12-27 14:30:00,XLP,Consumer Staples,71.8499984741211
2023-12-28 14:30:00,XLP,Consumer Staples,71.87999725341797
2023-12-29 14:30:00,XLP,Consumer Staples,72.02999877929688
2024-01-02 14:30:00,XLP,Consumer Staples,72.83999633789062
2024-01-03 14:30:00,XLP,Consumer Staples,72.2699966430664
2024-01-04 14:30:00,XLP,Consumer Staples,72.16999816894531
2024-01-05 14:30:00,XLP,Consumer Staples,72.01000213623047
2024-01-08 14:30:00,XLP,Consumer Staples,72.54000091552734
2024-01-09 14:30:00,XLP,Consumer Staples,72.7300033569336
2024-01-10 14:30:00,XLP,Consumer Staples,72.58000183105469
2024-01-11 14:30:00,XLP,Consumer Staples,72.56999969482422
2024-01-12 14:30:00,XLP,Consumer Staples,72.80000305175781
2024-01-16 14:30:00,XLP,Consumer Staples,72.4000015258789
2024-01-17 14:30:00,XLP,Consumer Staples,72.3499984741211
2024-01-18 14:30:00,XLP,Consumer Staples,72.26000213623047
2024-01-19 14:30:00,XLP,Consumer Staples,72.05000305175781
2024-01-22 14:30:00,XLP,Consumer Staples,71.69999694824219
2024-01-23 14:30:00,XLP,Consumer Staples,72.4800033569336
2024-01-24 14:30:00,XLP,Consumer Staples,71.58999633789062
2024-01-25 14:30:00,XLP,Consumer Staples,72.27999877929688
2024-01-26 14:30:00,XLP,Consumer Staples,72.62999725341797
2024-01-29 14:30:00,XLP,Consumer Staples,73.05000305175781
2024-01-30 14:30:00,XLP,Consumer Staples,73.45999908447266
2024-01-31 14:30:00,XLP,Consumer Staples,72.91999816894531
2024-02-01 14:30:00,XLP,Consumer Staples,74.41000366210938
2024-02-02 14:30:00,XLP,Consumer Staples,74.16999816894531
2024-02-05 14:30:00,XLP,Consumer Staples,73.70999908447266
2024-02-06 14:30:00,XLP,Consumer Staples,73.87999725341797
2024-02-07 14:30:00,XLP,Consumer Staples,73.80999755859375
2024-02-08 14:30:00,XLP,Consumer Staples,73.79000091552734
2024-02-09 14:30:00,XLP,Consumer Staples,73.11000061035156
2024-02-12 14:30:00,XLP,Consumer Staples,73.62999725341797
2024-02-13 14:30:00,XLP,Consumer Staples,72.83999633789062
2024-02-14 14:30:00,XLP,Consumer Staples,72.69999694824219
2024-02-15 14:30:00,XLP,Consumer Staples,73.16999816894531
2024-02-16 14:30:00,XLP,Consumer Staples,73.27999877929688
2024-02-20 14:30:00,XLP,Consumer Staples,74.05000305175781
2024-02-21 14:30:00,XLP,Consumer Staples,74.31999969482422
2024-02-22 14:30:00,XLP,Consumer Staples,74.55000305175781
2024-02-23 14:30:00,XLP,Consumer Staples,74.77999877929688
2024-02-26 14:30:00,XLP,Consumer Staples,74.4800033569336
2024-02-27 14:30:00,XLP,Consumer Staples,74.48999786376953
2024-02-28 14:30:00,XLP,Consumer Staples,74.56999969482422
2024-02-29 14:30:00,XLP,Consumer Staples,74.44999694824219
2024-03-01 14:30:00,XLP,Consumer Staples,74.45999908447266
2024-03-04 14:30:00,XLP,Consumer Staples,74.5199966430664
2024-03-05 14:30:00,XLP,Consumer Staples,74.69999694824219
2024-03-06 14:30:00,XLP,Consumer Staples,75.33000183105469
2024-03-07 14:30:00,XLP,Consumer Staples,75.76000213623047
2024-03-08 14:30:00,XLP,Consumer Staples,75.16000366210938
2024-03-11 13:30:00,XLP,Consumer Staples,75.56999969482422
2024-03-12 13:30:00,XLP,Consumer Staples,75.95999908447266
2024-03-13 13:30:00,XLP,Consumer Staples,76.1500015258789
2024-03-14 13:30:00,XLP,Consumer Staples,75.55999755859375
2024-03-15 13:30:00,XLP,Consumer Staples,75.52999877929688
2024-03-18 13:30:00,XLP,Consumer Staples,75.45999908447266
2024-03-19 13:30:00,XLP,Consumer Staples,75.73999786376953
2024-03-20 13:30:00,XLP,Consumer Staples,75.97000122070312
2024-03-21 13:30:00,XLP,Consumer Staples,76.01000213623047
2024-03-22 13:30:00,XLP,Consumer Staples,75.63999938964844
2024-03-25 13:30:00,XLP,Consumer Staples,75.43000030517578
2024-03-26 13:30:00,XLP,Consumer Staples,75.47000122070312
2024-03-27 13:30:00,XLP,Consumer Staples,76.26000213623047
2024-03-28 13:30:00,XLP,Consumer Staples,76.36000061035156
2024-04-01 13:30:00,XLP,Consumer Staples,75.75
2024-04-02 13:30:00,XLP,Consumer Staples,75.36000061035156
2024-04-03 13:30:00,XLP,Consumer Staples,74.52999877929688
2024-04-04 13:30:00,XLP,Consumer Staples,74.20999908447266
2024-04-05 13:30:00,XLP,Consumer Staples,74.33000183105469
2024-04-08 13:30:00,XLP,Consumer Staples,74.22000122070312
2024-04-09 13:30:00,XLP,Consumer Staples,74.58000183105469
2024-04-10 13:30:00,XLP,Consumer Staples,74.30999755859375
2024-04-11 13:30:00,XLP,Consumer Staples,74.12999725341797
2024-04-12 13:30:00,XLP,Consumer Staples,73.37999725341797
2024-04-15 13:30:00,XLP,Consumer Staples,73.08000183105469
2024-04-16 13:30:00,XLP,Consumer Staples,73.11000061035156
2024-04-17 13:30:00,XLP,Consumer Staples,73.37999725341797
2024-04-18 13:30:00,XLP,Consumer Staples,73.72000122070312
2024-04-19 13:30:00,XLP,Consumer Staples,74.44000244140625
2024-04-22 13:30:00,XLP,Consumer Staples,75.1500015258789
2024-04-23 13:30:00,XLP,Consumer Staples,75.36000061035156
2024-04-24 13:30:00,XLP,Consumer Staples,75.93000030517578
2024-04-25 13:30:00,XLP,Consumer Staples,75.75
2024-04-26 13:30:00,XLP,Consumer Staples,75.58999633789062
2024-04-29 13:30:00,XLP,Consumer Staples,75.83000183105469
2024-04-30 13:30:00,XLP,Consumer Staples,75.5
2024-05-01 13:30:00,XLP,Consumer Staples,75.0199966430664
2024-05-02 13:30:00,XLP,Consumer Staples,75.6500015258789
2024-05-03 13:30:00,XLP,Consumer Staples,75.87999725341797
2024-05-06 13:30:00,XLP,Consumer Staples,75.91999816894531
2024-05-07 13:30:00,XLP,Consumer Staples,76.75
2024-05-08 13:30:00,XLP,Consumer Staples,76.5199966430664
2024-05-09 13:30:00,XLP,Consumer Staples,77.18000030517578
2024-05-10 13:30:00,XLP,Consumer Staples,77.62000274658203
2024-05-13 13:30:00,XLP,Consumer Staples,77.4000015258789
2024-05-14 13:30:00,XLP,Consumer Staples,77.25
2024-05-15 13:30:00,XLP,Consumer Staples,77.30000305175781
2024-05-16 13:30:00,XLP,Consumer Staples,78.4000015258789
2024-05-17 13:30:00,XLP,Consumer Staples,78.20999908447266
2024-05-20 13:30:00,XLP,Consumer Staples,77.66999816894531
2024-05-21 13:30:00,XLP,Consumer Staples,78.12999725341797
2024-05-22 13:30:00,XLP,Consumer Staples,77.81999969482422
2024-05-23 13:30:00,XLP,Consumer Staples,76.9000015258789
2024-05-24 13:30:00,XLP,Consumer Staples,77.0999984741211
2024-05-28 13:30:00,XLP,Consumer Staples,76.5
2024-05-29 13:30:00,XLP,Consumer Staples,75.94999694824219
2024-05-30 13:30:00,XLP,Consumer Staples,76.1500015258789
2024-05-31 13:30:00,XLP,Consumer Staples,77.33999633789062
2024-06-03 13:30:00,XLP,Consumer Staples,77.30999755859375
2024-06-04 13:30:00,XLP,Consumer Staples,77.9800033569336
2024-06-05 13:30:00,XLP,Consumer Staples,77.80999755859375
2024-06-06 13:30:00,XLP,Consumer Staples,78.05000305175781
2024-06-07 13:30:00,XLP,Consumer Staples,77.66000366210938
2024-06-10 13:30:00,XLP,Consumer Staples,77.5999984741211
2024-06-11 13:30:00,XLP,Consumer Staples,77.55999755859375
2024-06-12 13:30:00,XLP,Consumer Staples,76.70999908447266
2024-06-13 13:30:00,XLP,Consumer Staples,76.80999755859375
2024-06-14 13:30:00,XLP,Consumer Staples,76.94999694824219
2024-06-17 13:30:00,XLP,Consumer Staples,77.68000030517578
2024-06-18 13:30:00,XLP,Consumer Staples,77.77999877929688
2024-06-20 13:30:00,XLP,Consumer Staples,77.61000061035156
2024-06-21 13:30:00,XLP,Consumer Staples,77.66999816894531
2024-06-24 13:30:00,XLP,Consumer Staples,77.91000366210938
2024-06-25 13:30:00,XLP,Consumer Staples,77.41000366210938
2024-06-26 13:30:00,XLP,Consumer Staples,77.25
2024-06-27 13:30:00,XLP,Consumer Staples,76.91999816894531
2024-06-28 13:30:00,XLP,Consumer Staples,76.58000183105469
2024-07-01 13:30:00,XLP,Consumer Staples,76.04000091552734
2024-07-02 13:30:00,XLP,Consumer Staples,76.56999969482422
2024-07-03 13:30:00,XLP,Consumer Staples,76.44000244140625
2024-07-05 13:30:00,XLP,Consumer Staples,77.37999725341797
2024-07-08 13:30:00,XLP,Consumer Staples,77.26000213623047
2024-07-09 13:30:00,XLP,Consumer Staples,77.05999755859375
2024-07-10 13:30:00,XLP,Consumer Staples,77.4000015258789
2024-07-11 13:30:00,XLP,Consumer Staples,77.11000061035156
2024-07-12 13:30:00,XLP,Consumer Staples,77.44999694824219
2024-07-15 13:30:00,XLP,Consumer Staples,77.0
2024-07-16 13:30:00,XLP,Consumer Staples,77.73999786376953
2024-07-17 13:30:00,XLP,Consumer Staples,78.73999786376953
2024-07-18 13:30:00,XLP,Consumer Staples,78.3499984741211
2024-07-19 13:30:00,XLP,Consumer Staples,78.08999633789062
2024-07-22 13:30:00,XLP,Consumer Staples,78.13999938964844
2024-07-23 13:30:00,XLP,Consumer Staples,77.86000061035156
2024-07-24 13:30:00,XLP,Consumer Staples,77.79000091552734
2024-07-25 13:30:00,XLP,Consumer Staples,77.69999694824219
2024-07-26 13:30:00,XLP,Consumer Staples,78.48999786376953
2024-07-29 13:30:00,XLP,Consumer Staples,78.5199966430664
2024-07-30 13:30:00,XLP,Consumer Staples,77.98999786376953
2024-07-31 13:30:00,XLP,Consumer Staples,77.8499984741211
2024-08-01 13:30:00,XLP,Consumer Staples,78.56999969482422
2024-08-02 13:30:00,XLP,Consumer Staples,79.26000213623047
2024-08-05 13:30:00,XLP,Consumer Staples,77.69999694824219
2024-08-06 13:30:00,XLP,Consumer Staples,78.23999786376953
2024-08-07 13:30:00,XLP,Consumer Staples,78.31999969482422
2024-08-08 13:30:00,XLP,Consumer Staples,79.02999877929688
2024-08-09 13:30:00,XLP,Consumer Staples,79.1500015258789
2024-08-12 13:30:00,XLP,Consumer Staples,78.75
2024-08-13 13:30:00,XLP,Consumer Staples,79.11000061035156
2024-08-14 13:30:00,XLP,Consumer Staples,79.47000122070312
2024-08-15 13:30:00,XLP,Consumer Staples,80.29000091552734
2024-08-16 13:30:00,XLP,Consumer Staples,80.51000213623047
2024-08-19 13:30:00,XLP,Consumer Staples,80.77999877929688
2024-08-20 13:30:00,XLP,Consumer Staples,81.18000030517578
2024-08-21 13:30:00,XLP,Consumer Staples,81.7300033569336
2024-08-22 13:30:00,XLP,Consumer Staples,81.61000061035156
2024-08-23 13:30:00,XLP,Consumer Staples,81.83999633789062
2024-08-26 13:30:00,XLP,Consumer Staples,82.41999816894531
2024-08-27 13:30:00,XLP,Consumer Staples,82.62000274658203
2024-08-28 13:30:00,XLP,Consumer Staples,82.2699966430664
2024-08-29 13:30:00,XLP,Consumer Staples,81.86000061035156
2024-08-30 13:30:00,XLP,Consumer Staples,82.51000213623047
2024-09-03 13:30:00,XLP,Consumer Staples,83.08999633789062
2024-09-04 13:30:00,XLP,Consumer Staples,83.4800033569336
2024-09-05 13:30:00,XLP,Consumer Staples,83.16000366210938
2024-09-06 13:30:00,XLP,Consumer Staples,82.98999786376953
2024-09-09 13:30:00,XLP,Consumer Staples,83.62999725341797
2024-09-10 13:30:00,XLP,Consumer Staples,83.61000061035156
2024-09-11 13:30:00,XLP,Consumer Staples,82.83000183105469
2024-09-12 13:30:00,XLP,Consumer Staples,83.33999633789062
2024-09-13 13:30:00,XLP,Consumer Staples,83.93000030517578
2024-09-16 13:30:00,XLP,Consumer Staples,84.26000213623047
2024-09-17 13:30:00,XLP,Consumer Staples,83.45999908447266
2024-09-18 13:30:00,XLP,Consumer Staples,83.13999938964844
2024-09-19 13:30:00,XLP,Consumer Staples,82.6500015258789
2024-09-20 13:30:00,XLP,Consumer Staples,83.05000305175781
2024-09-23 13:30:00,XLP,Consumer Staples,83.08999633789062
2024-09-24 13:30:00,XLP,Consumer Staples,82.88999938964844
2024-09-25 13:30:00,XLP,Consumer Staples,82.68000030517578
2024-09-26 13:30:00,XLP,Consumer Staples,82.87000274658203
2024-09-27 13:30:00,XLP,Consumer Staples,83.0199966430664
2024-09-30 13:30:00,XLP,Consumer Staples,83.0
2024-10-01 13:30:00,XLP,Consumer Staples,82.72000122070312
2024-10-02 13:30:00,XLP,Consumer Staples,82.0199966430664
2024-10-03 13:30:00,XLP,Consumer Staples,81.19999694824219
2024-10-04 13:30:00,XLP,Consumer Staples,81.47000122070312
2024-10-07 13:30:00,XLP,Consumer Staples,80.66000366210938
2024-10-08 13:30:00,XLP,Consumer Staples,81.05999755859375
2024-10-09 13:30:00,XLP,Consumer Staples,81.55000305175781
2024-10-10 13:30:00,XLP,Consumer Staples,81.19000244140625
2024-10-11 13:30:00,XLP,Consumer Staples,81.63999938964844
2024-10-14 13:30:00,XLP,Consumer Staples,81.97000122070312
2024-10-15 13:30:00,XLP,Consumer Staples,82.48999786376953
2024-10-16 13:30:00,XLP,Consumer Staples,82.43000030517578
2024-10-17 13:30:00,XLP,Consumer Staples,82.05999755859375
2024-10-18 13:30:00,XLP,Consumer Staples,82.23999786376953
2024-10-21 13:30:00,XLP,Consumer Staples,81.55000305175781
2024-10-22 13:30:00,XLP,Consumer Staples,82.01000213623047
2024-10-23 13:30:00,XLP,Consumer Staples,81.8499984741211
2024-10-24 13:30:00,XLP,Consumer Staples,81.73999786376953
2024-10-25 13:30:00,XLP,Consumer Staples,81.05999755859375
2024-10-28 13:30:00,XLP,Consumer Staples,81.20999908447266
2024-10-29 13:30:00,XLP,Consumer Staples,80.41000366210938
2024-10-30 13:30:00,XLP,Consumer Staples,80.27999877929688
2024-10-31 13:30:00,XLP,Consumer Staples,80.12000274658203
2024-11-01 13:30:00,XLP,Consumer Staples,80.1500015258789
2024-11-04 14:30:00,XLP,Consumer Staples,80.37000274658203
2024-11-05 14:30:00,XLP,Consumer Staples,80.87999725341797
2024-11-06 14:30:00,XLP,Consumer Staples,79.55999755859375
2024-11-07 14:30:00,XLP,Consumer Staples,79.8499984741211
2024-11-08 14:30:00,XLP,Consumer Staples,80.81999969482422
2024-11-11 14:30:00,XLP,Consumer Staples,80.54000091552734
2024-11-12 14:30:00,XLP,Consumer Staples,80.62999725341797
2024-11-13 14:30:00,XLP,Consumer Staples,80.87000274658203
2024-11-14 14:30:00,XLP,Consumer Staples,80.66999816894531
2024-11-15 14:30:00,XLP,Consumer Staples,79.95999908447266
2024-11-18 14:30:00,XLP,Consumer Staples,80.5199966430664
2024-11-19 14:30:00,XLP,Consumer Staples,80.62999725341797
2024-11-20 14:30:00,XLP,Consumer Staples,80.22000122070312
2024-11-21 14:30:00,XLP,Consumer Staples,81.08999633789062
2024-11-22 14:30:00,XLP,Consumer Staples,81.83999633789062
2024-11-25 14:30:00,XLP,Consumer Staples,82.29000091552734
2024-11-26 14:30:00,XLP,Consumer Staples,82.62999725341797
2024-11-27 14:30:00,XLP,Consumer Staples,82.80000305175781
2024-11-29 14:30:00,XLP,Consumer Staples,83.22000122070312
2024-12-02 14:30:00,XLP,Consumer Staples,83.12000274658203
2024-12-03 14:30:00,XLP,Consumer Staples,82.69000244140625
2024-12-04 14:30:00,XLP,Consumer Staples,82.45999908447266
2024-12-05 14:30:00,XLP,Consumer Staples,82.79000091552734
2024-12-06 14:30:00,XLP,Consumer Staples,82.37999725341797
2024-12-09 14:30:00,XLP,Consumer Staples,82.25
2024-12-10 14:30:00,XLP,Consumer Staples,82.63999938964844
2024-12-11 14:30:00,XLP,Consumer Staples,82.01000213623047
2024-12-12 14:30:00,XLP,Consumer Staples,82.25
2024-12-13 14:30:00,XLP,Consumer Staples,82.04000091552734
2024-12-16 14:30:00,XLP,Consumer Staples,81.61000061035156
2024-12-17 14:30:00,XLP,Consumer Staples,81.47000122070312
2024-12-18 14:30:00,XLP,Consumer Staples,80.2300033569336
2024-12-19 14:30:00,XLP,Consumer Staples,79.66000366210938
2024-12-20 14:30:00,XLP,Consumer Staples,79.94000244140625
2024-12-23 14:30:00,XLP,Consumer Staples,78.91999816894531
2024-12-24 14:30:00,XLP,Consumer Staples,79.44000244140625
2024-12-26 14:30:00,XLP,Consumer Staples,79.69000244140625
2024-12-27 14:30:00,XLP,Consumer Staples,79.30000305175781
2024-12-30 14:30:00,XLP,Consumer Staples,78.37000274658203
2024-12-31 14:30:00,XLP,Consumer Staples,78.61000061035156
2025-01-02 14:30:00,XLP,Consumer Staples,78.37000274658203
2025-01-03 14:30:00,XLP,Consumer Staples,78.33000183105469
2025-01-06 14:30:00,XLP,Consumer Staples,77.51000213623047
2025-01-07 14:30:00,XLP,Consumer Staples,77.23999786376953
2025-01-08 14:30:00,XLP,Consumer Staples,77.37999725341797
2025-01-10 14:30:00,XLP,Consumer Staples,76.33999633789062
2025-01-13 14:30:00,XLP,Consumer Staples,76.47000122070312
2025-01-14 14:30:00,XLP,Consumer Staples,76.48999786376953
2025-01-15 14:30:00,XLP,Consumer Staples,76.2300033569336
2025-01-16 14:30:00,XLP,Consumer Staples,76.80000305175781
2025-01-17 14:30:00,XLP,Consumer Staples,77.23999786376953
2025-01-21 14:30:00,XLP,Consumer Staples,77.5999984741211
2025-01-22 14:30:00,XLP,Consumer Staples,77.22000122070312
2025-01-23 14:30:00,XLP,Consumer Staples,77.5
2025-01-24 14:30:00,XLP,Consumer Staples,77.9000015258789
2025-01-27 14:30:00,XLP,Consumer Staples,80.01000213623047
2025-01-28 14:30:00,XLP,Consumer Staples,78.76000213623047
2025-01-29 14:30:00,XLP,Consumer Staples,78.94999694824219
2025-01-30 14:30:00,XLP,Consumer Staples,79.7300033569336
2025-01-31 14:30:00,XLP,Consumer Staples,78.9800033569336
2025-02-03 14:30:00,XLP,Consumer Staples,79.29000091552734
2025-02-04 14:30:00,XLP,Consumer Staples,78.62000274658203
2025-02-05 14:30:00,XLP,Consumer Staples,79.11000061035156
2025-02-06 14:30:00,XLP,Consumer Staples,79.47000122070312
2025-02-07 14:30:00,XLP,Consumer Staples,79.3499984741211
2025-02-10 14:30:00,XLP,Consumer Staples,79.83999633789062
2025-02-11 14:30:00,XLP,Consumer Staples,80.61000061035156
2025-02-12 14:30:00,XLP,Consumer Staples,80.55000305175781
2025-02-13 14:30:00,XLP,Consumer Staples,81.41999816894531
2025-02-14 14:30:00,XLP,Consumer Staples,80.61000061035156
2025-02-18 14:30:00,XLP,Consumer Staples,80.9000015258789
2025-02-19 14:30:00,XLP,Consumer Staples,81.55000305175781
2025-02-20 14:30:00,XLP,Consumer Staples,81.2300033569336
2025-02-21 14:30:00,XLP,Consumer Staples,82.18000030517578
2025-02-24 14:30:00,XLP,Consumer Staples,82.43000030517578
2025-02-25 14:30:00,XLP,Consumer Staples,83.5999984741211
2025-02-26 14:30:00,XLP,Consumer Staples,82.0
2025-02-27 14:30:00,XLP,Consumer Staples,81.98999786376953
2025-02-28 14:30:00,XLP,Consumer Staples,83.08000183105469
2025-03-03 14:30:00,XLP,Consumer Staples,83.5199966430664
2025-03-04 14:30:00,XLP,Consumer Staples,82.0999984741211
2025-03-05 14:30:00,XLP,Consumer Staples,82.44000244140625
2025-03-06 14:30:00,XLP,Consumer Staples,82.58999633789062
2025-03-07 14:30:00,XLP,Consumer Staples,82.86000061035156
2025-03-10 13:30:00,XLP,Consumer Staples,82.68000030517578
2025-03-11 13:30:00,XLP,Consumer Staples,81.47000122070312
2025-03-12 13:30:00,XLP,Consumer Staples,79.69999694824219
2025-03-13 13:30:00,XLP,Consumer Staples,79.33000183105469
2025-03-14 13:30:00,XLP,Consumer Staples,79.51000213623047
2025-03-17 13:30:00,XLP,Consumer Staples,80.66999816894531
2025-03-18 13:30:00,XLP,Consumer Staples,79.75
2025-03-19 13:30:00,XLP,Consumer Staples,79.75
2025-03-20 13:30:00,XLP,Consumer Staples,79.36000061035156
2025-03-21 13:30:00,XLP,Consumer Staples,79.33000183105469
2025-03-24 13:30:00,XLP,Consumer Staples,79.4000015258789
2025-03-25 13:30:00,XLP,Consumer Staples,78.68000030517578
2025-03-26 13:30:00,XLP,Consumer Staples,79.9000015258789
2025-03-27 13:30:00,XLP,Consumer Staples,80.80999755859375
2025-03-28 13:30:00,XLP,Consumer Staples,80.41000366210938
2025-03-31 13:30:00,XLP,Consumer Staples,81.66999816894531
2025-04-01 13:30:00,XLP,Consumer Staples,81.79000091552734
2025-04-02 13:30:00,XLP,Consumer Staples,81.55000305175781
2025-04-03 13:30:00,XLP,Consumer Staples,82.0199966430664
2025-04-04 13:30:00,XLP,Consumer Staples,78.45999908447266
2025-04-07 13:30:00,XLP,Consumer Staples,77.55000305175781
2025-04-08 13:30:00,XLP,Consumer Staples,76.3499984741211
2025-04-09 13:30:00,XLP,Consumer Staples,79.30999755859375
2025-04-10 13:30:00,XLP,Consumer Staples,79.3499984741211
2025-04-11 13:30:00,XLP,Consumer Staples,80.3499984741211
2025-04-14 13:30:00,XLP,Consumer Staples,81.72000122070312
2025-04-15 13:30:00,XLP,Consumer Staples,81.02999877929688
2025-04-16 13:30:00,XLP,Consumer Staples,80.16000366210938
2025-04-17 13:30:00,XLP,Consumer Staples,81.87000274658203
2025-04-21 13:30:00,XLP,Consumer Staples,81.08999633789062
2025-04-22 13:30:00,XLP,Consumer Staples,82.23999786376953
2025-04-23 13:30:00,XLP,Consumer Staples,81.7699966430664
2025-04-24 13:30:00,XLP,Consumer Staples,81.05000305175781
2025-04-25 13:30:00,XLP,Consumer Staples,80.83999633789062
2025-04-28 13:30:00,XLP,Consumer Staples,80.56999969482422
2025-04-29 13:30:00,XLP,Consumer Staples,81.23999786376953
2025-04-30 13:30:00,XLP,Consumer Staples,81.83000183105469
2025-05-01 13:30:00,XLP,Consumer Staples,81.12000274658203
2025-05-02 13:30:00,XLP,Consumer Staples,81.55999755859375
2025-05-05 13:30:00,XLP,Consumer Staples,81.48999786376953
2025-05-06 13:30:00,XLP,Consumer Staples,81.3499984741211
2025-05-07 13:30:00,XLP,Consumer Staples,81.4800033569336
2025-05-08 13:30:00,XLP,Consumer Staples,81.37999725341797
2025-05-09 13:30:00,XLP,Consumer Staples,80.91000366210938
2025-05-12 13:30:00,XLP,Consumer Staples,81.02999877929688
2025-05-13 13:30:00,XLP,Consumer Staples,79.94000244140625
2025-05-14 13:30:00,XLP,Consumer Staples,79.51000213623047
2025-05-15 13:30:00,XLP,Consumer Staples,81.13999938964844
2025-05-16 13:30:00,XLP,Consumer Staples,82.06999969482422
2025-05-19 13:30:00,XLP,Consumer Staples,82.30999755859375
2025-05-20 13:30:00,XLP,Consumer Staples,82.5999984741211
2025-05-21 13:30:00,XLP,Consumer Staples,81.63999938964844
2025-05-22 13:30:00,XLP,Consumer Staples,81.30000305175781
2025-05-23 13:30:00,XLP,Consumer Staples,81.5999984741211
2025-05-27 13:30:00,XLP,Consumer Staples,82.33999633789062
2025-05-28 13:30:00,XLP,Consumer Staples,81.77999877929688
2025-05-29 13:30:00,XLP,Consumer Staples,82.11000061035156
2025-05-30 13:30:00,XLP,Consumer Staples,82.83000183105469
2025-06-02 13:30:00,XLP,Consumer Staples,82.87999725341797
2025-06-03 13:30:00,XLP,Consumer Staples,82.80000305175781
2025-06-04 13:30:00,XLP,Consumer Staples,82.22000122070312
2025-06-05 13:30:00,XLP,Consumer Staples,81.43000030517578
2025-06-06 13:30:00,XLP,Consumer Staples,81.69000244140625
2025-06-09 13:30:00,XLP,Consumer Staples,81.58000183105469
2025-06-10 13:30:00,XLP,Consumer Staples,81.76000213623047
2025-06-11 13:30:00,XLP,Consumer Staples,81.4800033569336
2025-06-12 13:30:00,XLP,Consumer Staples,81.95999908447266
2025-06-13 13:30:00,XLP,Consumer Staples,80.95999908447266
2025-06-16 13:30:00,XLP,Consumer Staples,81.22000122070312
2025-06-17 13:30:00,XLP,Consumer Staples,80.52999877929688
2025-06-18 13:30:00,XLP,Consumer Staples,80.43000030517578
2025-06-20 13:30:00,XLP,Consumer Staples,81.0199966430664
2025-06-23 13:30:00,XLP,Consumer Staples,81.4000015258789
2025-06-24 13:30:00,XLP,Consumer Staples,81.33000183105469
2025-06-25 13:30:00,XLP,Consumer Staples,80.23999786376953
2025-06-26 13:30:00,XLP,Consumer Staples,80.16999816894531
2025-06-27 13:30:00,XLP,Consumer Staples,80.55000305175781
2025-06-30 13:30:00,XLP,Consumer Staples,80.97000122070312
2025-07-01 13:30:00,XLP,Consumer Staples,81.9800033569336
2025-07-02 13:30:00,XLP,Consumer Staples,82.22000122070312
2025-07-03 13:30:00,XLP,Consumer Staples,82.18000030517578
2025-07-07 13:30:00,XLP,Consumer Staples,82.11000061035156
2025-07-08 13:30:00,XLP,Consumer Staples,81.3499984741211
2025-07-09 13:30:00,XLP,Consumer Staples,80.81999969482422
2025-07-10 13:30:00,XLP,Consumer Staples,81.11000061035156
2025-07-11 13:30:00,XLP,Consumer Staples,80.80999755859375
2025-07-14 13:30:00,XLP,Consumer Staples,80.87999725341797
2025-07-15 13:30:00,XLP,Consumer Staples,80.06999969482422
2025-07-16 13:30:00,XLP,Consumer Staples,80.3499984741211
2025-07-17 13:30:00,XLP,Consumer Staples,81.11000061035156
2025-07-18 13:30:00,XLP,Consumer Staples,80.88999938964844
2025-07-21 13:30:00,XLP,Consumer Staples,80.87999725341797
2025-07-22 13:30:00,XLP,Consumer Staples,81.62000274658203
2025-07-23 13:30:00,XLP,Consumer Staples,81.6500015258789
2025-07-24 13:30:00,XLP,Consumer Staples,81.36000061035156
2025-07-25 13:30:00,XLP,Consumer Staples,81.5
2025-07-28 13:30:00,XLP,Consumer Staples,80.66000366210938
2025-07-29 13:30:00,XLP,Consumer Staples,81.19000244140625
2025-07-30 13:30:00,XLP,Consumer Staples,80.47000122070312
2025-07-31 13:30:00,XLP,Consumer Staples,79.77999877929688
2025-08-01 13:30:00,XLP,Consumer Staples,80.16000366210938
2025-08-04 13:30:00,XLP,Consumer Staples,80.55000305175781
2025-08-05 13:30:00,XLP,Consumer Staples,80.47000122070312
2025-08-06 13:30:00,XLP,Consumer Staples,81.62000274658203
2025-08-07 13:30:00,XLP,Consumer Staples,82.23999786376953
2025-08-08 13:30:00,XLP,Consumer Staples,82.4800033569336
2025-08-11 13:30:00,XLP,Consumer Staples,82.41000366210938
2025-08-12 13:30:00,XLP,Consumer Staples,82.62999725341797
2025-08-13 13:30:00,XLP,Consumer Staples,82.62999725341797
2025-08-14 13:30:00,XLP,Consumer Staples,81.88999938964844
2025-08-15 13:30:00,XLP,Consumer Staples,82.0199966430664
2025-08-18 13:30:00,XLP,Consumer Staples,81.91000366210938
2025-08-19 13:30:00,XLP,Consumer Staples,82.75
2025-08-20 13:30:00,XLP,Consumer Staples,83.22000122070312
2025-08-21 13:30:00,XLP,Consumer Staples,82.47000122070312
2025-08-22 13:30:00,XLP,Consumer Staples,82.47000122070312
2025-08-25 13:30:00,XLP,Consumer Staples,81.05999755859375
2025-08-26 13:30:00,XLP,Consumer Staples,80.52999877929688
2025-08-27 13:30:00,XLP,Consumer Staples,80.7699966430664
2025-08-28 13:30:00,XLP,Consumer Staples,80.26000213623047
2025-08-29 13:30:00,XLP,Consumer Staples,80.77999877929688
2025-09-02 13:30:00,XLP,Consumer Staples,80.6500015258789
2025-09-03 13:30:00,XLP,Consumer Staples,80.58999633789062
2025-09-04 13:30:00,XLP,Consumer Staples,80.63999938964844
2025-09-05 13:30:00,XLP,Consumer Staples,80.87000274658203
2025-09-08 13:30:00,XLP,Consumer Staples,80.56999969482422
2025-09-09 13:30:00,XLP,Consumer Staples,80.7300033569336
2025-09-10 13:30:00,XLP,Consumer Staples,79.94000244140625
2025-09-11 13:30:00,XLP,Consumer Staples,80.58999633789062
2025-09-12 13:30:00,XLP,Consumer Staples,80.31999969482422
2025-09-15 13:30:00,XLP,Consumer Staples,79.4000015258789
2025-09-16 13:30:00,XLP,Consumer Staples,79.76000213623047
2025-09-17 13:30:00,XLP,Consumer Staples,80.23999786376953
2025-09-18 13:30:00,XLP,Consumer Staples,79.54000091552734
2025-09-19 13:30:00,XLP,Consumer Staples,79.37999725341797
2025-09-22 13:30:00,XLP,Consumer Staples,77.95999908447266
2025-09-23 13:30:00,XLP,Consumer Staples,78.3499984741211
2025-09-24 13:30:00,XLP,Consumer Staples,78.5199966430664
2025-09-25 13:30:00,XLP,Consumer Staples,77.7699966430664
2025-09-26 13:30:00,XLP,Consumer Staples,77.95999908447266
2025-09-29 13:30:00,XLP,Consumer Staples,78.11000061035156
2025-09-30 13:30:00,XLP,Consumer Staples,78.37000274658203
2025-10-01 13:30:00,XLP,Consumer Staples,78.25
2025-10-02 13:30:00,XLP,Consumer Staples,77.94000244140625
2025-10-03 13:30:00,XLP,Consumer Staples,78.02999877929688
2025-10-06 13:30:00,XLP,Consumer Staples,77.45999908447266
2025-10-07 13:30:00,XLP,Consumer Staples,78.18000030517578
2025-10-08 13:30:00,XLP,Consumer Staples,77.79000091552734
2025-10-09 13:30:00,XLP,Consumer Staples,78.04000091552734
2025-10-10 13:30:00,XLP,Consumer Staples,78.0999984741211
2025-10-13 13:30:00,XLP,Consumer Staples,77.83999633789062
2025-10-14 13:30:00,XLP,Consumer Staples,79.08999633789062
2025-10-15 13:30:00,XLP,Consumer Staples,79.2300033569336
2025-10-16 13:30:00,XLP,Consumer Staples,78.68000030517578
2025-10-17 13:30:00,XLP,Consumer Staples,79.7300033569336
2025-10-20 13:30:00,XLP,Consumer Staples,79.66000366210938
2025-10-21 13:30:00,XLP,Consumer Staples,79.29000091552734
2025-10-22 13:30:00,XLP,Consumer Staples,79.73999786376953
2025-10-23 13:30:00,XLP,Consumer Staples,79.3499984741211
2025-10-24 13:30:00,XLP,Consumer Staples,79.08999633789062
2025-10-27 13:30:00,XLP,Consumer Staples,79.22000122070312
2025-10-28 13:30:00,XLP,Consumer Staples,78.43000030517578
2025-10-29 13:30:00,XLP,Consumer Staples,76.58000183105469
2025-10-30 13:30:00,XLP,Consumer Staples,76.5
2025-10-31 13:30:00,XLP,Consumer Staples,76.27999877929688
2025-11-03 14:30:00,XLP,Consumer Staples,75.68000030517578
2025-11-04 14:30:00,XLP,Consumer Staples,75.98999786376953
2025-11-05 14:30:00,XLP,Consumer Staples,75.94000244140625
2025-11-06 14:30:00,XLP,Consumer Staples,75.5999984741211
2025-11-07 14:30:00,XLP,Consumer Staples,76.70999908447266
2025-11-10 14:30:00,XLP,Consumer Staples,76.43000030517578
2025-11-11 14:30:00,XLP,Consumer Staples,77.43000030517578
2025-11-12 14:30:00,XLP,Consumer Staples,77.31999969482422
2025-11-13 14:30:00,XLP,Consumer Staples,77.31999969482422
2025-11-14 14:30:00,XLP,Consumer Staples,77.26000213623047
2025-11-17 14:30:00,XLP,Consumer Staples,76.7699966430664
2025-11-18 14:30:00,XLP,Consumer Staples,77.0999984741211
2025-11-19 14:30:00,XLP,Consumer Staples,76.51000213623047
2025-11-20 14:30:00,XLP,Consumer Staples,77.05999755859375
2025-11-21 14:30:00,XLP,Consumer Staples,77.9000015258789
2025-11-24 14:30:00,XLP,Consumer Staples,77.0
2025-11-25 14:30:00,XLP,Consumer Staples,78.05999755859375
2025-11-26 14:30:00,XLP,Consumer Staples,78.91000366210938
2025-11-28 14:30:00,XLP,Consumer Staples,79.37000274658203
2025-12-01 14:30:00,XLP,Consumer Staples,79.29000091552734
2025-12-02 14:30:00,XLP,Consumer Staples,78.7699966430664
2025-12-03 14:30:00,XLP,Consumer Staples,78.83000183105469
2025-12-04 14:30:00,XLP,Consumer Staples,78.44999694824219
2025-12-05 14:30:00,XLP,Consumer Staples,78.45999908447266
2025-12-08 14:30:00,XLP,Consumer Staples,77.80999755859375
2025-12-09 14:30:00,XLP,Consumer Staples,77.98999786376953
2025-12-10 14:30:00,XLP,Consumer Staples,78.22000122070312
2025-12-11 14:30:00,XLP,Consumer Staples,78.80000305175781
2025-12-12 14:30:00,XLP,Consumer Staples,79.41999816894531
2025-12-15 14:30:00,XLP,Consumer Staples,79.63999938964844
2025-12-16 14:30:00,XLP,Consumer Staples,79.27999877929688
2025-12-17 14:30:00,XLP,Consumer Staples,79.6500015258789
2025-12-18 14:30:00,XLP,Consumer Staples,79.19000244140625
2025-12-19 14:30:00,XLP,Consumer Staples,78.77999877929688
2025-12-22 14:30:00,XLP,Consumer Staples,77.87999725341797
2025-12-23 14:30:00,XLP,Consumer Staples,77.51000213623047
2025-12-24 14:30:00,XLP,Consumer Staples,78.12000274658203
2025-12-26 14:30:00,XLP,Consumer Staples,78.2300033569336
2025-12-29 14:30:00,XLP,Consumer Staples,78.27999877929688
2025-12-30 14:30:00,XLP,Consumer Staples,78.1500015258789
2025-12-31 14:30:00,XLP,Consumer Staples,77.68000030517578
2026-01-02 14:30:00,XLP,Consumer Staples,77.69000244140625
2026-01-05 14:30:00,XLP,Consumer Staples,77.3499984741211
2026-01-06 14:30:00,XLP,Consumer Staples,77.47000122070312
2026-01-07 14:30:00,XLP,Consumer Staples,76.62000274658203
2026-01-08 14:30:00,XLP,Consumer Staples,78.44000244140625
2026-01-09 14:30:00,XLP,Consumer Staples,79.25
2026-01-12 14:30:00,XLP,Consumer Staples,80.18000030517578
2026-01-13 14:30:00,XLP,Consumer Staples,81.11000061035156
2026-01-14 14:30:00,XLP,Consumer Staples,82.2300033569336
2026-01-15 14:30:00,XLP,Consumer Staples,82.37000274658203
2026-01-16 14:30:00,XLP,Consumer Staples,82.11000061035156
2026-01-20 14:30:00,XLP,Consumer Staples,82.36000061035156
2026-01-21 14:30:00,XLP,Consumer Staples,82.44000244140625
2026-01-22 14:30:00,XLP,Consumer Staples,82.2699966430664
2026-01-23 14:30:00,XLP,Consumer Staples,82.91000366210938
2026-01-26 14:30:00,XLP,Consumer Staples,82.77999877929688
2026-01-27 14:30:00,XLP,Consumer Staples,83.16000366210938
2026-01-28 14:30:00,XLP,Consumer Staples,82.31999969482422
2026-01-29 14:30:00,XLP,Consumer Staples,82.12999725341797
2026-01-30 14:30:00,XLP,Consumer Staples,83.51000213623047
2026-02-02 14:30:00,XLP,Consumer Staples,84.5
2026-02-03 14:30:00,XLP,Consumer Staples,85.87000274658203
2026-02-04 14:30:00,XLP,Consumer Staples,86.98999786376953
2026-02-05 14:30:00,XLP,Consumer Staples,86.91999816894531
2026-02-06 14:30:00,XLP,Consumer Staples,87.94000244140625
2026-02-09 14:30:00,XLP,Consumer Staples,87.43000030517578
2026-02-10 14:30:00,XLP,Consumer Staples,87.1500015258789
2026-02-11 14:30:00,XLP,Consumer Staples,88.4000015258789
2026-02-12 14:30:00,XLP,Consumer Staples,89.20999908447266
2026-02-13 14:30:00,XLP,Consumer Staples,89.51000213623047
2026-02-17 14:30:00,XLP,Consumer Staples,88.19999694824219
2026-02-18 14:30:00,XLP,Consumer Staples,88.04000091552734
2026-02-19 14:30:00,XLP,Consumer Staples,87.66999816894531
2026-02-20 14:30:00,XLP,Consumer Staples,87.88999938964844
2026-02-23 14:30:00,XLP,Consumer Staples,88.97000122070312
2026-02-24 14:30:00,XLP,Consumer Staples,89.73999786376953
2026-02-25 14:30:00,XLP,Consumer Staples,89.01000213623047
2026-02-26 14:30:00,XLP,Consumer Staples,88.86000061035156
2026-02-27 14:30:00,XLP,Consumer Staples,90.01000213623047
2026-03-02 14:30:00,XLP,Consumer Staples,88.70999908447266
2026-03-03 14:30:00,XLP,Consumer Staples,87.73999786376953
2026-03-04 14:30:00,XLP,Consumer Staples,87.16000366210938
2026-03-05 14:30:00,XLP,Consumer Staples,85.41000366210938
2026-03-06 14:30:00,XLP,Consumer Staples,85.77999877929688
2026-03-09 13:30:00,XLP,Consumer Staples,85.97000122070312
2026-03-10 13:30:00,XLP,Consumer Staples,85.72000122070312
2026-03-11 13:30:00,XLP,Consumer Staples,84.58999633789062
2026-03-12 13:30:00,XLP,Consumer Staples,84.25
2026-03-13 13:30:00,XLP,Consumer Staples,84.73999786376953
2026-03-16 13:30:00,XLP,Consumer Staples,84.9800033569336
2026-03-17 13:30:00,XLP,Consumer Staples,84.69999694824219
2026-03-18 13:30:00,XLP,Consumer Staples,82.63999938964844
2026-03-19 13:30:00,XLP,Consumer Staples,81.97000122070312
2026-03-20 13:30:00,XLP,Consumer Staples,81.29000091552734
2026-03-23 13:30:00,XLP,Consumer Staples,81.18000030517578
2026-03-24 13:30:00,XLP,Consumer Staples,81.11000061035156
2026-03-25 13:30:00,XLP,Consumer Staples,81.51000213623047
2026-03-26 13:30:00,XLP,Consumer Staples,81.13999938964844
2026-03-27 13:30:00,XLP,Consumer Staples,81.77999877929688
2026-03-30 13:30:00,XLP,Consumer Staples,81.87999725341797
2026-03-31 13:30:00,XLP,Consumer Staples,81.9800033569336
2026-04-01 13:30:00,XLP,Consumer Staples,81.45999908447266
2026-04-02 13:30:00,XLP,Consumer Staples,81.88999938964844
2026-04-06 13:30:00,XLP,Consumer Staples,82.66000366210938
2026-04-07 13:30:00,XLP,Consumer Staples,81.26000213623047
2026-04-08 13:30:00,XLP,Consumer Staples,82.77999877929688
2026-04-09 13:30:00,XLP,Consumer Staples,83.44999694824219
2026-04-10 13:30:00,XLP,Consumer Staples,82.37000274658203
2026-04-13 13:30:00,XLP,Consumer Staples,81.55000305175781
2026-04-14 13:30:00,XLP,Consumer Staples,81.47000122070312
2026-04-15 13:30:00,XLP,Consumer Staples,81.05999755859375
2026-04-16 13:30:00,XLP,Consumer Staples,81.43000030517578
2026-04-17 13:30:00,XLP,Consumer Staples,82.45999908447266
2026-04-20 13:30:00,XLP,Consumer Staples,82.38999938964844
2026-04-21 13:30:00,XLP,Consumer Staples,81.83999633789062
2026-04-22 13:30:00,XLP,Consumer Staples,82.11000061035156
2026-04-23 13:30:00,XLP,Consumer Staples,83.4800033569336
2026-04-24 13:30:00,XLP,Consumer Staples,83.2300033569336
2026-04-27 13:30:00,XLP,Consumer Staples,82.33999633789062
2026-04-28 13:30:00,XLP,Consumer Staples,83.08000183105469
2026-04-29 13:30:00,XLP,Consumer Staples,82.91999816894531
2026-04-30 13:30:00,XLP,Consumer Staples,84.30999755859375
2026-05-01 13:30:00,XLP,Consumer Staples,84.16999816894531
2026-05-04 13:30:00,XLP,Consumer Staples,83.54000091552734
2026-05-05 13:30:00,XLP,Consumer Staples,84.05999755859375
2026-05-06 13:30:00,XLP,Consumer Staples,84.23999786376953
2026-05-07 13:30:00,XLP,Consumer Staples,83.9800033569336
2026-05-08 13:30:00,XLP,Consumer Staples,84.18000030517578
2026-05-11 13:30:00,XLP,Consumer Staples,83.37000274658203
2026-05-12 13:30:00,XLP,Consumer Staples,84.44000244140625
2026-05-13 13:30:00,XLP,Consumer Staples,84.72000122070312
2026-05-14 13:30:00,XLP,Consumer Staples,84.9800033569336
2026-05-15 13:30:00,XLP,Consumer Staples,84.63999938964844
2026-05-18 13:30:00,XLP,Consumer Staples,85.9000015258789
2026-05-19 13:30:00,XLP,Consumer Staples,86.08999633789062
2026-05-20 13:30:00,XLP,Consumer Staples,85.5199966430664
2026-05-21 13:30:00,XLP,Consumer Staples,84.66000366210938
2026-05-22 13:30:00,XLP,Consumer Staples,84.80000305175781
2026-05-26 13:30:00,XLP,Consumer Staples,83.62999725341797
2026-05-27 13:30:00,XLP,Consumer Staples,84.58000183105469
2026-05-28 13:30:00,XLP,Consumer Staples,84.43000030517578
2026-05-29 13:30:00,XLP,Consumer Staples,82.91000366210938
2026-06-01 13:30:00,XLP,Consumer Staples,82.02999877929688
2026-06-02 13:30:00,XLP,Consumer Staples,81.83000183105469
2026-06-03 13:30:00,XLP,Consumer Staples,82.16000366210938
2026-06-04 13:30:00,XLP,Consumer Staples,82.04000091552734
2026-06-05 13:30:00,XLP,Consumer Staples,83.44000244140625
2026-06-08 13:30:00,XLP,Consumer Staples,83.06999969482422
2026-06-09 13:30:00,XLP,Consumer Staples,84.0999984741211
2026-06-10 13:30:00,XLP,Consumer Staples,85.48999786376953
2026-06-11 13:30:00,XLP,Consumer Staples,85.2699966430664
2026-06-12 13:30:00,XLP,Consumer Staples,85.81999969482422
2026-06-15 13:30:00,XLP,Consumer Staples,85.4800033569336
2026-06-16 13:30:00,XLP,Consumer Staples,85.58999633789062
2026-06-17 13:30:00,XLP,Consumer Staples,83.68000030517578
2026-06-18 13:30:00,XLP,Consumer Staples,83.30000305175781
2026-06-22 13:30:00,XLP,Consumer Staples,82.18000030517578
2026-06-23 13:30:00,XLP,Consumer Staples,83.72000122070312
2026-06-24 13:30:00,XLP,Consumer Staples,84.44000244140625
2026-06-25 13:30:00,XLP,Consumer Staples,83.94000244140625
2026-06-26 13:30:00,XLP,Consumer Staples,84.70999908447266
2026-06-29 13:30:00,XLP,Consumer Staples,84.37000274658203
2026-06-30 13:30:00,XLP,Consumer Staples,83.06999969482422
2026-07-01 13:30:00,XLP,Consumer Staples,83.30000305175781
2026-07-02 13:30:00,XLP,Consumer Staples,84.98999786376953
2026-07-06 13:30:00,XLP,Consumer Staples,84.0999984741211
2026-07-07 13:30:00,XLP,Consumer Staples,84.86000061035156
2026-07-08 13:30:00,XLP,Consumer Staples,84.38999938964844
2026-07-09 13:30:00,XLP,Consumer Staples,83.19999694824219
2026-07-10 13:30:00,XLP,Consumer Staples,84.12000274658203
2026-07-13 13:30:00,XLP,Consumer Staples,84.58999633789062
2026-07-14 13:30:00,XLP,Consumer Staples,83.41999816894531
2026-07-15 13:30:00,XLP,Consumer Staples,83.47000122070312
2026-07-16 13:30:00,XLP,Consumer Staples,85.80999755859375
2026-07-17 13:30:00,XLP,Consumer Staples,85.19000244140625
2026-07-20 13:30:00,XLP,Consumer Staples,84.86000061035156
2026-07-21 13:30:00,XLP,Consumer Staples,84.05999755859375
2026-07-22 13:30:00,XLP,Consumer Staples,84.37999725341797
2026-07-23 13:30:00,XLP,Consumer Staples,83.20999908447266
2026-07-24 13:30:00,XLP,Consumer Staples,84.12999725341797
2026-07-27 13:30:00,XLP,Consumer Staples,85.36000061035156
2026-07-28 13:30:00,XLP,Consumer Staples,87.05999755859375
2026-07-29 13:30:00,XLP,Consumer Staples,87.36000061035156
2026-07-30 13:30:00,XLP,Consumer Staples,85.47000122070312
2026-07-31 13:30:00,XLP,Consumer Staples,85.05000305175781
2026-08-03 13:30:00,XLP,Consumer Staples,84.86000061035156
2026-08-04 13:30:00,XLP,Consumer Staples,85.37000274658203
2026-08-05 13:30:00,XLP,Consumer Staples,85.33000183105469
2026-08-06 13:30:00,XLP,Consumer Staples,85.11000061035156
2026-08-07 13:30:00,XLP,Consumer Staples,85.12000274658203
2026-08-10 13:30:00,XLP,Consumer Staples,84.94999694824219
2026-08-11 13:30:00,XLP,Consumer Staples,84.69000244140625
2026-08-12 13:30:00,XLP,Consumer Staples,85.08000183105469
2026-08-13 13:30:00,XLP,Consumer Staples,86.0
2026-08-14 13:30:00,XLP,Consumer Staples,86.08999633789062
2026-08-17 13:30:00,XLP,Consumer Staples,84.68000030517578
2026-08-18 13:30:00,XLP,Consumer Staples,85.58000183105469
2026-08-19 13:30:00,XLP,Consumer Staples,86.54000091552734
2026-08-20 13:30:00,XLP,Consumer Staples,85.31999969482422
2026-08-21 13:30:00,XLP,Consumer Staples,85.98999786376953
2026-08-24 13:30:00,XLP,Consumer Staples,87.44999694824219
2026-08-25 13:30:00,XLP,Consumer Staples,86.5199966430664
2026-08-26 13:30:00,XLP,Consumer Staples,86.2699966430664
2026-08-27 13:30:00,XLP,Consumer Staples,85.08000183105469
2026-08-28 13:30:00,XLP,Consumer Staples,85.44999694824219
2021-08-30 13:30:00,XLE,Energy,24.364999771118164
2021-08-31 13:30:00,XLE,Energy,24.200000762939453
2021-09-01 13:30:00,XLE,Energy,23.844999313354492
2021-09-02 13:30:00,XLE,Energy,24.450000762939453
2021-09-03 13:30:00,XLE,Energy,24.309999465942383
2021-09-07 13:30:00,XLE,Energy,24.165000915527344
2021-09-08 13:30:00,XLE,Energy,23.854999542236328
2021-09-09 13:30:00,XLE,Energy,23.905000686645508
2021-09-10 13:30:00,XLE,Energy,23.895000457763672
2021-09-13 13:30:00,XLE,Energy,24.579999923706055
2021-09-14 13:30:00,XLE,Energy,24.225000381469727
2021-09-15 13:30:00,XLE,Energy,25.1299991607666
2021-09-16 13:30:00,XLE,Energy,24.844999313354492
2021-09-17 13:30:00,XLE,Energy,24.65999984741211
2021-09-20 13:30:00,XLE,Energy,23.6200008392334
2021-09-21 13:30:00,XLE,Energy,23.674999237060547
2021-09-22 13:30:00,XLE,Energy,24.405000686645508
2021-09-23 13:30:00,XLE,Energy,25.260000228881836
2021-09-24 13:30:00,XLE,Energy,25.450000762939453
2021-09-27 13:30:00,XLE,Energy,26.354999542236328
2021-09-28 13:30:00,XLE,Energy,26.44499969482422
2021-09-29 13:30:00,XLE,Energy,26.44499969482422
2021-09-30 13:30:00,XLE,Energy,26.045000076293945
2021-10-01 13:30:00,XLE,Energy,26.920000076293945
2021-10-04 13:30:00,XLE,Energy,27.360000610351562
2021-10-05 13:30:00,XLE,Energy,27.520000457763672
2021-10-06 13:30:00,XLE,Energy,27.229999542236328
2021-10-07 13:30:00,XLE,Energy,27.440000534057617
2021-10-08 13:30:00,XLE,Energy,28.28499984741211
2021-10-11 13:30:00,XLE,Energy,28.18000030517578
2021-10-12 13:30:00,XLE,Energy,28.204999923706055
2021-10-13 13:30:00,XLE,Energy,28.18000030517578
2021-10-14 13:30:00,XLE,Energy,28.524999618530273
2021-10-15 13:30:00,XLE,Energy,28.665000915527344
2021-10-18 13:30:00,XLE,Energy,28.684999465942383
2021-10-19 13:30:00,XLE,Energy,29.010000228881836
2021-10-20 13:30:00,XLE,Energy,29.2450008392334
2021-10-21 13:30:00,XLE,Energy,28.704999923706055
2021-10-22 13:30:00,XLE,Energy,28.975000381469727
2021-10-25 13:30:00,XLE,Energy,29.399999618530273
2021-10-26 13:30:00,XLE,Energy,29.56999969482422
2021-10-27 13:30:00,XLE,Energy,28.719999313354492
2021-10-28 13:30:00,XLE,Energy,28.924999237060547
2021-10-29 13:30:00,XLE,Energy,28.735000610351562
2021-11-01 13:30:00,XLE,Energy,29.229999542236328
2021-11-02 13:30:00,XLE,Energy,28.954999923706055
2021-11-03 13:30:00,XLE,Energy,28.71500015258789
2021-11-04 13:30:00,XLE,Energy,28.7549991607666
2021-11-05 13:30:00,XLE,Energy,29.1299991607666
2021-11-08 14:30:00,XLE,Energy,29.395000457763672
2021-11-09 14:30:00,XLE,Energy,29.514999389648438
2021-11-10 14:30:00,XLE,Energy,28.735000610351562
2021-11-11 14:30:00,XLE,Energy,28.844999313354492
2021-11-12 14:30:00,XLE,Energy,28.774999618530273
2021-11-15 14:30:00,XLE,Energy,29.014999389648438
2021-11-16 14:30:00,XLE,Energy,29.059999465942383
2021-11-17 14:30:00,XLE,Energy,28.614999771118164
2021-11-18 14:30:00,XLE,Energy,28.44499969482422
2021-11-19 14:30:00,XLE,Energy,27.334999084472656
2021-11-22 14:30:00,XLE,Energy,27.81999969482422
2021-11-23 14:30:00,XLE,Energy,28.674999237060547
2021-11-24 14:30:00,XLE,Energy,28.954999923706055
2021-11-26 14:30:00,XLE,Energy,27.790000915527344
2021-11-29 14:30:00,XLE,Energy,27.950000762939453
2021-11-30 14:30:00,XLE,Energy,27.295000076293945
2021-12-01 14:30:00,XLE,Energy,27.0049991607666
2021-12-02 14:30:00,XLE,Energy,27.790000915527344
2021-12-03 14:30:00,XLE,Energy,27.56999969482422
2021-12-06 14:30:00,XLE,Energy,27.979999542236328
2021-12-07 14:30:00,XLE,Energy,28.635000228881836
2021-12-08 14:30:00,XLE,Energy,28.6299991607666
2021-12-09 14:30:00,XLE,Energy,28.40999984741211
2021-12-10 14:30:00,XLE,Energy,28.6200008392334
2021-12-13 14:30:00,XLE,Energy,27.825000762939453
2021-12-14 14:30:00,XLE,Energy,27.709999084472656
2021-12-15 14:30:00,XLE,Energy,27.575000762939453
2021-12-16 14:30:00,XLE,Energy,27.75
2021-12-17 14:30:00,XLE,Energy,27.184999465942383
2021-12-20 14:30:00,XLE,Energy,26.5049991607666
2021-12-21 14:30:00,XLE,Energy,27.260000228881836
2021-12-22 14:30:00,XLE,Energy,27.434999465942383
2021-12-23 14:30:00,XLE,Energy,27.450000762939453
2021-12-27 14:30:00,XLE,Energy,28.049999237060547
2021-12-28 14:30:00,XLE,Energy,28.030000686645508
2021-12-29 14:30:00,XLE,Energy,27.850000381469727
2021-12-30 14:30:00,XLE,Energy,27.68000030517578
2021-12-31 14:30:00,XLE,Energy,27.75
2022-01-03 14:30:00,XLE,Energy,28.610000610351562
2022-01-04 14:30:00,XLE,Energy,29.600000381469727
2022-01-05 14:30:00,XLE,Energy,29.594999313354492
2022-01-06 14:30:00,XLE,Energy,30.2549991607666
2022-01-07 14:30:00,XLE,Energy,30.670000076293945
2022-01-10 14:30:00,XLE,Energy,30.575000762939453
2022-01-11 14:30:00,XLE,Energy,31.614999771118164
2022-01-12 14:30:00,XLE,Energy,31.674999237060547
2022-01-13 14:30:00,XLE,Energy,31.514999389648438
2022-01-14 14:30:00,XLE,Energy,32.255001068115234
2022-01-18 14:30:00,XLE,Energy,32.3849983215332
2022-01-19 14:30:00,XLE,Energy,32.150001525878906
2022-01-20 14:30:00,XLE,Energy,31.854999542236328
2022-01-21 14:30:00,XLE,Energy,31.225000381469727
2022-01-24 14:30:00,XLE,Energy,31.434999465942383
2022-01-25 14:30:00,XLE,Energy,32.654998779296875
2022-01-26 14:30:00,XLE,Energy,32.599998474121094
2022-01-27 14:30:00,XLE,Energy,32.95500183105469
2022-01-28 14:30:00,XLE,Energy,32.814998626708984
2022-01-31 14:30:00,XLE,Energy,32.959999084472656
2022-02-01 14:30:00,XLE,Energy,34.1349983215332
2022-02-02 14:30:00,XLE,Energy,34.244998931884766
2022-02-03 14:30:00,XLE,Energy,33.91999816894531
2022-02-04 14:30:00,XLE,Energy,34.45000076293945
2022-02-07 14:30:00,XLE,Energy,34.88999938964844
2022-02-08 14:30:00,XLE,Energy,34.13999938964844
2022-02-09 14:30:00,XLE,Energy,34.42499923706055
2022-02-10 14:30:00,XLE,Energy,34.209999084472656
2022-02-11 14:30:00,XLE,Energy,35.20500183105469
2022-02-14 14:30:00,XLE,Energy,34.375
2022-02-15 14:30:00,XLE,Energy,34.01499938964844
2022-02-16 14:30:00,XLE,Energy,34.290000915527344
2022-02-17 14:30:00,XLE,Energy,34.23500061035156
2022-02-18 14:30:00,XLE,Energy,34.025001525878906
2022-02-22 14:30:00,XLE,Energy,33.474998474121094
2022-02-23 14:30:00,XLE,Energy,33.81999969482422
2022-02-24 14:30:00,XLE,Energy,33.55500030517578
2022-02-25 14:30:00,XLE,Energy,34.439998626708984
2022-02-28 14:30:00,XLE,Energy,35.290000915527344
2022-03-01 14:30:00,XLE,Energy,35.64500045776367
2022-03-02 14:30:00,XLE,Energy,36.459999084472656
2022-03-03 14:30:00,XLE,Energy,36.560001373291016
2022-03-04 14:30:00,XLE,Energy,37.6150016784668
2022-03-07 14:30:00,XLE,Energy,38.16999816894531
2022-03-08 14:30:00,XLE,Energy,38.77000045776367
2022-03-09 14:30:00,XLE,Energy,37.584999084472656
2022-03-10 14:30:00,XLE,Energy,38.73500061035156
2022-03-11 14:30:00,XLE,Energy,38.42499923706055
2022-03-14 13:30:00,XLE,Energy,37.275001525878906
2022-03-15 13:30:00,XLE,Energy,35.90999984741211
2022-03-16 13:30:00,XLE,Energy,35.744998931884766
2022-03-17 13:30:00,XLE,Energy,36.974998474121094
2022-03-18 13:30:00,XLE,Energy,36.939998626708984
2022-03-21 13:30:00,XLE,Energy,38.064998626708984
2022-03-22 13:30:00,XLE,Energy,37.78499984741211
2022-03-23 13:30:00,XLE,Energy,38.435001373291016
2022-03-24 13:30:00,XLE,Energy,38.529998779296875
2022-03-25 13:30:00,XLE,Energy,39.375
2022-03-28 13:30:00,XLE,Energy,38.400001525878906
2022-03-29 13:30:00,XLE,Energy,38.29999923706055
2022-03-30 13:30:00,XLE,Energy,38.744998931884766
2022-03-31 13:30:00,XLE,Energy,38.220001220703125
2022-04-01 13:30:00,XLE,Energy,38.529998779296875
2022-04-04 13:30:00,XLE,Energy,38.58000183105469
2022-04-05 13:30:00,XLE,Energy,37.974998474121094
2022-04-06 13:30:00,XLE,Energy,38.20000076293945
2022-04-07 13:30:00,XLE,Energy,38.70000076293945
2022-04-08 13:30:00,XLE,Energy,39.76499938964844
2022-04-11 13:30:00,XLE,Energy,38.56999969482422
2022-04-12 13:30:00,XLE,Energy,39.209999084472656
2022-04-13 13:30:00,XLE,Energy,39.79499816894531
2022-04-14 13:30:00,XLE,Energy,39.92499923706055
2022-04-18 13:30:00,XLE,Energy,40.5099983215332
2022-04-19 13:30:00,XLE,Energy,40.18000030517578
2022-04-20 13:30:00,XLE,Energy,40.334999084472656
2022-04-21 13:30:00,XLE,Energy,39.05500030517578
2022-04-22 13:30:00,XLE,Energy,38.099998474121094
2022-04-25 13:30:00,XLE,Energy,36.84000015258789
2022-04-26 13:30:00,XLE,Energy,36.88999938964844
2022-04-27 13:30:00,XLE,Energy,37.43000030517578
2022-04-28 13:30:00,XLE,Energy,38.564998626708984
2022-04-29 13:30:00,XLE,Energy,37.57500076293945
2022-05-02 13:30:00,XLE,Energy,38.17499923706055
2022-05-03 13:30:00,XLE,Energy,39.244998931884766
2022-05-04 13:30:00,XLE,Energy,40.875
2022-05-05 13:30:00,XLE,Energy,40.2599983215332
2022-05-06 13:30:00,XLE,Energy,41.459999084472656
2022-05-09 13:30:00,XLE,Energy,38.029998779296875
2022-05-10 13:30:00,XLE,Energy,38.375
2022-05-11 13:30:00,XLE,Energy,38.88999938964844
2022-05-12 13:30:00,XLE,Energy,39.05500030517578
2022-05-13 13:30:00,XLE,Energy,40.38999938964844
2022-05-16 13:30:00,XLE,Energy,41.45500183105469
2022-05-17 13:30:00,XLE,Energy,41.935001373291016
2022-05-18 13:30:00,XLE,Energy,40.86000061035156
2022-05-19 13:30:00,XLE,Energy,40.709999084472656
2022-05-20 13:30:00,XLE,Energy,40.8849983215332
2022-05-23 13:30:00,XLE,Energy,41.96500015258789
2022-05-24 13:30:00,XLE,Energy,42.125
2022-05-25 13:30:00,XLE,Energy,42.994998931884766
2022-05-26 13:30:00,XLE,Energy,43.470001220703125
2022-05-27 13:30:00,XLE,Energy,44.26499938964844
2022-05-31 13:30:00,XLE,Energy,43.599998474121094
2022-06-01 13:30:00,XLE,Energy,44.310001373291016
2022-06-02 13:30:00,XLE,Energy,44.16999816894531
2022-06-03 13:30:00,XLE,Energy,44.755001068115234
2022-06-06 13:30:00,XLE,Energy,44.70500183105469
2022-06-07 13:30:00,XLE,Energy,46.040000915527344
2022-06-08 13:30:00,XLE,Energy,46.13999938964844
2022-06-09 13:30:00,XLE,Energy,45.119998931884766
2022-06-10 13:30:00,XLE,Energy,44.35499954223633
2022-06-13 13:30:00,XLE,Energy,42.040000915527344
2022-06-14 13:30:00,XLE,Energy,42.119998931884766
2022-06-15 13:30:00,XLE,Energy,41.189998626708984
2022-06-16 13:30:00,XLE,Energy,38.869998931884766
2022-06-17 13:30:00,XLE,Energy,36.744998931884766
2022-06-21 13:30:00,XLE,Energy,38.220001220703125
2022-06-22 13:30:00,XLE,Energy,36.689998626708984
2022-06-23 13:30:00,XLE,Energy,35.33000183105469
2022-06-24 13:30:00,XLE,Energy,35.79499816894531
2022-06-27 13:30:00,XLE,Energy,36.845001220703125
2022-06-28 13:30:00,XLE,Energy,37.84000015258789
2022-06-29 13:30:00,XLE,Energy,36.525001525878906
2022-06-30 13:30:00,XLE,Energy,35.755001068115234
2022-07-01 13:30:00,XLE,Energy,36.290000915527344
2022-07-05 13:30:00,XLE,Energy,34.849998474121094
2022-07-06 13:30:00,XLE,Energy,34.255001068115234
2022-07-07 13:30:00,XLE,Energy,35.4900016784668
2022-07-08 13:30:00,XLE,Energy,35.474998474121094
2022-07-11 13:30:00,XLE,Energy,35.1349983215332
2022-07-12 13:30:00,XLE,Energy,34.45000076293945
2022-07-13 13:30:00,XLE,Energy,34.39500045776367
2022-07-14 13:30:00,XLE,Energy,33.744998931884766
2022-07-15 13:30:00,XLE,Energy,34.29499816894531
2022-07-18 13:30:00,XLE,Energy,35.08000183105469
2022-07-19 13:30:00,XLE,Energy,36.15999984741211
2022-07-20 13:30:00,XLE,Energy,36.5099983215332
2022-07-21 13:30:00,XLE,Energy,35.869998931884766
2022-07-22 13:30:00,XLE,Energy,35.57500076293945
2022-07-25 13:30:00,XLE,Energy,36.880001068115234
2022-07-26 13:30:00,XLE,Energy,36.54499816894531
2022-07-27 13:30:00,XLE,Energy,37.369998931884766
2022-07-28 13:30:00,XLE,Energy,37.58000183105469
2022-07-29 13:30:00,XLE,Energy,39.209999084472656
2022-08-01 13:30:00,XLE,Energy,38.400001525878906
2022-08-02 13:30:00,XLE,Energy,38.310001373291016
2022-08-03 13:30:00,XLE,Energy,37.209999084472656
2022-08-04 13:30:00,XLE,Energy,35.83000183105469
2022-08-05 13:30:00,XLE,Energy,36.540000915527344
2022-08-08 13:30:00,XLE,Energy,36.72999954223633
2022-08-09 13:30:00,XLE,Energy,37.375
2022-08-10 13:30:00,XLE,Energy,37.64500045776367
2022-08-11 13:30:00,XLE,Energy,38.939998626708984
2022-08-12 13:30:00,XLE,Energy,39.23500061035156
2022-08-15 13:30:00,XLE,Energy,38.470001220703125
2022-08-16 13:30:00,XLE,Energy,38.380001068115234
2022-08-17 13:30:00,XLE,Energy,38.70000076293945
2022-08-18 13:30:00,XLE,Energy,39.7400016784668
2022-08-19 13:30:00,XLE,Energy,39.72999954223633
2022-08-22 13:30:00,XLE,Energy,39.654998779296875
2022-08-23 13:30:00,XLE,Energy,41.084999084472656
2022-08-24 13:30:00,XLE,Energy,41.59000015258789
2022-08-25 13:30:00,XLE,Energy,41.90999984741211
2022-08-26 13:30:00,XLE,Energy,41.41999816894531
2022-08-29 13:30:00,XLE,Energy,42.04499816894531
2022-08-30 13:30:00,XLE,Energy,40.619998931884766
2022-08-31 13:30:00,XLE,Energy,40.25
2022-09-01 13:30:00,XLE,Energy,39.2599983215332
2022-09-02 13:30:00,XLE,Energy,39.97999954223633
2022-09-06 13:30:00,XLE,Energy,39.61000061035156
2022-09-07 13:30:00,XLE,Energy,39.150001525878906
2022-09-08 13:30:00,XLE,Energy,39.31999969482422
2022-09-09 13:30:00,XLE,Energy,40.29999923706055
2022-09-12 13:30:00,XLE,Energy,41.040000915527344
2022-09-13 13:30:00,XLE,Energy,40.005001068115234
2022-09-14 13:30:00,XLE,Energy,41.1349983215332
2022-09-15 13:30:00,XLE,Energy,40.07500076293945
2022-09-16 13:30:00,XLE,Energy,39.220001220703125
2022-09-19 13:30:00,XLE,Energy,38.81999969482422
2022-09-20 13:30:00,XLE,Energy,38.54999923706055
2022-09-21 13:30:00,XLE,Energy,37.98500061035156
2022-09-22 13:30:00,XLE,Energy,37.849998474121094
2022-09-23 13:30:00,XLE,Energy,35.2400016784668
2022-09-26 13:30:00,XLE,Energy,34.375
2022-09-27 13:30:00,XLE,Energy,34.7599983215332
2022-09-28 13:30:00,XLE,Energy,36.29999923706055
2022-09-29 13:30:00,XLE,Energy,36.29999923706055
2022-09-30 13:30:00,XLE,Energy,36.0099983215332
2022-10-03 13:30:00,XLE,Energy,38.04499816894531
2022-10-04 13:30:00,XLE,Energy,39.68000030517578
2022-10-05 13:30:00,XLE,Energy,40.5
2022-10-06 13:30:00,XLE,Energy,41.220001220703125
2022-10-07 13:30:00,XLE,Energy,40.900001525878906
2022-10-10 13:30:00,XLE,Energy,40.060001373291016
2022-10-11 13:30:00,XLE,Energy,39.7400016784668
2022-10-12 13:30:00,XLE,Energy,40.060001373291016
2022-10-13 13:30:00,XLE,Energy,41.69499969482422
2022-10-14 13:30:00,XLE,Energy,40.13999938964844
2022-10-17 13:30:00,XLE,Energy,40.63999938964844
2022-10-18 13:30:00,XLE,Energy,40.994998931884766
2022-10-19 13:30:00,XLE,Energy,42.20500183105469
2022-10-20 13:30:00,XLE,Energy,42.244998931884766
2022-10-21 13:30:00,XLE,Energy,43.46500015258789
2022-10-24 13:30:00,XLE,Energy,43.66999816894531
2022-10-25 13:30:00,XLE,Energy,43.71500015258789
2022-10-26 13:30:00,XLE,Energy,44.310001373291016
2022-10-27 13:30:00,XLE,Energy,44.470001220703125
2022-10-28 13:30:00,XLE,Energy,44.625
2022-10-31 13:30:00,XLE,Energy,45.0
2022-11-01 13:30:00,XLE,Energy,45.435001373291016
2022-11-02 13:30:00,XLE,Energy,44.34000015258789
2022-11-03 13:30:00,XLE,Energy,45.15999984741211
2022-11-04 13:30:00,XLE,Energy,45.709999084472656
2022-11-07 14:30:00,XLE,Energy,46.494998931884766
2022-11-08 14:30:00,XLE,Energy,46.540000915527344
2022-11-09 14:30:00,XLE,Energy,44.26499938964844
2022-11-10 14:30:00,XLE,Energy,45.25
2022-11-11 14:30:00,XLE,Energy,46.564998626708984
2022-11-14 14:30:00,XLE,Energy,46.54999923706055
2022-11-15 14:30:00,XLE,Energy,47.040000915527344
2022-11-16 14:30:00,XLE,Energy,46.08000183105469
2022-11-17 14:30:00,XLE,Energy,46.18000030517578
2022-11-18 14:30:00,XLE,Energy,45.814998626708984
2022-11-21 14:30:00,XLE,Energy,45.19499969482422
2022-11-22 14:30:00,XLE,Energy,46.61000061035156
2022-11-23 14:30:00,XLE,Energy,46.10499954223633
2022-11-25 14:30:00,XLE,Energy,45.935001373291016
2022-11-28 14:30:00,XLE,Energy,44.67499923706055
2022-11-29 14:30:00,XLE,Energy,45.349998474121094
2022-11-30 14:30:00,XLE,Energy,45.57500076293945
2022-12-01 14:30:00,XLE,Energy,45.42499923706055
2022-12-02 14:30:00,XLE,Energy,45.154998779296875
2022-12-05 14:30:00,XLE,Energy,43.814998626708984
2022-12-06 14:30:00,XLE,Energy,42.65999984741211
2022-12-07 14:30:00,XLE,Energy,42.560001373291016
2022-12-08 14:30:00,XLE,Energy,42.369998931884766
2022-12-09 14:30:00,XLE,Energy,41.34000015258789
2022-12-12 14:30:00,XLE,Energy,42.42499923706055
2022-12-13 14:30:00,XLE,Energy,43.22999954223633
2022-12-14 14:30:00,XLE,Energy,42.96500015258789
2022-12-15 14:30:00,XLE,Energy,42.70500183105469
2022-12-16 14:30:00,XLE,Energy,42.18000030517578
2022-12-19 14:30:00,XLE,Energy,41.744998931884766
2022-12-20 14:30:00,XLE,Energy,42.375
2022-12-21 14:30:00,XLE,Energy,43.18000030517578
2022-12-22 14:30:00,XLE,Energy,42.185001373291016
2022-12-23 14:30:00,XLE,Energy,43.529998779296875
2022-12-27 14:30:00,XLE,Energy,43.994998931884766
2022-12-28 14:30:00,XLE,Energy,43.0099983215332
2022-12-29 14:30:00,XLE,Energy,43.459999084472656
2022-12-30 14:30:00,XLE,Energy,43.73500061035156
2023-01-03 14:30:00,XLE,Energy,42.20000076293945
2023-01-04 14:30:00,XLE,Energy,42.19499969482422
2023-01-05 14:30:00,XLE,Energy,42.96500015258789
2023-01-06 14:30:00,XLE,Energy,43.779998779296875
2023-01-09 14:30:00,XLE,Energy,43.625
2023-01-10 14:30:00,XLE,Energy,43.935001373291016
2023-01-11 14:30:00,XLE,Energy,44.06999969482422
2023-01-12 14:30:00,XLE,Energy,44.90999984741211
2023-01-13 14:30:00,XLE,Energy,44.974998474121094
2023-01-17 14:30:00,XLE,Energy,45.06999969482422
2023-01-18 14:30:00,XLE,Energy,44.244998931884766
2023-01-19 14:30:00,XLE,Energy,44.79499816894531
2023-01-20 14:30:00,XLE,Energy,45.2400016784668
2023-01-23 14:30:00,XLE,Energy,45.29999923706055
2023-01-24 14:30:00,XLE,Energy,45.125
2023-01-25 14:30:00,XLE,Energy,45.130001068115234
2023-01-26 14:30:00,XLE,Energy,46.55500030517578
2023-01-27 14:30:00,XLE,Energy,45.6150016784668
2023-01-30 14:30:00,XLE,Energy,44.56999969482422
2023-01-31 14:30:00,XLE,Energy,44.96500015258789
2023-02-01 14:30:00,XLE,Energy,44.08000183105469
2023-02-02 14:30:00,XLE,Energy,43.07500076293945
2023-02-03 14:30:00,XLE,Energy,42.97999954223633
2023-02-06 14:30:00,XLE,Energy,42.78499984741211
2023-02-07 14:30:00,XLE,Energy,44.17499923706055
2023-02-08 14:30:00,XLE,Energy,43.779998779296875
2023-02-09 14:30:00,XLE,Energy,43.404998779296875
2023-02-10 14:30:00,XLE,Energy,45.10499954223633
2023-02-13 14:30:00,XLE,Energy,44.9900016784668
2023-02-14 14:30:00,XLE,Energy,45.005001068115234
2023-02-15 14:30:00,XLE,Energy,44.2400016784668
2023-02-16 14:30:00,XLE,Energy,43.80500030517578
2023-02-17 14:30:00,XLE,Energy,42.244998931884766
2023-02-21 14:30:00,XLE,Energy,42.03499984741211
2023-02-22 14:30:00,XLE,Energy,41.755001068115234
2023-02-23 14:30:00,XLE,Energy,42.3849983215332
2023-02-24 14:30:00,XLE,Energy,42.33000183105469
2023-02-27 14:30:00,XLE,Energy,42.45500183105469
2023-02-28 14:30:00,XLE,Energy,41.845001220703125
2023-03-01 14:30:00,XLE,Energy,42.66999816894531
2023-03-02 14:30:00,XLE,Energy,43.04499816894531
2023-03-03 14:30:00,XLE,Energy,43.630001068115234
2023-03-06 14:30:00,XLE,Energy,43.650001525878906
2023-03-07 14:30:00,XLE,Energy,42.88999938964844
2023-03-08 14:30:00,XLE,Energy,42.45000076293945
2023-03-09 14:30:00,XLE,Energy,41.849998474121094
2023-03-10 14:30:00,XLE,Energy,41.314998626708984
2023-03-13 13:30:00,XLE,Energy,40.474998474121094
2023-03-14 13:30:00,XLE,Energy,40.875
2023-03-15 13:30:00,XLE,Energy,38.68000030517578
2023-03-16 13:30:00,XLE,Energy,39.099998474121094
2023-03-17 13:30:00,XLE,Energy,38.48500061035156
2023-03-20 13:30:00,XLE,Energy,38.849998474121094
2023-03-21 13:30:00,XLE,Energy,40.19499969482422
2023-03-22 13:30:00,XLE,Energy,39.34000015258789
2023-03-23 13:30:00,XLE,Energy,38.79499816894531
2023-03-24 13:30:00,XLE,Energy,38.94499969482422
2023-03-27 13:30:00,XLE,Energy,39.775001525878906
2023-03-28 13:30:00,XLE,Energy,40.38999938964844
2023-03-29 13:30:00,XLE,Energy,40.95000076293945
2023-03-30 13:30:00,XLE,Energy,41.130001068115234
2023-03-31 13:30:00,XLE,Energy,41.415000915527344
2023-04-03 13:30:00,XLE,Energy,43.290000915527344
2023-04-04 13:30:00,XLE,Energy,42.505001068115234
2023-04-05 13:30:00,XLE,Energy,43.14500045776367
2023-04-06 13:30:00,XLE,Energy,42.4900016784668
2023-04-10 13:30:00,XLE,Energy,42.83000183105469
2023-04-11 13:30:00,XLE,Energy,43.23500061035156
2023-04-12 13:30:00,XLE,Energy,43.26499938964844
2023-04-13 13:30:00,XLE,Energy,43.53499984741211
2023-04-14 13:30:00,XLE,Energy,43.6150016784668
2023-04-17 13:30:00,XLE,Energy,43.099998474121094
2023-04-18 13:30:00,XLE,Energy,43.27000045776367
2023-04-19 13:30:00,XLE,Energy,43.119998931884766
2023-04-20 13:30:00,XLE,Energy,42.7400016784668
2023-04-21 13:30:00,XLE,Energy,42.4900016784668
2023-04-24 13:30:00,XLE,Energy,43.13999938964844
2023-04-25 13:30:00,XLE,Energy,42.33000183105469
2023-04-26 13:30:00,XLE,Energy,41.76499938964844
2023-04-27 13:30:00,XLE,Energy,41.915000915527344
2023-04-28 13:30:00,XLE,Energy,42.564998626708984
2023-05-01 13:30:00,XLE,Energy,42.084999084472656
2023-05-02 13:30:00,XLE,Energy,40.255001068115234
2023-05-03 13:30:00,XLE,Energy,39.494998931884766
2023-05-04 13:30:00,XLE,Energy,39.05500030517578
2023-05-05 13:30:00,XLE,Energy,40.1150016784668
2023-05-08 13:30:00,XLE,Energy,40.1150016784668
2023-05-09 13:30:00,XLE,Energy,40.130001068115234
2023-05-10 13:30:00,XLE,Energy,39.67499923706055
2023-05-11 13:30:00,XLE,Energy,39.20000076293945
2023-05-12 13:30:00,XLE,Energy,39.2599983215332
2023-05-15 13:30:00,XLE,Energy,39.459999084472656
2023-05-16 13:30:00,XLE,Energy,38.4900016784668
2023-05-17 13:30:00,XLE,Energy,39.22999954223633
2023-05-18 13:30:00,XLE,Energy,39.51499938964844
2023-05-19 13:30:00,XLE,Energy,39.81999969482422
2023-05-22 13:30:00,XLE,Energy,39.654998779296875
2023-05-23 13:30:00,XLE,Energy,40.08000183105469
2023-05-24 13:30:00,XLE,Energy,40.255001068115234
2023-05-25 13:30:00,XLE,Energy,39.540000915527344
2023-05-26 13:30:00,XLE,Energy,39.3849983215332
2023-05-30 13:30:00,XLE,Energy,38.97999954223633
2023-05-31 13:30:00,XLE,Energy,38.29499816894531
2023-06-01 13:30:00,XLE,Energy,38.77000045776367
2023-06-02 13:30:00,XLE,Energy,39.95000076293945
2023-06-05 13:30:00,XLE,Energy,39.685001373291016
2023-06-06 13:30:00,XLE,Energy,40.005001068115234
2023-06-07 13:30:00,XLE,Energy,41.064998626708984
2023-06-08 13:30:00,XLE,Energy,40.88999938964844
2023-06-09 13:30:00,XLE,Energy,40.665000915527344
2023-06-12 13:30:00,XLE,Energy,40.275001525878906
2023-06-13 13:30:00,XLE,Energy,40.46500015258789
2023-06-14 13:30:00,XLE,Energy,40.04999923706055
2023-06-15 13:30:00,XLE,Energy,40.4900016784668
2023-06-16 13:30:00,XLE,Energy,40.43000030517578
2023-06-20 13:30:00,XLE,Energy,39.18000030517578
2023-06-21 13:30:00,XLE,Energy,39.4900016784668
2023-06-22 13:30:00,XLE,Energy,38.959999084472656
2023-06-23 13:30:00,XLE,Energy,38.68000030517578
2023-06-26 13:30:00,XLE,Energy,39.375
2023-06-27 13:30:00,XLE,Energy,39.46500015258789
2023-06-28 13:30:00,XLE,Energy,39.8650016784668
2023-06-29 13:30:00,XLE,Energy,40.32500076293945
2023-06-30 13:30:00,XLE,Energy,40.584999084472656
2023-07-03 13:30:00,XLE,Energy,40.68000030517578
2023-07-05 13:30:00,XLE,Energy,40.45500183105469
2023-07-06 13:30:00,XLE,Energy,39.54499816894531
2023-07-07 13:30:00,XLE,Energy,40.39500045776367
2023-07-10 13:30:00,XLE,Energy,40.709999084472656
2023-07-11 13:30:00,XLE,Energy,41.60499954223633
2023-07-12 13:30:00,XLE,Energy,41.9900016784668
2023-07-13 13:30:00,XLE,Energy,41.83000183105469
2023-07-14 13:30:00,XLE,Energy,40.724998474121094
2023-07-17 13:30:00,XLE,Energy,40.64500045776367
2023-07-18 13:30:00,XLE,Energy,41.05500030517578
2023-07-19 13:30:00,XLE,Energy,41.29499816894531
2023-07-20 13:30:00,XLE,Energy,41.779998779296875
2023-07-21 13:30:00,XLE,Energy,42.150001525878906
2023-07-24 13:30:00,XLE,Energy,42.83000183105469
2023-07-25 13:30:00,XLE,Energy,43.05500030517578
2023-07-26 13:30:00,XLE,Energy,43.06999969482422
2023-07-27 13:30:00,XLE,Energy,42.79499816894531
2023-07-28 13:30:00,XLE,Energy,42.92499923706055
2023-07-31 13:30:00,XLE,Energy,43.7400016784668
2023-08-01 13:30:00,XLE,Energy,43.53499984741211
2023-08-02 13:30:00,XLE,Energy,42.96500015258789
2023-08-03 13:30:00,XLE,Energy,43.400001525878906
2023-08-04 13:30:00,XLE,Energy,43.459999084472656
2023-08-07 13:30:00,XLE,Energy,43.5099983215332
2023-08-08 13:30:00,XLE,Energy,43.724998474121094
2023-08-09 13:30:00,XLE,Energy,44.275001525878906
2023-08-10 13:30:00,XLE,Energy,44.27000045776367
2023-08-11 13:30:00,XLE,Energy,44.95000076293945
2023-08-14 13:30:00,XLE,Energy,44.7599983215332
2023-08-15 13:30:00,XLE,Energy,43.83000183105469
2023-08-16 13:30:00,XLE,Energy,43.45000076293945
2023-08-17 13:30:00,XLE,Energy,43.970001220703125
2023-08-18 13:30:00,XLE,Energy,44.404998779296875
2023-08-21 13:30:00,XLE,Energy,44.125
2023-08-22 13:30:00,XLE,Energy,43.78499984741211
2023-08-23 13:30:00,XLE,Energy,43.67499923706055
2023-08-24 13:30:00,XLE,Energy,43.375
2023-08-25 13:30:00,XLE,Energy,43.79499816894531
2023-08-28 13:30:00,XLE,Energy,44.09000015258789
2023-08-29 13:30:00,XLE,Energy,44.209999084472656
2023-08-30 13:30:00,XLE,Energy,44.43000030517578
2023-08-31 13:30:00,XLE,Energy,44.459999084472656
2023-09-01 13:30:00,XLE,Energy,45.369998931884766
2023-09-05 13:30:00,XLE,Energy,45.61000061035156
2023-09-06 13:30:00,XLE,Energy,45.630001068115234
2023-09-07 13:30:00,XLE,Energy,45.584999084472656
2023-09-08 13:30:00,XLE,Energy,46.025001525878906
2023-09-11 13:30:00,XLE,Energy,45.41999816894531
2023-09-12 13:30:00,XLE,Energy,46.4900016784668
2023-09-13 13:30:00,XLE,Energy,46.13999938964844
2023-09-14 13:30:00,XLE,Energy,46.68000030517578
2023-09-15 13:30:00,XLE,Energy,46.005001068115234
2023-09-18 13:30:00,XLE,Energy,46.05500030517578
2023-09-19 13:30:00,XLE,Energy,45.625
2023-09-20 13:30:00,XLE,Energy,45.20000076293945
2023-09-21 13:30:00,XLE,Energy,44.58000183105469
2023-09-22 13:30:00,XLE,Energy,44.654998779296875
2023-09-25 13:30:00,XLE,Energy,45.21500015258789
2023-09-26 13:30:00,XLE,Energy,44.95500183105469
2023-09-27 13:30:00,XLE,Energy,46.07500076293945
2023-09-28 13:30:00,XLE,Energy,46.125
2023-09-29 13:30:00,XLE,Energy,45.19499969482422
2023-10-02 13:30:00,XLE,Energy,44.29499816894531
2023-10-03 13:30:00,XLE,Energy,44.26499938964844
2023-10-04 13:30:00,XLE,Energy,42.875
2023-10-05 13:30:00,XLE,Energy,42.61000061035156
2023-10-06 13:30:00,XLE,Energy,42.8650016784668
2023-10-09 13:30:00,XLE,Energy,44.29499816894531
2023-10-10 13:30:00,XLE,Energy,44.349998474121094
2023-10-11 13:30:00,XLE,Energy,43.779998779296875
2023-10-12 13:30:00,XLE,Energy,43.83000183105469
2023-10-13 13:30:00,XLE,Energy,44.79499816894531
2023-10-16 13:30:00,XLE,Energy,45.095001220703125
2023-10-17 13:30:00,XLE,Energy,45.564998626708984
2023-10-18 13:30:00,XLE,Energy,45.97999954223633
2023-10-19 13:30:00,XLE,Energy,45.900001525878906
2023-10-20 13:30:00,XLE,Energy,45.130001068115234
2023-10-23 13:30:00,XLE,Energy,44.400001525878906
2023-10-24 13:30:00,XLE,Energy,43.775001525878906
2023-10-25 13:30:00,XLE,Energy,43.69499969482422
2023-10-26 13:30:00,XLE,Energy,43.35499954223633
2023-10-27 13:30:00,XLE,Energy,42.314998626708984
2023-10-30 13:30:00,XLE,Energy,42.45500183105469
2023-10-31 13:30:00,XLE,Energy,42.595001220703125
2023-11-01 13:30:00,XLE,Energy,42.494998931884766
2023-11-02 13:30:00,XLE,Energy,43.779998779296875
2023-11-03 13:30:00,XLE,Energy,43.34000015258789
2023-11-06 14:30:00,XLE,Energy,42.849998474121094
2023-11-07 14:30:00,XLE,Energy,41.900001525878906
2023-11-08 14:30:00,XLE,Energy,41.375
2023-11-09 14:30:00,XLE,Energy,41.25
2023-11-10 14:30:00,XLE,Energy,41.70500183105469
2023-11-13 14:30:00,XLE,Energy,42.005001068115234
2023-11-14 14:30:00,XLE,Energy,42.380001068115234
2023-11-15 14:30:00,XLE,Energy,42.29999923706055
2023-11-16 14:30:00,XLE,Energy,41.474998474121094
2023-11-17 14:30:00,XLE,Energy,42.345001220703125
2023-11-20 14:30:00,XLE,Energy,42.404998779296875
2023-11-21 14:30:00,XLE,Energy,42.310001373291016
2023-11-22 14:30:00,XLE,Energy,42.290000915527344
2023-11-24 14:30:00,XLE,Energy,42.46500015258789
2023-11-27 14:30:00,XLE,Energy,42.314998626708984
2023-11-28 14:30:00,XLE,Energy,42.32500076293945
2023-11-29 14:30:00,XLE,Energy,42.0099983215332
2023-11-30 14:30:00,XLE,Energy,42.290000915527344
2023-12-01 14:30:00,XLE,Energy,42.5099983215332
2023-12-04 14:30:00,XLE,Energy,42.314998626708984
2023-12-05 14:30:00,XLE,Energy,41.57500076293945
2023-12-06 14:30:00,XLE,Energy,40.95500183105469
2023-12-07 14:30:00,XLE,Energy,40.67499923706055
2023-12-08 14:30:00,XLE,Energy,41.1150016784668
2023-12-11 14:30:00,XLE,Energy,41.165000915527344
2023-12-12 14:30:00,XLE,Energy,40.599998474121094
2023-12-13 14:30:00,XLE,Energy,41.165000915527344
2023-12-14 14:30:00,XLE,Energy,42.375
2023-12-15 14:30:00,XLE,Energy,42.150001525878906
2023-12-18 14:30:00,XLE,Energy,42.09000015258789
2023-12-19 14:30:00,XLE,Energy,42.595001220703125
2023-12-20 14:30:00,XLE,Energy,42.20000076293945
2023-12-21 14:30:00,XLE,Energy,42.3650016784668
2023-12-22 14:30:00,XLE,Energy,42.4900016784668
2023-12-26 14:30:00,XLE,Energy,42.85499954223633
2023-12-27 14:30:00,XLE,Energy,42.665000915527344
2023-12-28 14:30:00,XLE,Energy,42.01499938964844
2023-12-29 14:30:00,XLE,Energy,41.91999816894531
2024-01-02 14:30:00,XLE,Energy,42.369998931884766
2024-01-03 14:30:00,XLE,Energy,43.060001373291016
2024-01-04 14:30:00,XLE,Energy,42.30500030517578
2024-01-05 14:30:00,XLE,Energy,42.34000015258789
2024-01-08 14:30:00,XLE,Energy,41.849998474121094
2024-01-09 14:30:00,XLE,Energy,41.18000030517578
2024-01-10 14:30:00,XLE,Energy,40.775001525878906
2024-01-11 14:30:00,XLE,Energy,40.880001068115234
2024-01-12 14:30:00,XLE,Energy,41.34000015258789
2024-01-16 14:30:00,XLE,Energy,40.35499954223633
2024-01-17 14:30:00,XLE,Energy,40.02000045776367
2024-01-18 14:30:00,XLE,Energy,39.95500183105469
2024-01-19 14:30:00,XLE,Energy,40.084999084472656
2024-01-22 14:30:00,XLE,Energy,40.23500061035156
2024-01-23 14:30:00,XLE,Energy,40.31999969482422
2024-01-24 14:30:00,XLE,Energy,40.89500045776367
2024-01-25 14:30:00,XLE,Energy,41.814998626708984
2024-01-26 14:30:00,XLE,Energy,42.125
2024-01-29 14:30:00,XLE,Energy,42.064998626708984
2024-01-30 14:30:00,XLE,Energy,42.5
2024-01-31 14:30:00,XLE,Energy,41.70500183105469
2024-02-01 14:30:00,XLE,Energy,41.70000076293945
2024-02-02 14:30:00,XLE,Energy,41.7599983215332
2024-02-05 14:30:00,XLE,Energy,41.654998779296875
2024-02-06 14:30:00,XLE,Energy,41.790000915527344
2024-02-07 14:30:00,XLE,Energy,41.875
2024-02-08 14:30:00,XLE,Energy,42.30500030517578
2024-02-09 14:30:00,XLE,Energy,41.654998779296875
2024-02-12 14:30:00,XLE,Energy,42.1150016784668
2024-02-13 14:30:00,XLE,Energy,41.689998626708984
2024-02-14 14:30:00,XLE,Energy,41.650001525878906
2024-02-15 14:30:00,XLE,Energy,42.810001373291016
2024-02-16 14:30:00,XLE,Energy,42.78499984741211
2024-02-20 14:30:00,XLE,Energy,42.39500045776367
2024-02-21 14:30:00,XLE,Energy,43.189998626708984
2024-02-22 14:30:00,XLE,Energy,43.26499938964844
2024-02-23 14:30:00,XLE,Energy,42.97999954223633
2024-02-26 14:30:00,XLE,Energy,43.130001068115234
2024-02-27 14:30:00,XLE,Energy,42.94499969482422
2024-02-28 14:30:00,XLE,Energy,42.86000061035156
2024-02-29 14:30:00,XLE,Energy,43.06999969482422
2024-03-01 14:30:00,XLE,Energy,43.56999969482422
2024-03-04 14:30:00,XLE,Energy,43.10499954223633
2024-03-05 14:30:00,XLE,Energy,43.42499923706055
2024-03-06 14:30:00,XLE,Energy,43.560001373291016
2024-03-07 14:30:00,XLE,Energy,43.93000030517578
2024-03-08 14:30:00,XLE,Energy,44.084999084472656
2024-03-11 13:30:00,XLE,Energy,44.540000915527344
2024-03-12 13:30:00,XLE,Energy,44.470001220703125
2024-03-13 13:30:00,XLE,Energy,45.18000030517578
2024-03-14 13:30:00,XLE,Energy,45.64500045776367
2024-03-15 13:30:00,XLE,Energy,45.779998779296875
2024-03-18 13:30:00,XLE,Energy,45.56999969482422
2024-03-19 13:30:00,XLE,Energy,46.09000015258789
2024-03-20 13:30:00,XLE,Energy,46.025001525878906
2024-03-21 13:30:00,XLE,Energy,46.29999923706055
2024-03-22 13:30:00,XLE,Energy,46.20000076293945
2024-03-25 13:30:00,XLE,Energy,46.630001068115234
2024-03-26 13:30:00,XLE,Energy,46.27000045776367
2024-03-27 13:30:00,XLE,Energy,46.70000076293945
2024-03-28 13:30:00,XLE,Energy,47.20500183105469
2024-04-01 13:30:00,XLE,Energy,47.55500030517578
2024-04-02 13:30:00,XLE,Energy,48.220001220703125
2024-04-03 13:30:00,XLE,Energy,48.54999923706055
2024-04-04 13:30:00,XLE,Energy,48.52000045776367
2024-04-05 13:30:00,XLE,Energy,49.040000915527344
2024-04-08 13:30:00,XLE,Energy,48.72999954223633
2024-04-09 13:30:00,XLE,Energy,48.744998931884766
2024-04-10 13:30:00,XLE,Energy,48.89500045776367
2024-04-11 13:30:00,XLE,Energy,48.86000061035156
2024-04-12 13:30:00,XLE,Energy,48.064998626708984
2024-04-15 13:30:00,XLE,Energy,47.6150016784668
2024-04-16 13:30:00,XLE,Energy,47.20000076293945
2024-04-17 13:30:00,XLE,Energy,47.064998626708984
2024-04-18 13:30:00,XLE,Energy,46.91999816894531
2024-04-19 13:30:00,XLE,Energy,47.48500061035156
2024-04-22 13:30:00,XLE,Energy,47.79499816894531
2024-04-23 13:30:00,XLE,Energy,48.060001373291016
2024-04-24 13:30:00,XLE,Energy,48.095001220703125
2024-04-25 13:30:00,XLE,Energy,48.314998626708984
2024-04-26 13:30:00,XLE,Energy,47.869998931884766
2024-04-29 13:30:00,XLE,Energy,48.19499969482422
2024-04-30 13:30:00,XLE,Energy,46.7599983215332
2024-05-01 13:30:00,XLE,Energy,46.01499938964844
2024-05-02 13:30:00,XLE,Energy,46.279998779296875
2024-05-03 13:30:00,XLE,Energy,46.28499984741211
2024-05-06 13:30:00,XLE,Energy,46.650001525878906
2024-05-07 13:30:00,XLE,Energy,46.60499954223633
2024-05-08 13:30:00,XLE,Energy,46.54999923706055
2024-05-09 13:30:00,XLE,Energy,47.17499923706055
2024-05-10 13:30:00,XLE,Energy,46.915000915527344
2024-05-13 13:30:00,XLE,Energy,46.790000915527344
2024-05-14 13:30:00,XLE,Energy,46.849998474121094
2024-05-15 13:30:00,XLE,Energy,46.95500183105469
2024-05-16 13:30:00,XLE,Energy,46.82500076293945
2024-05-17 13:30:00,XLE,Energy,47.47999954223633
2024-05-20 13:30:00,XLE,Energy,47.16999816894531
2024-05-21 13:30:00,XLE,Energy,46.939998626708984
2024-05-22 13:30:00,XLE,Energy,46.040000915527344
2024-05-23 13:30:00,XLE,Energy,45.619998931884766
2024-05-24 13:30:00,XLE,Energy,45.685001373291016
2024-05-28 13:30:00,XLE,Energy,46.154998779296875
2024-05-29 13:30:00,XLE,Energy,45.34000015258789
2024-05-30 13:30:00,XLE,Energy,45.470001220703125
2024-05-31 13:30:00,XLE,Energy,46.599998474121094
2024-06-03 13:30:00,XLE,Energy,45.380001068115234
2024-06-04 13:30:00,XLE,Energy,44.94499969482422
2024-06-05 13:30:00,XLE,Energy,44.939998626708984
2024-06-06 13:30:00,XLE,Energy,45.17499923706055
2024-06-07 13:30:00,XLE,Energy,44.994998931884766
2024-06-10 13:30:00,XLE,Energy,45.334999084472656
2024-06-11 13:30:00,XLE,Energy,45.244998931884766
2024-06-12 13:30:00,XLE,Energy,44.7599983215332
2024-06-13 13:30:00,XLE,Energy,44.349998474121094
2024-06-14 13:30:00,XLE,Energy,44.02000045776367
2024-06-17 13:30:00,XLE,Energy,44.1349983215332
2024-06-18 13:30:00,XLE,Energy,44.31999969482422
2024-06-20 13:30:00,XLE,Energy,45.1349983215332
2024-06-21 13:30:00,XLE,Energy,44.875
2024-06-24 13:30:00,XLE,Energy,45.63999938964844
2024-06-25 13:30:00,XLE,Energy,45.744998931884766
2024-06-26 13:30:00,XLE,Energy,45.29499816894531
2024-06-27 13:30:00,XLE,Energy,45.400001525878906
2024-06-28 13:30:00,XLE,Energy,45.57500076293945
2024-07-01 13:30:00,XLE,Energy,45.599998474121094
2024-07-02 13:30:00,XLE,Energy,45.564998626708984
2024-07-03 13:30:00,XLE,Energy,45.76499938964844
2024-07-05 13:30:00,XLE,Energy,45.04999923706055
2024-07-08 13:30:00,XLE,Energy,44.775001525878906
2024-07-09 13:30:00,XLE,Energy,44.380001068115234
2024-07-10 13:30:00,XLE,Energy,44.68000030517578
2024-07-11 13:30:00,XLE,Energy,45.14500045776367
2024-07-12 13:30:00,XLE,Energy,45.2599983215332
2024-07-15 13:30:00,XLE,Energy,45.94499969482422
2024-07-16 13:30:00,XLE,Energy,46.150001525878906
2024-07-17 13:30:00,XLE,Energy,46.61000061035156
2024-07-18 13:30:00,XLE,Energy,46.69499969482422
2024-07-19 13:30:00,XLE,Energy,46.185001373291016
2024-07-22 13:30:00,XLE,Energy,45.89500045776367
2024-07-23 13:30:00,XLE,Energy,45.165000915527344
2024-07-24 13:30:00,XLE,Energy,45.16999816894531
2024-07-25 13:30:00,XLE,Energy,45.95000076293945
2024-07-26 13:30:00,XLE,Energy,46.095001220703125
2024-07-29 13:30:00,XLE,Energy,45.70000076293945
2024-07-30 13:30:00,XLE,Energy,46.40999984741211
2024-07-31 13:30:00,XLE,Energy,46.60499954223633
2024-08-01 13:30:00,XLE,Energy,45.369998931884766
2024-08-02 13:30:00,XLE,Energy,44.20000076293945
2024-08-05 13:30:00,XLE,Energy,43.224998474121094
2024-08-06 13:30:00,XLE,Energy,43.4900016784668
2024-08-07 13:30:00,XLE,Energy,43.665000915527344
2024-08-08 13:30:00,XLE,Energy,44.60499954223633
2024-08-09 13:30:00,XLE,Energy,44.70500183105469
2024-08-12 13:30:00,XLE,Energy,44.92499923706055
2024-08-13 13:30:00,XLE,Energy,44.4900016784668
2024-08-14 13:30:00,XLE,Energy,44.75
2024-08-15 13:30:00,XLE,Energy,45.28499984741211
2024-08-16 13:30:00,XLE,Energy,45.23500061035156
2024-08-19 13:30:00,XLE,Energy,45.540000915527344
2024-08-20 13:30:00,XLE,Energy,44.34000015258789
2024-08-21 13:30:00,XLE,Energy,44.415000915527344
2024-08-22 13:30:00,XLE,Energy,44.529998779296875
2024-08-23 13:30:00,XLE,Energy,45.19499969482422
2024-08-26 13:30:00,XLE,Energy,45.599998474121094
2024-08-27 13:30:00,XLE,Energy,45.17499923706055
2024-08-28 13:30:00,XLE,Energy,44.8849983215332
2024-08-29 13:30:00,XLE,Energy,45.470001220703125
2024-08-30 13:30:00,XLE,Energy,45.63999938964844
2024-09-03 13:30:00,XLE,Energy,44.505001068115234
2024-09-04 13:30:00,XLE,Energy,43.88999938964844
2024-09-05 13:30:00,XLE,Energy,43.54999923706055
2024-09-06 13:30:00,XLE,Energy,43.005001068115234
2024-09-09 13:30:00,XLE,Energy,43.314998626708984
2024-09-10 13:30:00,XLE,Energy,42.56999969482422
2024-09-11 13:30:00,XLE,Energy,42.17499923706055
2024-09-12 13:30:00,XLE,Energy,42.55500030517578
2024-09-13 13:30:00,XLE,Energy,42.79499816894531
2024-09-16 13:30:00,XLE,Energy,43.28499984741211
2024-09-17 13:30:00,XLE,Energy,43.869998931884766
2024-09-18 13:30:00,XLE,Energy,43.95500183105469
2024-09-19 13:30:00,XLE,Energy,44.47999954223633
2024-09-20 13:30:00,XLE,Energy,44.380001068115234
2024-09-23 13:30:00,XLE,Energy,44.560001373291016
2024-09-24 13:30:00,XLE,Energy,44.45000076293945
2024-09-25 13:30:00,XLE,Energy,43.58000183105469
2024-09-26 13:30:00,XLE,Energy,42.724998474121094
2024-09-27 13:30:00,XLE,Energy,43.595001220703125
2024-09-30 13:30:00,XLE,Energy,43.900001525878906
2024-10-01 13:30:00,XLE,Energy,44.900001525878906
2024-10-02 13:30:00,XLE,Energy,45.36000061035156
2024-10-03 13:30:00,XLE,Energy,46.15999984741211
2024-10-04 13:30:00,XLE,Energy,46.59000015258789
2024-10-07 13:30:00,XLE,Energy,46.755001068115234
2024-10-08 13:30:00,XLE,Energy,45.53499984741211
2024-10-09 13:30:00,XLE,Energy,45.810001373291016
2024-10-10 13:30:00,XLE,Energy,46.119998931884766
2024-10-11 13:30:00,XLE,Energy,46.404998779296875
2024-10-14 13:30:00,XLE,Energy,46.3849983215332
2024-10-15 13:30:00,XLE,Energy,44.88999938964844
2024-10-16 13:30:00,XLE,Energy,45.10499954223633
2024-10-17 13:30:00,XLE,Energy,45.31999969482422
2024-10-18 13:30:00,XLE,Energy,45.16999816894531
2024-10-21 13:30:00,XLE,Energy,45.03499984741211
2024-10-22 13:30:00,XLE,Energy,45.13999938964844
2024-10-23 13:30:00,XLE,Energy,44.904998779296875
2024-10-24 13:30:00,XLE,Energy,44.900001525878906
2024-10-25 13:30:00,XLE,Energy,44.8849983215332
2024-10-28 13:30:00,XLE,Energy,44.599998474121094
2024-10-29 13:30:00,XLE,Energy,43.91999816894531
2024-10-30 13:30:00,XLE,Energy,44.02000045776367
2024-10-31 13:30:00,XLE,Energy,44.29499816894531
2024-11-01 13:30:00,XLE,Energy,44.01499938964844
2024-11-04 14:30:00,XLE,Energy,44.78499984741211
2024-11-05 14:30:00,XLE,Energy,45.084999084472656
2024-11-06 14:30:00,XLE,Energy,46.779998779296875
2024-11-07 14:30:00,XLE,Energy,46.564998626708984
2024-11-08 14:30:00,XLE,Energy,46.875
2024-11-11 14:30:00,XLE,Energy,47.13999938964844
2024-11-12 14:30:00,XLE,Energy,46.88999938964844
2024-11-13 14:30:00,XLE,Energy,47.255001068115234
2024-11-14 14:30:00,XLE,Energy,47.435001373291016
2024-11-15 14:30:00,XLE,Energy,47.3650016784668
2024-11-18 14:30:00,XLE,Energy,47.994998931884766
2024-11-19 14:30:00,XLE,Energy,47.689998626708984
2024-11-20 14:30:00,XLE,Energy,48.16999816894531
2024-11-21 14:30:00,XLE,Energy,48.560001373291016
2024-11-22 14:30:00,XLE,Energy,48.6349983215332
2024-11-25 14:30:00,XLE,Energy,47.67499923706055
2024-11-26 14:30:00,XLE,Energy,47.61000061035156
2024-11-27 14:30:00,XLE,Energy,47.560001373291016
2024-11-29 14:30:00,XLE,Energy,47.76499938964844
2024-12-02 14:30:00,XLE,Energy,47.2599983215332
2024-12-03 14:30:00,XLE,Energy,47.255001068115234
2024-12-04 14:30:00,XLE,Energy,46.1150016784668
2024-12-05 14:30:00,XLE,Energy,46.29499816894531
2024-12-06 14:30:00,XLE,Energy,45.5099983215332
2024-12-09 14:30:00,XLE,Energy,45.435001373291016
2024-12-10 14:30:00,XLE,Energy,45.125
2024-12-11 14:30:00,XLE,Energy,45.20000076293945
2024-12-12 14:30:00,XLE,Energy,44.834999084472656
2024-12-13 14:30:00,XLE,Energy,44.61000061035156
2024-12-16 14:30:00,XLE,Energy,43.630001068115234
2024-12-17 14:30:00,XLE,Energy,43.30500030517578
2024-12-18 14:30:00,XLE,Energy,42.025001525878906
2024-12-19 14:30:00,XLE,Energy,41.65999984741211
2024-12-20 14:30:00,XLE,Energy,42.06999969482422
2024-12-23 14:30:00,XLE,Energy,41.96500015258789
2024-12-24 14:30:00,XLE,Energy,42.31999969482422
2024-12-26 14:30:00,XLE,Energy,42.28499984741211
2024-12-27 14:30:00,XLE,Energy,42.279998779296875
2024-12-30 14:30:00,XLE,Energy,42.275001525878906
2024-12-31 14:30:00,XLE,Energy,42.83000183105469
2025-01-02 14:30:00,XLE,Energy,43.33000183105469
2025-01-03 14:30:00,XLE,Energy,43.73500061035156
2025-01-06 14:30:00,XLE,Energy,43.53499984741211
2025-01-07 14:30:00,XLE,Energy,43.970001220703125
2025-01-08 14:30:00,XLE,Energy,44.01499938964844
2025-01-10 14:30:00,XLE,Energy,44.19499969482422
2025-01-13 14:30:00,XLE,Energy,45.125
2025-01-14 14:30:00,XLE,Energy,45.61000061035156
2025-01-15 14:30:00,XLE,Energy,46.28499984741211
2025-01-16 14:30:00,XLE,Energy,46.619998931884766
2025-01-17 14:30:00,XLE,Energy,46.97999954223633
2025-01-21 14:30:00,XLE,Energy,46.7400016784668
2025-01-22 14:30:00,XLE,Energy,45.88999938964844
2025-01-23 14:30:00,XLE,Energy,46.099998474121094
2025-01-24 14:30:00,XLE,Energy,45.654998779296875
2025-01-27 14:30:00,XLE,Energy,45.18000030517578
2025-01-28 14:30:00,XLE,Energy,44.75
2025-01-29 14:30:00,XLE,Energy,44.849998474121094
2025-01-30 14:30:00,XLE,Energy,45.08000183105469
2025-01-31 14:30:00,XLE,Energy,43.81999969482422
2025-02-03 14:30:00,XLE,Energy,44.095001220703125
2025-02-04 14:30:00,XLE,Energy,45.02000045776367
2025-02-05 14:30:00,XLE,Energy,45.1150016784668
2025-02-06 14:30:00,XLE,Energy,44.28499984741211
2025-02-07 14:30:00,XLE,Energy,44.279998779296875
2025-02-10 14:30:00,XLE,Energy,45.255001068115234
2025-02-11 14:30:00,XLE,Energy,45.619998931884766
2025-02-12 14:30:00,XLE,Energy,44.52000045776367
2025-02-13 14:30:00,XLE,Energy,44.85499954223633
2025-02-14 14:30:00,XLE,Energy,45.03499984741211
2025-02-18 14:30:00,XLE,Energy,45.650001525878906
2025-02-19 14:30:00,XLE,Energy,46.0099983215332
2025-02-20 14:30:00,XLE,Energy,46.43000030517578
2025-02-21 14:30:00,XLE,Energy,45.46500015258789
2025-02-24 14:30:00,XLE,Energy,45.474998474121094
2025-02-25 14:30:00,XLE,Energy,44.81999969482422
2025-02-26 14:30:00,XLE,Energy,44.564998626708984
2025-02-27 14:30:00,XLE,Energy,44.80500030517578
2025-02-28 14:30:00,XLE,Energy,45.5
2025-03-03 14:30:00,XLE,Energy,43.90999984741211
2025-03-04 14:30:00,XLE,Energy,43.48500061035156
2025-03-05 14:30:00,XLE,Energy,42.849998474121094
2025-03-06 14:30:00,XLE,Energy,42.97999954223633
2025-03-07 14:30:00,XLE,Energy,43.71500015258789
2025-03-10 13:30:00,XLE,Energy,44.040000915527344
2025-03-11 13:30:00,XLE,Energy,43.689998626708984
2025-03-12 13:30:00,XLE,Energy,43.88999938964844
2025-03-13 13:30:00,XLE,Energy,43.59000015258789
2025-03-14 13:30:00,XLE,Energy,44.880001068115234
2025-03-17 13:30:00,XLE,Energy,45.595001220703125
2025-03-18 13:30:00,XLE,Energy,45.66999816894531
2025-03-19 13:30:00,XLE,Energy,46.415000915527344
2025-03-20 13:30:00,XLE,Energy,46.584999084472656
2025-03-21 13:30:00,XLE,Energy,46.2599983215332
2025-03-24 13:30:00,XLE,Energy,46.42499923706055
2025-03-25 13:30:00,XLE,Energy,46.6150016784668
2025-03-26 13:30:00,XLE,Energy,46.88999938964844
2025-03-27 13:30:00,XLE,Energy,46.435001373291016
2025-03-28 13:30:00,XLE,Energy,46.21500015258789
2025-03-31 13:30:00,XLE,Energy,46.724998474121094
2025-04-01 13:30:00,XLE,Energy,47.0
2025-04-02 13:30:00,XLE,Energy,47.064998626708984
2025-04-03 13:30:00,XLE,Energy,43.369998931884766
2025-04-04 13:30:00,XLE,Energy,39.380001068115234
2025-04-07 13:30:00,XLE,Energy,39.125
2025-04-08 13:30:00,XLE,Energy,38.220001220703125
2025-04-09 13:30:00,XLE,Energy,41.18000030517578
2025-04-10 13:30:00,XLE,Energy,38.4900016784668
2025-04-11 13:30:00,XLE,Energy,39.44499969482422
2025-04-14 13:30:00,XLE,Energy,39.584999084472656
2025-04-15 13:30:00,XLE,Energy,39.525001525878906
2025-04-16 13:30:00,XLE,Energy,39.849998474121094
2025-04-17 13:30:00,XLE,Energy,40.75
2025-04-21 13:30:00,XLE,Energy,39.685001373291016
2025-04-22 13:30:00,XLE,Energy,40.69499969482422
2025-04-23 13:30:00,XLE,Energy,40.619998931884766
2025-04-24 13:30:00,XLE,Energy,41.27000045776367
2025-04-25 13:30:00,XLE,Energy,41.19499969482422
2025-04-28 13:30:00,XLE,Energy,41.48500061035156
2025-04-29 13:30:00,XLE,Energy,41.3650016784668
2025-04-30 13:30:00,XLE,Energy,40.25
2025-05-01 13:30:00,XLE,Energy,40.400001525878906
2025-05-02 13:30:00,XLE,Energy,40.9900016784668
2025-05-05 13:30:00,XLE,Energy,40.25
2025-05-06 13:30:00,XLE,Energy,40.2599983215332
2025-05-07 13:30:00,XLE,Energy,40.275001525878906
2025-05-08 13:30:00,XLE,Energy,40.80500030517578
2025-05-09 13:30:00,XLE,Energy,41.21500015258789
2025-05-12 13:30:00,XLE,Energy,42.290000915527344
2025-05-13 13:30:00,XLE,Energy,42.8849983215332
2025-05-14 13:30:00,XLE,Energy,42.625
2025-05-15 13:30:00,XLE,Energy,42.80500030517578
2025-05-16 13:30:00,XLE,Energy,42.7400016784668
2025-05-19 13:30:00,XLE,Energy,42.185001373291016
2025-05-20 13:30:00,XLE,Energy,41.79499816894531
2025-05-21 13:30:00,XLE,Energy,41.025001525878906
2025-05-22 13:30:00,XLE,Energy,40.8650016784668
2025-05-23 13:30:00,XLE,Energy,40.994998931884766
2025-05-27 13:30:00,XLE,Energy,41.349998474121094
2025-05-28 13:30:00,XLE,Energy,40.82500076293945
2025-05-29 13:30:00,XLE,Energy,41.130001068115234
2025-05-30 13:30:00,XLE,Energy,40.76499938964844
2025-06-02 13:30:00,XLE,Energy,41.29999923706055
2025-06-03 13:30:00,XLE,Energy,41.790000915527344
2025-06-04 13:30:00,XLE,Energy,40.974998474121094
2025-06-05 13:30:00,XLE,Energy,40.935001373291016
2025-06-06 13:30:00,XLE,Energy,41.70500183105469
2025-06-09 13:30:00,XLE,Energy,41.78499984741211
2025-06-10 13:30:00,XLE,Energy,42.529998779296875
2025-06-11 13:30:00,XLE,Energy,43.14500045776367
2025-06-12 13:30:00,XLE,Energy,43.29499816894531
2025-06-13 13:30:00,XLE,Energy,44.04999923706055
2025-06-16 13:30:00,XLE,Energy,43.91999816894531
2025-06-17 13:30:00,XLE,Energy,44.33000183105469
2025-06-18 13:30:00,XLE,Energy,44.040000915527344
2025-06-20 13:30:00,XLE,Energy,44.4900016784668
2025-06-23 13:30:00,XLE,Energy,43.01499938964844
2025-06-24 13:30:00,XLE,Energy,42.45500183105469
2025-06-25 13:30:00,XLE,Energy,42.27000045776367
2025-06-26 13:30:00,XLE,Energy,42.875
2025-06-27 13:30:00,XLE,Energy,42.650001525878906
2025-06-30 13:30:00,XLE,Energy,42.404998779296875
2025-07-01 13:30:00,XLE,Energy,42.72999954223633
2025-07-02 13:30:00,XLE,Energy,43.46500015258789
2025-07-03 13:30:00,XLE,Energy,43.51499938964844
2025-07-07 13:30:00,XLE,Energy,43.095001220703125
2025-07-08 13:30:00,XLE,Energy,44.255001068115234
2025-07-09 13:30:00,XLE,Energy,44.029998779296875
2025-07-10 13:30:00,XLE,Energy,44.3650016784668
2025-07-11 13:30:00,XLE,Energy,44.564998626708984
2025-07-14 13:30:00,XLE,Energy,44.07500076293945
2025-07-15 13:30:00,XLE,Energy,43.439998626708984
2025-07-16 13:30:00,XLE,Energy,43.064998626708984
2025-07-17 13:30:00,XLE,Energy,43.33000183105469
2025-07-18 13:30:00,XLE,Energy,42.97999954223633
2025-07-21 13:30:00,XLE,Energy,42.53499984741211
2025-07-22 13:30:00,XLE,Energy,42.73500061035156
2025-07-23 13:30:00,XLE,Energy,43.404998779296875
2025-07-24 13:30:00,XLE,Energy,43.71500015258789
2025-07-25 13:30:00,XLE,Energy,43.54999923706055
2025-07-28 13:30:00,XLE,Energy,44.04499816894531
2025-07-29 13:30:00,XLE,Energy,44.474998474121094
2025-07-30 13:30:00,XLE,Energy,43.84000015258789
2025-07-31 13:30:00,XLE,Energy,43.60499954223633
2025-08-01 13:30:00,XLE,Energy,42.79499816894531
2025-08-04 13:30:00,XLE,Energy,42.70000076293945
2025-08-05 13:30:00,XLE,Energy,42.755001068115234
2025-08-06 13:30:00,XLE,Energy,42.36000061035156
2025-08-07 13:30:00,XLE,Energy,42.19499969482422
2025-08-08 13:30:00,XLE,Energy,42.46500015258789
2025-08-11 13:30:00,XLE,Energy,42.125
2025-08-12 13:30:00,XLE,Energy,42.33000183105469
2025-08-13 13:30:00,XLE,Energy,42.81999969482422
2025-08-14 13:30:00,XLE,Energy,42.779998779296875
2025-08-15 13:30:00,XLE,Energy,42.779998779296875
2025-08-18 13:30:00,XLE,Energy,42.525001525878906
2025-08-19 13:30:00,XLE,Energy,42.540000915527344
2025-08-20 13:30:00,XLE,Energy,42.89500045776367
2025-08-21 13:30:00,XLE,Energy,43.189998626708984
2025-08-22 13:30:00,XLE,Energy,44.06999969482422
2025-08-25 13:30:00,XLE,Energy,44.185001373291016
2025-08-26 13:30:00,XLE,Energy,44.1150016784668
2025-08-27 13:30:00,XLE,Energy,44.61000061035156
2025-08-28 13:30:00,XLE,Energy,44.95000076293945
2025-08-29 13:30:00,XLE,Energy,45.19499969482422
2025-09-02 13:30:00,XLE,Energy,45.2599983215332
2025-09-03 13:30:00,XLE,Energy,44.244998931884766
2025-09-04 13:30:00,XLE,Energy,44.540000915527344
2025-09-05 13:30:00,XLE,Energy,43.68000030517578
2025-09-08 13:30:00,XLE,Energy,43.58000183105469
2025-09-09 13:30:00,XLE,Energy,43.790000915527344
2025-09-10 13:30:00,XLE,Energy,44.55500030517578
2025-09-11 13:30:00,XLE,Energy,44.564998626708984
2025-09-12 13:30:00,XLE,Energy,44.29999923706055
2025-09-15 13:30:00,XLE,Energy,44.150001525878906
2025-09-16 13:30:00,XLE,Energy,44.88999938964844
2025-09-17 13:30:00,XLE,Energy,44.994998931884766
2025-09-18 13:30:00,XLE,Energy,44.85499954223633
2025-09-19 13:30:00,XLE,Energy,44.2599983215332
2025-09-22 13:30:00,XLE,Energy,43.834999084472656
2025-09-23 13:30:00,XLE,Energy,44.59000015258789
2025-09-24 13:30:00,XLE,Energy,45.16999816894531
2025-09-25 13:30:00,XLE,Energy,45.57500076293945
2025-09-26 13:30:00,XLE,Energy,45.994998931884766
2025-09-29 13:30:00,XLE,Energy,45.150001525878906
2025-09-30 13:30:00,XLE,Energy,44.66999816894531
2025-10-01 13:30:00,XLE,Energy,44.66999816894531
2025-10-02 13:30:00,XLE,Energy,44.220001220703125
2025-10-03 13:30:00,XLE,Energy,44.45500183105469
2025-10-06 13:30:00,XLE,Energy,44.67499923706055
2025-10-07 13:30:00,XLE,Energy,44.744998931884766
2025-10-08 13:30:00,XLE,Energy,44.48500061035156
2025-10-09 13:30:00,XLE,Energy,43.880001068115234
2025-10-10 13:30:00,XLE,Energy,42.61000061035156
2025-10-13 13:30:00,XLE,Energy,43.189998626708984
2025-10-14 13:30:00,XLE,Energy,43.185001373291016
2025-10-15 13:30:00,XLE,Energy,43.15999984741211
2025-10-16 13:30:00,XLE,Energy,42.63999938964844
2025-10-17 13:30:00,XLE,Energy,42.9900016784668
2025-10-20 13:30:00,XLE,Energy,43.44499969482422
2025-10-21 13:30:00,XLE,Energy,43.345001220703125
2025-10-22 13:30:00,XLE,Energy,43.900001525878906
2025-10-23 13:30:00,XLE,Energy,44.48500061035156
2025-10-24 13:30:00,XLE,Energy,44.03499984741211
2025-10-27 13:30:00,XLE,Energy,44.13999938964844
2025-10-28 13:30:00,XLE,Energy,43.68000030517578
2025-10-29 13:30:00,XLE,Energy,44.005001068115234
2025-10-30 13:30:00,XLE,Energy,43.744998931884766
2025-10-31 13:30:00,XLE,Energy,44.064998626708984
2025-11-03 14:30:00,XLE,Energy,44.06999969482422
2025-11-04 14:30:00,XLE,Energy,43.595001220703125
2025-11-05 14:30:00,XLE,Energy,43.709999084472656
2025-11-06 14:30:00,XLE,Energy,44.1349983215332
2025-11-07 14:30:00,XLE,Energy,44.77000045776367
2025-11-10 14:30:00,XLE,Energy,45.17499923706055
2025-11-11 14:30:00,XLE,Energy,45.76499938964844
2025-11-12 14:30:00,XLE,Energy,45.125
2025-11-13 14:30:00,XLE,Energy,45.2400016784668
2025-11-14 14:30:00,XLE,Energy,46.0099983215332
2025-11-17 14:30:00,XLE,Energy,45.16999816894531
2025-11-18 14:30:00,XLE,Energy,45.529998779296875
2025-11-19 14:30:00,XLE,Energy,44.939998626708984
2025-11-20 14:30:00,XLE,Energy,44.43000030517578
2025-11-21 14:30:00,XLE,Energy,44.709999084472656
2025-11-24 14:30:00,XLE,Energy,44.584999084472656
2025-11-25 14:30:00,XLE,Energy,44.30500030517578
2025-11-26 14:30:00,XLE,Energy,44.63999938964844
2025-11-28 14:30:00,XLE,Energy,45.224998474121094
2025-12-01 14:30:00,XLE,Energy,45.65999984741211
2025-12-02 14:30:00,XLE,Energy,45.06999969482422
2025-12-03 14:30:00,XLE,Energy,45.915000915527344
2025-12-04 14:30:00,XLE,Energy,46.11000061035156
2025-12-05 14:30:00,XLE,Energy,45.91999816894531
2025-12-08 14:30:00,XLE,Energy,45.41999816894531
2025-12-09 14:30:00,XLE,Energy,45.70000076293945
2025-12-10 14:30:00,XLE,Energy,46.18000030517578
2025-12-11 14:30:00,XLE,Energy,45.959999084472656
2025-12-12 14:30:00,XLE,Energy,45.5099983215332
2025-12-15 14:30:00,XLE,Energy,45.189998626708984
2025-12-16 14:30:00,XLE,Energy,43.810001373291016
2025-12-17 14:30:00,XLE,Energy,44.779998779296875
2025-12-18 14:30:00,XLE,Energy,44.130001068115234
2025-12-19 14:30:00,XLE,Energy,44.130001068115234
2025-12-22 14:30:00,XLE,Energy,44.209999084472656
2025-12-23 14:30:00,XLE,Energy,44.5
2025-12-24 14:30:00,XLE,Energy,44.369998931884766
2025-12-26 14:30:00,XLE,Energy,44.20000076293945
2025-12-29 14:30:00,XLE,Energy,44.619998931884766
2025-12-30 14:30:00,XLE,Energy,44.959999084472656
2025-12-31 14:30:00,XLE,Energy,44.709999084472656
2026-01-02 14:30:00,XLE,Energy,45.650001525878906
2026-01-05 14:30:00,XLE,Energy,46.88999938964844
2026-01-06 14:30:00,XLE,Energy,45.63999938964844
2026-01-07 14:30:00,XLE,Energy,45.130001068115234
2026-01-08 14:30:00,XLE,Energy,46.54999923706055
2026-01-09 14:30:00,XLE,Energy,46.66999816894531
2026-01-12 14:30:00,XLE,Energy,46.34000015258789
2026-01-13 14:30:00,XLE,Energy,47.0
2026-01-14 14:30:00,XLE,Energy,48.060001373291016
2026-01-15 14:30:00,XLE,Energy,47.61000061035156
2026-01-16 14:30:00,XLE,Energy,47.689998626708984
2026-01-20 14:30:00,XLE,Energy,47.599998474121094
2026-01-21 14:30:00,XLE,Energy,48.75
2026-01-22 14:30:00,XLE,Energy,48.90999984741211
2026-01-23 14:30:00,XLE,Energy,49.189998626708984
2026-01-26 14:30:00,XLE,Energy,49.220001220703125
2026-01-27 14:30:00,XLE,Energy,49.66999816894531
2026-01-28 14:30:00,XLE,Energy,50.04999923706055
2026-01-29 14:30:00,XLE,Energy,50.5099983215332
2026-01-30 14:30:00,XLE,Energy,51.04999923706055
2026-02-02 14:30:00,XLE,Energy,50.04999923706055
2026-02-03 14:30:00,XLE,Energy,51.66999816894531
2026-02-04 14:30:00,XLE,Energy,52.83000183105469
2026-02-05 14:30:00,XLE,Energy,52.209999084472656
2026-02-06 14:30:00,XLE,Energy,53.25
2026-02-09 14:30:00,XLE,Energy,53.63999938964844
2026-02-10 14:30:00,XLE,Energy,53.58000183105469
2026-02-11 14:30:00,XLE,Energy,54.97999954223633
2026-02-12 14:30:00,XLE,Energy,53.97999954223633
2026-02-13 14:30:00,XLE,Energy,54.349998474121094
2026-02-17 14:30:00,XLE,Energy,53.75
2026-02-18 14:30:00,XLE,Energy,54.779998779296875
2026-02-19 14:30:00,XLE,Energy,55.18000030517578
2026-02-20 14:30:00,XLE,Energy,54.880001068115234
2026-02-23 14:30:00,XLE,Energy,55.150001525878906
2026-02-24 14:30:00,XLE,Energy,55.099998474121094
2026-02-25 14:30:00,XLE,Energy,54.869998931884766
2026-02-26 14:30:00,XLE,Energy,55.04999923706055
2026-02-27 14:30:00,XLE,Energy,55.91999816894531
2026-03-02 14:30:00,XLE,Energy,57.040000915527344
2026-03-03 14:30:00,XLE,Energy,56.52000045776367
2026-03-04 14:30:00,XLE,Energy,56.189998626708984
2026-03-05 14:30:00,XLE,Energy,56.47999954223633
2026-03-06 14:30:00,XLE,Energy,56.56999969482422
2026-03-09 13:30:00,XLE,Energy,56.31999969482422
2026-03-10 13:30:00,XLE,Energy,55.599998474121094
2026-03-11 13:30:00,XLE,Energy,56.97999954223633
2026-03-12 13:30:00,XLE,Energy,57.5099983215332
2026-03-13 13:30:00,XLE,Energy,57.70000076293945
2026-03-16 13:30:00,XLE,Energy,57.900001525878906
2026-03-17 13:30:00,XLE,Energy,58.5099983215332
2026-03-18 13:30:00,XLE,Energy,58.43000030517578
2026-03-19 13:30:00,XLE,Energy,59.36000061035156
2026-03-20 13:30:00,XLE,Energy,59.310001373291016
2026-03-23 13:30:00,XLE,Energy,59.630001068115234
2026-03-24 13:30:00,XLE,Energy,60.84000015258789
2026-03-25 13:30:00,XLE,Energy,60.56999969482422
2026-03-26 13:30:00,XLE,Energy,61.52000045776367
2026-03-27 13:30:00,XLE,Energy,62.560001373291016
2026-03-30 13:30:00,XLE,Energy,61.959999084472656
2026-03-31 13:30:00,XLE,Energy,61.2599983215332
2026-04-01 13:30:00,XLE,Energy,58.970001220703125
2026-04-02 13:30:00,XLE,Energy,59.25
2026-04-06 13:30:00,XLE,Energy,59.68000030517578
2026-04-07 13:30:00,XLE,Energy,60.15999984741211
2026-04-08 13:30:00,XLE,Energy,58.04999923706055
2026-04-09 13:30:00,XLE,Energy,57.33000183105469
2026-04-10 13:30:00,XLE,Energy,56.939998626708984
2026-04-13 13:30:00,XLE,Energy,57.11000061035156
2026-04-14 13:30:00,XLE,Energy,55.95000076293945
2026-04-15 13:30:00,XLE,Energy,55.7599983215332
2026-04-16 13:30:00,XLE,Energy,56.58000183105469
2026-04-17 13:30:00,XLE,Energy,55.02000045776367
2026-04-20 13:30:00,XLE,Energy,55.06999969482422
2026-04-21 13:30:00,XLE,Energy,55.869998931884766
2026-04-22 13:30:00,XLE,Energy,56.540000915527344
2026-04-23 13:30:00,XLE,Energy,56.97999954223633
2026-04-24 13:30:00,XLE,Energy,56.869998931884766
2026-04-27 13:30:00,XLE,Energy,56.77000045776367
2026-04-28 13:30:00,XLE,Energy,57.709999084472656
2026-04-29 13:30:00,XLE,Energy,59.029998779296875
2026-04-30 13:30:00,XLE,Energy,59.650001525878906
2026-05-01 13:30:00,XLE,Energy,58.849998474121094
2026-05-04 13:30:00,XLE,Energy,59.38999938964844
2026-05-05 13:30:00,XLE,Energy,59.45000076293945
2026-05-06 13:30:00,XLE,Energy,57.0
2026-05-07 13:30:00,XLE,Energy,55.95000076293945
2026-05-08 13:30:00,XLE,Energy,55.70000076293945
2026-05-11 13:30:00,XLE,Energy,57.16999816894531
2026-05-12 13:30:00,XLE,Energy,57.56999969482422
2026-05-13 13:30:00,XLE,Energy,57.630001068115234
2026-05-14 13:30:00,XLE,Energy,58.06999969482422
2026-05-15 13:30:00,XLE,Energy,59.439998626708984
2026-05-18 13:30:00,XLE,Energy,60.58000183105469
2026-05-19 13:30:00,XLE,Energy,61.290000915527344
2026-05-20 13:30:00,XLE,Energy,59.79999923706055
2026-05-21 13:30:00,XLE,Energy,59.130001068115234
2026-05-22 13:30:00,XLE,Energy,59.4900016784668
2026-05-26 13:30:00,XLE,Energy,57.849998474121094
2026-05-27 13:30:00,XLE,Energy,56.9900016784668
2026-05-28 13:30:00,XLE,Energy,56.95000076293945
2026-05-29 13:30:00,XLE,Energy,56.290000915527344
2026-06-01 13:30:00,XLE,Energy,57.29999923706055
2026-06-02 13:30:00,XLE,Energy,57.959999084472656
2026-06-03 13:30:00,XLE,Energy,58.709999084472656
2026-06-04 13:30:00,XLE,Energy,58.75
2026-06-05 13:30:00,XLE,Energy,57.66999816894531
2026-06-08 13:30:00,XLE,Energy,58.33000183105469
2026-06-09 13:30:00,XLE,Energy,57.38999938964844
2026-06-10 13:30:00,XLE,Energy,58.25
2026-06-11 13:30:00,XLE,Energy,57.119998931884766
2026-06-12 13:30:00,XLE,Energy,57.54999923706055
2026-06-15 13:30:00,XLE,Energy,55.54999923706055
2026-06-16 13:30:00,XLE,Energy,55.36000061035156
2026-06-17 13:30:00,XLE,Energy,54.66999816894531
2026-06-18 13:30:00,XLE,Energy,53.77000045776367
2026-06-22 13:30:00,XLE,Energy,54.060001373291016
2026-06-23 13:30:00,XLE,Energy,54.459999084472656
2026-06-24 13:30:00,XLE,Energy,53.56999969482422
2026-06-25 13:30:00,XLE,Energy,54.09000015258789
2026-06-26 13:30:00,XLE,Energy,53.84000015258789
2026-06-29 13:30:00,XLE,Energy,53.58000183105469
2026-06-30 13:30:00,XLE,Energy,53.11000061035156
2026-07-01 13:30:00,XLE,Energy,52.810001373291016
2026-07-02 13:30:00,XLE,Energy,53.220001220703125
2026-07-06 13:30:00,XLE,Energy,53.130001068115234
2026-07-07 13:30:00,XLE,Energy,54.63999938964844
2026-07-08 13:30:00,XLE,Energy,55.599998474121094
2026-07-09 13:30:00,XLE,Energy,54.81999969482422
2026-07-10 13:30:00,XLE,Energy,55.08000183105469
2026-07-13 13:30:00,XLE,Energy,56.7400016784668
2026-07-14 13:30:00,XLE,Energy,56.95000076293945
2026-07-15 13:30:00,XLE,Energy,56.5
2026-07-16 13:30:00,XLE,Energy,57.02000045776367
2026-07-17 13:30:00,XLE,Energy,57.68000030517578
2026-07-20 13:30:00,XLE,Energy,57.939998626708984
2026-07-21 13:30:00,XLE,Energy,58.5
2026-07-22 13:30:00,XLE,Energy,59.20000076293945
2026-07-23 13:30:00,XLE,Energy,59.380001068115234
2026-07-24 13:30:00,XLE,Energy,59.619998931884766
2026-07-27 13:30:00,XLE,Energy,58.36000061035156
2026-07-28 13:30:00,XLE,Energy,57.56999969482422
2026-07-29 13:30:00,XLE,Energy,58.650001525878906
2026-07-30 13:30:00,XLE,Energy,58.959999084472656
2026-07-31 13:30:00,XLE,Energy,59.54999923706055
2026-08-03 13:30:00,XLE,Energy,58.790000915527344
2026-08-04 13:30:00,XLE,Energy,58.52000045776367
2026-08-05 13:30:00,XLE,Energy,57.310001373291016
2026-08-06 13:30:00,XLE,Energy,58.15999984741211
2026-08-07 13:30:00,XLE,Energy,57.5
2026-08-10 13:30:00,XLE,Energy,60.18000030517578
2026-08-11 13:30:00,XLE,Energy,60.93000030517578
2026-08-12 13:30:00,XLE,Energy,61.029998779296875
2026-08-13 13:30:00,XLE,Energy,61.060001373291016
2026-08-14 13:30:00,XLE,Energy,61.90999984741211
2026-08-17 13:30:00,XLE,Energy,62.58000183105469
2026-08-18 13:30:00,XLE,Energy,63.68000030517578
2026-08-19 13:30:00,XLE,Energy,63.58000183105469
2026-08-20 13:30:00,XLE,Energy,63.75
2026-08-21 13:30:00,XLE,Energy,63.63999938964844
2026-08-24 13:30:00,XLE,Energy,63.11000061035156
2026-08-25 13:30:00,XLE,Energy,62.060001373291016
2026-08-26 13:30:00,XLE,Energy,62.43000030517578
2026-08-27 13:30:00,XLE,Energy,62.290000915527344
2026-08-28 13:30:00,XLE,Energy,62.68000030517578
2021-08-30 13:30:00,XLF,Financials,38.45000076293945
2021-08-31 13:30:00,XLF,Financials,38.400001525878906
2021-09-01 13:30:00,XLF,Financials,38.18000030517578
2021-09-02 13:30:00,XLF,Financials,38.310001373291016
2021-09-03 13:30:00,XLF,Financials,38.06999969482422
2021-09-07 13:30:00,XLF,Financials,37.84000015258789
2021-09-08 13:30:00,XLF,Financials,37.75
2021-09-09 13:30:00,XLF,Financials,37.86000061035156
2021-09-10 13:30:00,XLF,Financials,37.58000183105469
2021-09-13 13:30:00,XLF,Financials,38.0099983215332
2021-09-14 13:30:00,XLF,Financials,37.5
2021-09-15 13:30:00,XLF,Financials,37.86000061035156
2021-09-16 13:30:00,XLF,Financials,37.75
2021-09-17 13:30:00,XLF,Financials,37.58000183105469
2021-09-20 13:30:00,XLF,Financials,36.54999923706055
2021-09-21 13:30:00,XLF,Financials,36.5
2021-09-22 13:30:00,XLF,Financials,37.11000061035156
2021-09-23 13:30:00,XLF,Financials,38.02000045776367
2021-09-24 13:30:00,XLF,Financials,38.220001220703125
2021-09-27 13:30:00,XLF,Financials,38.7400016784668
2021-09-28 13:30:00,XLF,Financials,38.099998474121094
2021-09-29 13:30:00,XLF,Financials,38.130001068115234
2021-09-30 13:30:00,XLF,Financials,37.529998779296875
2021-10-01 13:30:00,XLF,Financials,38.150001525878906
2021-10-04 13:30:00,XLF,Financials,37.81999969482422
2021-10-05 13:30:00,XLF,Financials,38.560001373291016
2021-10-06 13:30:00,XLF,Financials,38.599998474121094
2021-10-07 13:30:00,XLF,Financials,38.83000183105469
2021-10-08 13:30:00,XLF,Financials,39.02000045776367
2021-10-11 13:30:00,XLF,Financials,38.630001068115234
2021-10-12 13:30:00,XLF,Financials,38.5099983215332
2021-10-13 13:30:00,XLF,Financials,38.290000915527344
2021-10-14 13:30:00,XLF,Financials,38.93000030517578
2021-10-15 13:30:00,XLF,Financials,39.5099983215332
2021-10-18 13:30:00,XLF,Financials,39.52000045776367
2021-10-19 13:30:00,XLF,Financials,39.90999984741211
2021-10-20 13:30:00,XLF,Financials,40.22999954223633
2021-10-21 13:30:00,XLF,Financials,40.060001373291016
2021-10-22 13:30:00,XLF,Financials,40.619998931884766
2021-10-25 13:30:00,XLF,Financials,40.56999969482422
2021-10-26 13:30:00,XLF,Financials,40.599998474121094
2021-10-27 13:30:00,XLF,Financials,39.93000030517578
2021-10-28 13:30:00,XLF,Financials,40.41999816894531
2021-10-29 13:30:00,XLF,Financials,40.2599983215332
2021-11-01 13:30:00,XLF,Financials,40.279998779296875
2021-11-02 13:30:00,XLF,Financials,40.380001068115234
2021-11-03 13:30:00,XLF,Financials,40.529998779296875
2021-11-04 13:30:00,XLF,Financials,40.0
2021-11-05 13:30:00,XLF,Financials,40.02000045776367
2021-11-08 14:30:00,XLF,Financials,40.2400016784668
2021-11-09 14:30:00,XLF,Financials,40.02000045776367
2021-11-10 14:30:00,XLF,Financials,39.95000076293945
2021-11-11 14:30:00,XLF,Financials,40.060001373291016
2021-11-12 14:30:00,XLF,Financials,40.150001525878906
2021-11-15 14:30:00,XLF,Financials,40.150001525878906
2021-11-16 14:30:00,XLF,Financials,40.11000061035156
2021-11-17 14:30:00,XLF,Financials,39.650001525878906
2021-11-18 14:30:00,XLF,Financials,39.45000076293945
2021-11-19 14:30:00,XLF,Financials,39.02000045776367
2021-11-22 14:30:00,XLF,Financials,39.56999969482422
2021-11-23 14:30:00,XLF,Financials,40.189998626708984
2021-11-24 14:30:00,XLF,Financials,40.099998474121094
2021-11-26 14:30:00,XLF,Financials,38.77000045776367
2021-11-29 14:30:00,XLF,Financials,38.88999938964844
2021-11-30 14:30:00,XLF,Financials,37.959999084472656
2021-12-01 14:30:00,XLF,Financials,37.540000915527344
2021-12-02 14:30:00,XLF,Financials,38.65999984741211
2021-12-03 14:30:00,XLF,Financials,38.029998779296875
2021-12-06 14:30:00,XLF,Financials,38.61000061035156
2021-12-07 14:30:00,XLF,Financials,39.29999923706055
2021-12-08 14:30:00,XLF,Financials,39.09000015258789
2021-12-09 14:30:00,XLF,Financials,39.0099983215332
2021-12-10 14:30:00,XLF,Financials,39.04999923706055
2021-12-13 14:30:00,XLF,Financials,38.630001068115234
2021-12-14 14:30:00,XLF,Financials,38.86000061035156
2021-12-15 14:30:00,XLF,Financials,38.970001220703125
2021-12-16 14:30:00,XLF,Financials,39.459999084472656
2021-12-17 14:30:00,XLF,Financials,38.59000015258789
2021-12-20 14:30:00,XLF,Financials,37.65999984741211
2021-12-21 14:30:00,XLF,Financials,38.439998626708984
2021-12-22 14:30:00,XLF,Financials,38.619998931884766
2021-12-23 14:30:00,XLF,Financials,38.81999969482422
2021-12-27 14:30:00,XLF,Financials,39.220001220703125
2021-12-28 14:30:00,XLF,Financials,39.2400016784668
2021-12-29 14:30:00,XLF,Financials,39.189998626708984
2021-12-30 14:30:00,XLF,Financials,39.119998931884766
2021-12-31 14:30:00,XLF,Financials,39.04999923706055
2022-01-03 14:30:00,XLF,Financials,39.529998779296875
2022-01-04 14:30:00,XLF,Financials,40.56999969482422
2022-01-05 14:30:00,XLF,Financials,40.099998474121094
2022-01-06 14:30:00,XLF,Financials,40.689998626708984
2022-01-07 14:30:00,XLF,Financials,41.16999816894531
2022-01-10 14:30:00,XLF,Financials,41.029998779296875
2022-01-11 14:30:00,XLF,Financials,41.38999938964844
2022-01-12 14:30:00,XLF,Financials,41.41999816894531
2022-01-13 14:30:00,XLF,Financials,41.2599983215332
2022-01-14 14:30:00,XLF,Financials,40.83000183105469
2022-01-18 14:30:00,XLF,Financials,39.91999816894531
2022-01-19 14:30:00,XLF,Financials,39.25
2022-01-20 14:30:00,XLF,Financials,39.0
2022-01-21 14:30:00,XLF,Financials,38.20000076293945
2022-01-24 14:30:00,XLF,Financials,38.310001373291016
2022-01-25 14:30:00,XLF,Financials,38.470001220703125
2022-01-26 14:30:00,XLF,Financials,38.56999969482422
2022-01-27 14:30:00,XLF,Financials,38.220001220703125
2022-01-28 14:30:00,XLF,Financials,38.720001220703125
2022-01-31 14:30:00,XLF,Financials,39.060001373291016
2022-02-01 14:30:00,XLF,Financials,39.599998474121094
2022-02-02 14:30:00,XLF,Financials,39.869998931884766
2022-02-03 14:30:00,XLF,Financials,39.43000030517578
2022-02-04 14:30:00,XLF,Financials,40.099998474121094
2022-02-07 14:30:00,XLF,Financials,40.220001220703125
2022-02-08 14:30:00,XLF,Financials,40.779998779296875
2022-02-09 14:30:00,XLF,Financials,41.040000915527344
2022-02-10 14:30:00,XLF,Financials,40.68000030517578
2022-02-11 14:30:00,XLF,Financials,40.11000061035156
2022-02-14 14:30:00,XLF,Financials,39.65999984741211
2022-02-15 14:30:00,XLF,Financials,40.20000076293945
2022-02-16 14:30:00,XLF,Financials,40.22999954223633
2022-02-17 14:30:00,XLF,Financials,39.22999954223633
2022-02-18 14:30:00,XLF,Financials,39.220001220703125
2022-02-22 14:30:00,XLF,Financials,39.02000045776367
2022-02-23 14:30:00,XLF,Financials,38.34000015258789
2022-02-24 14:30:00,XLF,Financials,37.880001068115234
2022-02-25 14:30:00,XLF,Financials,39.099998474121094
2022-02-28 14:30:00,XLF,Financials,38.52000045776367
2022-03-01 14:30:00,XLF,Financials,37.099998474121094
2022-03-02 14:30:00,XLF,Financials,38.060001373291016
2022-03-03 14:30:00,XLF,Financials,37.939998626708984
2022-03-04 14:30:00,XLF,Financials,37.22999954223633
2022-03-07 14:30:00,XLF,Financials,35.869998931884766
2022-03-08 14:30:00,XLF,Financials,35.65999984741211
2022-03-09 14:30:00,XLF,Financials,36.970001220703125
2022-03-10 14:30:00,XLF,Financials,36.65999984741211
2022-03-11 14:30:00,XLF,Financials,36.400001525878906
2022-03-14 13:30:00,XLF,Financials,36.86000061035156
2022-03-15 13:30:00,XLF,Financials,37.380001068115234
2022-03-16 13:30:00,XLF,Financials,38.43000030517578
2022-03-17 13:30:00,XLF,Financials,38.90999984741211
2022-03-18 13:30:00,XLF,Financials,39.0
2022-03-21 13:30:00,XLF,Financials,38.810001373291016
2022-03-22 13:30:00,XLF,Financials,39.439998626708984
2022-03-23 13:30:00,XLF,Financials,38.709999084472656
2022-03-24 13:30:00,XLF,Financials,39.02000045776367
2022-03-25 13:30:00,XLF,Financials,39.52000045776367
2022-03-28 13:30:00,XLF,Financials,39.40999984741211
2022-03-29 13:30:00,XLF,Financials,39.5
2022-03-30 13:30:00,XLF,Financials,39.220001220703125
2022-03-31 13:30:00,XLF,Financials,38.31999969482422
2022-04-01 13:30:00,XLF,Financials,38.220001220703125
2022-04-04 13:30:00,XLF,Financials,38.04999923706055
2022-04-05 13:30:00,XLF,Financials,37.810001373291016
2022-04-06 13:30:00,XLF,Financials,37.54999923706055
2022-04-07 13:30:00,XLF,Financials,37.5099983215332
2022-04-08 13:30:00,XLF,Financials,37.88999938964844
2022-04-11 13:30:00,XLF,Financials,37.720001220703125
2022-04-12 13:30:00,XLF,Financials,37.310001373291016
2022-04-13 13:30:00,XLF,Financials,37.310001373291016
2022-04-14 13:30:00,XLF,Financials,36.88999938964844
2022-04-18 13:30:00,XLF,Financials,37.11000061035156
2022-04-19 13:30:00,XLF,Financials,37.619998931884766
2022-04-20 13:30:00,XLF,Financials,37.880001068115234
2022-04-21 13:30:00,XLF,Financials,37.279998779296875
2022-04-22 13:30:00,XLF,Financials,36.16999816894531
2022-04-25 13:30:00,XLF,Financials,36.22999954223633
2022-04-26 13:30:00,XLF,Financials,35.31999969482422
2022-04-27 13:30:00,XLF,Financials,35.290000915527344
2022-04-28 13:30:00,XLF,Financials,35.7400016784668
2022-04-29 13:30:00,XLF,Financials,34.5099983215332
2022-05-02 13:30:00,XLF,Financials,34.52000045776367
2022-05-03 13:30:00,XLF,Financials,34.970001220703125
2022-05-04 13:30:00,XLF,Financials,36.040000915527344
2022-05-05 13:30:00,XLF,Financials,34.9900016784668
2022-05-06 13:30:00,XLF,Financials,34.7400016784668
2022-05-09 13:30:00,XLF,Financials,33.90999984741211
2022-05-10 13:30:00,XLF,Financials,33.61000061035156
2022-05-11 13:30:00,XLF,Financials,33.29999923706055
2022-05-12 13:30:00,XLF,Financials,33.04999923706055
2022-05-13 13:30:00,XLF,Financials,33.529998779296875
2022-05-16 13:30:00,XLF,Financials,33.25
2022-05-17 13:30:00,XLF,Financials,34.13999938964844
2022-05-18 13:30:00,XLF,Financials,33.20000076293945
2022-05-19 13:30:00,XLF,Financials,32.97999954223633
2022-05-20 13:30:00,XLF,Financials,32.91999816894531
2022-05-23 13:30:00,XLF,Financials,33.9900016784668
2022-05-24 13:30:00,XLF,Financials,33.91999816894531
2022-05-25 13:30:00,XLF,Financials,34.189998626708984
2022-05-26 13:30:00,XLF,Financials,34.97999954223633
2022-05-27 13:30:00,XLF,Financials,35.56999969482422
2022-05-31 13:30:00,XLF,Financials,35.470001220703125
2022-06-01 13:30:00,XLF,Financials,34.900001525878906
2022-06-02 13:30:00,XLF,Financials,35.380001068115234
2022-06-03 13:30:00,XLF,Financials,34.869998931884766
2022-06-06 13:30:00,XLF,Financials,34.970001220703125
2022-06-07 13:30:00,XLF,Financials,35.2400016784668
2022-06-08 13:30:00,XLF,Financials,34.619998931884766
2022-06-09 13:30:00,XLF,Financials,33.75
2022-06-10 13:30:00,XLF,Financials,32.529998779296875
2022-06-13 13:30:00,XLF,Financials,31.559999465942383
2022-06-14 13:30:00,XLF,Financials,31.290000915527344
2022-06-15 13:30:00,XLF,Financials,31.639999389648438
2022-06-16 13:30:00,XLF,Financials,30.84000015258789
2022-06-17 13:30:00,XLF,Financials,30.93000030517578
2022-06-21 13:30:00,XLF,Financials,31.3799991607666
2022-06-22 13:30:00,XLF,Financials,31.309999465942383
2022-06-23 13:30:00,XLF,Financials,31.190000534057617
2022-06-24 13:30:00,XLF,Financials,32.34000015258789
2022-06-27 13:30:00,XLF,Financials,32.22999954223633
2022-06-28 13:30:00,XLF,Financials,31.90999984741211
2022-06-29 13:30:00,XLF,Financials,31.729999542236328
2022-06-30 13:30:00,XLF,Financials,31.450000762939453
2022-07-01 13:30:00,XLF,Financials,31.8799991607666
2022-07-05 13:30:00,XLF,Financials,31.770000457763672
2022-07-06 13:30:00,XLF,Financials,31.690000534057617
2022-07-07 13:30:00,XLF,Financials,32.150001525878906
2022-07-08 13:30:00,XLF,Financials,32.08000183105469
2022-07-11 13:30:00,XLF,Financials,31.81999969482422
2022-07-12 13:30:00,XLF,Financials,31.6200008392334
2022-07-13 13:30:00,XLF,Financials,31.34000015258789
2022-07-14 13:30:00,XLF,Financials,30.739999771118164
2022-07-15 13:30:00,XLF,Financials,31.780000686645508
2022-07-18 13:30:00,XLF,Financials,31.65999984741211
2022-07-19 13:30:00,XLF,Financials,32.61000061035156
2022-07-20 13:30:00,XLF,Financials,32.72999954223633
2022-07-21 13:30:00,XLF,Financials,32.939998626708984
2022-07-22 13:30:00,XLF,Financials,32.75
2022-07-25 13:30:00,XLF,Financials,32.959999084472656
2022-07-26 13:30:00,XLF,Financials,32.5
2022-07-27 13:30:00,XLF,Financials,33.0
2022-07-28 13:30:00,XLF,Financials,33.2400016784668
2022-07-29 13:30:00,XLF,Financials,33.709999084472656
2022-08-01 13:30:00,XLF,Financials,33.43000030517578
2022-08-02 13:30:00,XLF,Financials,33.060001373291016
2022-08-03 13:30:00,XLF,Financials,33.560001373291016
2022-08-04 13:30:00,XLF,Financials,33.45000076293945
2022-08-05 13:30:00,XLF,Financials,33.689998626708984
2022-08-08 13:30:00,XLF,Financials,33.66999816894531
2022-08-09 13:30:00,XLF,Financials,33.84000015258789
2022-08-10 13:30:00,XLF,Financials,34.599998474121094
2022-08-11 13:30:00,XLF,Financials,35.0099983215332
2022-08-12 13:30:00,XLF,Financials,35.560001373291016
2022-08-15 13:30:00,XLF,Financials,35.54999923706055
2022-08-16 13:30:00,XLF,Financials,35.810001373291016
2022-08-17 13:30:00,XLF,Financials,35.630001068115234
2022-08-18 13:30:00,XLF,Financials,35.66999816894531
2022-08-19 13:30:00,XLF,Financials,34.959999084472656
2022-08-22 13:30:00,XLF,Financials,34.189998626708984
2022-08-23 13:30:00,XLF,Financials,34.04999923706055
2022-08-24 13:30:00,XLF,Financials,34.22999954223633
2022-08-25 13:30:00,XLF,Financials,34.7599983215332
2022-08-26 13:30:00,XLF,Financials,33.720001220703125
2022-08-29 13:30:00,XLF,Financials,33.47999954223633
2022-08-30 13:30:00,XLF,Financials,33.29999923706055
2022-08-31 13:30:00,XLF,Financials,33.04999923706055
2022-09-01 13:30:00,XLF,Financials,33.150001525878906
2022-09-02 13:30:00,XLF,Financials,32.88999938964844
2022-09-06 13:30:00,XLF,Financials,32.810001373291016
2022-09-07 13:30:00,XLF,Financials,33.459999084472656
2022-09-08 13:30:00,XLF,Financials,34.04999923706055
2022-09-09 13:30:00,XLF,Financials,34.36000061035156
2022-09-12 13:30:00,XLF,Financials,34.63999938964844
2022-09-13 13:30:00,XLF,Financials,33.349998474121094
2022-09-14 13:30:00,XLF,Financials,33.25
2022-09-15 13:30:00,XLF,Financials,33.36000061035156
2022-09-16 13:30:00,XLF,Financials,33.060001373291016
2022-09-19 13:30:00,XLF,Financials,33.2599983215332
2022-09-20 13:30:00,XLF,Financials,32.77000045776367
2022-09-21 13:30:00,XLF,Financials,32.09000015258789
2022-09-22 13:30:00,XLF,Financials,31.549999237060547
2022-09-23 13:30:00,XLF,Financials,31.049999237060547
2022-09-26 13:30:00,XLF,Financials,30.559999465942383
2022-09-27 13:30:00,XLF,Financials,30.43000030517578
2022-09-28 13:30:00,XLF,Financials,31.030000686645508
2022-09-29 13:30:00,XLF,Financials,30.639999389648438
2022-09-30 13:30:00,XLF,Financials,30.360000610351562
2022-10-03 13:30:00,XLF,Financials,31.18000030517578
2022-10-04 13:30:00,XLF,Financials,32.34000015258789
2022-10-05 13:30:00,XLF,Financials,32.09000015258789
2022-10-06 13:30:00,XLF,Financials,31.639999389648438
2022-10-07 13:30:00,XLF,Financials,30.889999389648438
2022-10-10 13:30:00,XLF,Financials,30.75
2022-10-11 13:30:00,XLF,Financials,30.360000610351562
2022-10-12 13:30:00,XLF,Financials,30.290000915527344
2022-10-13 13:30:00,XLF,Financials,31.540000915527344
2022-10-14 13:30:00,XLF,Financials,31.010000228881836
2022-10-17 13:30:00,XLF,Financials,31.790000915527344
2022-10-18 13:30:00,XLF,Financials,32.29999923706055
2022-10-19 13:30:00,XLF,Financials,31.770000457763672
2022-10-20 13:30:00,XLF,Financials,31.260000228881836
2022-10-21 13:30:00,XLF,Financials,32.189998626708984
2022-10-24 13:30:00,XLF,Financials,32.619998931884766
2022-10-25 13:30:00,XLF,Financials,33.0099983215332
2022-10-26 13:30:00,XLF,Financials,33.09000015258789
2022-10-27 13:30:00,XLF,Financials,33.36000061035156
2022-10-28 13:30:00,XLF,Financials,34.189998626708984
2022-10-31 13:30:00,XLF,Financials,33.97999954223633
2022-11-01 13:30:00,XLF,Financials,34.06999969482422
2022-11-02 13:30:00,XLF,Financials,33.63999938964844
2022-11-03 13:30:00,XLF,Financials,33.29999923706055
2022-11-04 13:30:00,XLF,Financials,33.90999984741211
2022-11-07 14:30:00,XLF,Financials,34.25
2022-11-08 14:30:00,XLF,Financials,34.45000076293945
2022-11-09 14:30:00,XLF,Financials,33.869998931884766
2022-11-10 14:30:00,XLF,Financials,35.58000183105469
2022-11-11 14:30:00,XLF,Financials,35.869998931884766
2022-11-14 14:30:00,XLF,Financials,35.36000061035156
2022-11-15 14:30:00,XLF,Financials,35.439998626708984
2022-11-16 14:30:00,XLF,Financials,35.27000045776367
2022-11-17 14:30:00,XLF,Financials,35.08000183105469
2022-11-18 14:30:00,XLF,Financials,35.369998931884766
2022-11-21 14:30:00,XLF,Financials,35.47999954223633
2022-11-22 14:30:00,XLF,Financials,35.84000015258789
2022-11-23 14:30:00,XLF,Financials,35.9900016784668
2022-11-25 14:30:00,XLF,Financials,36.11000061035156
2022-11-28 14:30:00,XLF,Financials,35.4900016784668
2022-11-29 14:30:00,XLF,Financials,35.70000076293945
2022-11-30 14:30:00,XLF,Financials,36.310001373291016
2022-12-01 14:30:00,XLF,Financials,36.099998474121094
2022-12-02 14:30:00,XLF,Financials,35.93000030517578
2022-12-05 14:30:00,XLF,Financials,35.040000915527344
2022-12-06 14:30:00,XLF,Financials,34.72999954223633
2022-12-07 14:30:00,XLF,Financials,34.59000015258789
2022-12-08 14:30:00,XLF,Financials,34.619998931884766
2022-12-09 14:30:00,XLF,Financials,34.529998779296875
2022-12-12 14:30:00,XLF,Financials,34.9900016784668
2022-12-13 14:30:00,XLF,Financials,35.08000183105469
2022-12-14 14:30:00,XLF,Financials,34.63999938964844
2022-12-15 14:30:00,XLF,Financials,33.959999084472656
2022-12-16 14:30:00,XLF,Financials,33.70000076293945
2022-12-19 14:30:00,XLF,Financials,33.400001525878906
2022-12-20 14:30:00,XLF,Financials,33.540000915527344
2022-12-21 14:30:00,XLF,Financials,34.060001373291016
2022-12-22 14:30:00,XLF,Financials,33.7599983215332
2022-12-23 14:30:00,XLF,Financials,33.95000076293945
2022-12-27 14:30:00,XLF,Financials,33.939998626708984
2022-12-28 14:30:00,XLF,Financials,33.81999969482422
2022-12-29 14:30:00,XLF,Financials,34.290000915527344
2022-12-30 14:30:00,XLF,Financials,34.20000076293945
2023-01-03 14:30:00,XLF,Financials,34.31999969482422
2023-01-04 14:30:00,XLF,Financials,34.869998931884766
2023-01-05 14:30:00,XLF,Financials,34.61000061035156
2023-01-06 14:30:00,XLF,Financials,35.380001068115234
2023-01-09 14:30:00,XLF,Financials,35.25
2023-01-10 14:30:00,XLF,Financials,35.45000076293945
2023-01-11 14:30:00,XLF,Financials,35.779998779296875
2023-01-12 14:30:00,XLF,Financials,35.849998474121094
2023-01-13 14:30:00,XLF,Financials,36.119998931884766
2023-01-17 14:30:00,XLF,Financials,35.880001068115234
2023-01-18 14:30:00,XLF,Financials,35.209999084472656
2023-01-19 14:30:00,XLF,Financials,34.79999923706055
2023-01-20 14:30:00,XLF,Financials,35.349998474121094
2023-01-23 14:30:00,XLF,Financials,35.7599983215332
2023-01-24 14:30:00,XLF,Financials,35.779998779296875
2023-01-25 14:30:00,XLF,Financials,36.060001373291016
2023-01-26 14:30:00,XLF,Financials,36.25
2023-01-27 14:30:00,XLF,Financials,36.25
2023-01-30 14:30:00,XLF,Financials,36.06999969482422
2023-01-31 14:30:00,XLF,Financials,36.560001373291016
2023-02-01 14:30:00,XLF,Financials,36.560001373291016
2023-02-02 14:30:00,XLF,Financials,36.65999984741211
2023-02-03 14:30:00,XLF,Financials,36.59000015258789
2023-02-06 14:30:00,XLF,Financials,36.58000183105469
2023-02-07 14:30:00,XLF,Financials,37.0
2023-02-08 14:30:00,XLF,Financials,36.779998779296875
2023-02-09 14:30:00,XLF,Financials,36.369998931884766
2023-02-10 14:30:00,XLF,Financials,36.4900016784668
2023-02-13 14:30:00,XLF,Financials,36.90999984741211
2023-02-14 14:30:00,XLF,Financials,36.709999084472656
2023-02-15 14:30:00,XLF,Financials,36.75
2023-02-16 14:30:00,XLF,Financials,36.380001068115234
2023-02-17 14:30:00,XLF,Financials,36.38999938964844
2023-02-21 14:30:00,XLF,Financials,35.63999938964844
2023-02-22 14:30:00,XLF,Financials,35.599998474121094
2023-02-23 14:30:00,XLF,Financials,35.630001068115234
2023-02-24 14:30:00,XLF,Financials,35.65999984741211
2023-02-27 14:30:00,XLF,Financials,35.650001525878906
2023-02-28 14:30:00,XLF,Financials,35.720001220703125
2023-03-01 14:30:00,XLF,Financials,35.599998474121094
2023-03-02 14:30:00,XLF,Financials,35.43000030517578
2023-03-03 14:30:00,XLF,Financials,35.9900016784668
2023-03-06 14:30:00,XLF,Financials,36.02000045776367
2023-03-07 14:30:00,XLF,Financials,35.09000015258789
2023-03-08 14:30:00,XLF,Financials,34.959999084472656
2023-03-09 14:30:00,XLF,Financials,33.540000915527344
2023-03-10 14:30:00,XLF,Financials,32.93000030517578
2023-03-13 13:30:00,XLF,Financials,31.6299991607666
2023-03-14 13:30:00,XLF,Financials,32.27000045776367
2023-03-15 13:30:00,XLF,Financials,31.40999984741211
2023-03-16 13:30:00,XLF,Financials,32.0099983215332
2023-03-17 13:30:00,XLF,Financials,30.979999542236328
2023-03-20 13:30:00,XLF,Financials,31.170000076293945
2023-03-21 13:30:00,XLF,Financials,31.959999084472656
2023-03-22 13:30:00,XLF,Financials,31.219999313354492
2023-03-23 13:30:00,XLF,Financials,31.010000228881836
2023-03-24 13:30:00,XLF,Financials,30.989999771118164
2023-03-27 13:30:00,XLF,Financials,31.420000076293945
2023-03-28 13:30:00,XLF,Financials,31.40999984741211
2023-03-29 13:30:00,XLF,Financials,31.8700008392334
2023-03-30 13:30:00,XLF,Financials,31.799999237060547
2023-03-31 13:30:00,XLF,Financials,32.150001525878906
2023-04-03 13:30:00,XLF,Financials,32.209999084472656
2023-04-04 13:30:00,XLF,Financials,31.90999984741211
2023-04-05 13:30:00,XLF,Financials,31.8700008392334
2023-04-06 13:30:00,XLF,Financials,31.989999771118164
2023-04-10 13:30:00,XLF,Financials,32.060001373291016
2023-04-11 13:30:00,XLF,Financials,32.34000015258789
2023-04-12 13:30:00,XLF,Financials,32.27000045776367
2023-04-13 13:30:00,XLF,Financials,32.560001373291016
2023-04-14 13:30:00,XLF,Financials,32.880001068115234
2023-04-17 13:30:00,XLF,Financials,33.2599983215332
2023-04-18 13:30:00,XLF,Financials,33.36000061035156
2023-04-19 13:30:00,XLF,Financials,33.439998626708984
2023-04-20 13:30:00,XLF,Financials,33.34000015258789
2023-04-21 13:30:00,XLF,Financials,33.220001220703125
2023-04-24 13:30:00,XLF,Financials,33.13999938964844
2023-04-25 13:30:00,XLF,Financials,32.56999969482422
2023-04-26 13:30:00,XLF,Financials,32.2599983215332
2023-04-27 13:30:00,XLF,Financials,32.779998779296875
2023-04-28 13:30:00,XLF,Financials,33.16999816894531
2023-05-01 13:30:00,XLF,Financials,33.08000183105469
2023-05-02 13:30:00,XLF,Financials,32.33000183105469
2023-05-03 13:30:00,XLF,Financials,31.959999084472656
2023-05-04 13:30:00,XLF,Financials,31.549999237060547
2023-05-05 13:30:00,XLF,Financials,32.33000183105469
2023-05-08 13:30:00,XLF,Financials,32.380001068115234
2023-05-09 13:30:00,XLF,Financials,32.2599983215332
2023-05-10 13:30:00,XLF,Financials,32.08000183105469
2023-05-11 13:30:00,XLF,Financials,32.029998779296875
2023-05-12 13:30:00,XLF,Financials,31.899999618530273
2023-05-15 13:30:00,XLF,Financials,32.15999984741211
2023-05-16 13:30:00,XLF,Financials,31.860000610351562
2023-05-17 13:30:00,XLF,Financials,32.5
2023-05-18 13:30:00,XLF,Financials,32.7400016784668
2023-05-19 13:30:00,XLF,Financials,32.599998474121094
2023-05-22 13:30:00,XLF,Financials,32.65999984741211
2023-05-23 13:30:00,XLF,Financials,32.279998779296875
2023-05-24 13:30:00,XLF,Financials,31.860000610351562
2023-05-25 13:30:00,XLF,Financials,31.850000381469727
2023-05-26 13:30:00,XLF,Financials,32.11000061035156
2023-05-30 13:30:00,XLF,Financials,32.099998474121094
2023-05-31 13:30:00,XLF,Financials,31.760000228881836
2023-06-01 13:30:00,XLF,Financials,32.099998474121094
2023-06-02 13:30:00,XLF,Financials,32.79999923706055
2023-06-05 13:30:00,XLF,Financials,32.630001068115234
2023-06-06 13:30:00,XLF,Financials,33.040000915527344
2023-06-07 13:30:00,XLF,Financials,33.16999816894531
2023-06-08 13:30:00,XLF,Financials,33.13999938964844
2023-06-09 13:30:00,XLF,Financials,33.150001525878906
2023-06-12 13:30:00,XLF,Financials,33.13999938964844
2023-06-13 13:30:00,XLF,Financials,33.34000015258789
2023-06-14 13:30:00,XLF,Financials,33.209999084472656
2023-06-15 13:30:00,XLF,Financials,33.650001525878906
2023-06-16 13:30:00,XLF,Financials,33.58000183105469
2023-06-20 13:30:00,XLF,Financials,33.18000030517578
2023-06-21 13:30:00,XLF,Financials,33.13999938964844
2023-06-22 13:30:00,XLF,Financials,32.880001068115234
2023-06-23 13:30:00,XLF,Financials,32.7400016784668
2023-06-26 13:30:00,XLF,Financials,32.66999816894531
2023-06-27 13:30:00,XLF,Financials,32.93000030517578
2023-06-28 13:30:00,XLF,Financials,32.849998474121094
2023-06-29 13:30:00,XLF,Financials,33.41999816894531
2023-06-30 13:30:00,XLF,Financials,33.709999084472656
2023-07-03 13:30:00,XLF,Financials,33.900001525878906
2023-07-05 13:30:00,XLF,Financials,33.83000183105469
2023-07-06 13:30:00,XLF,Financials,33.540000915527344
2023-07-07 13:30:00,XLF,Financials,33.59000015258789
2023-07-10 13:30:00,XLF,Financials,33.7400016784668
2023-07-11 13:30:00,XLF,Financials,34.13999938964844
2023-07-12 13:30:00,XLF,Financials,34.36000061035156
2023-07-13 13:30:00,XLF,Financials,34.47999954223633
2023-07-14 13:30:00,XLF,Financials,34.25
2023-07-17 13:30:00,XLF,Financials,34.58000183105469
2023-07-18 13:30:00,XLF,Financials,34.970001220703125
2023-07-19 13:30:00,XLF,Financials,35.119998931884766
2023-07-20 13:30:00,XLF,Financials,35.380001068115234
2023-07-21 13:30:00,XLF,Financials,35.2599983215332
2023-07-24 13:30:00,XLF,Financials,35.599998474121094
2023-07-25 13:30:00,XLF,Financials,35.369998931884766
2023-07-26 13:30:00,XLF,Financials,35.58000183105469
2023-07-27 13:30:00,XLF,Financials,35.130001068115234
2023-07-28 13:30:00,XLF,Financials,35.20000076293945
2023-07-31 13:30:00,XLF,Financials,35.33000183105469
2023-08-01 13:30:00,XLF,Financials,35.33000183105469
2023-08-02 13:30:00,XLF,Financials,35.029998779296875
2023-08-03 13:30:00,XLF,Financials,35.04999923706055
2023-08-04 13:30:00,XLF,Financials,34.90999984741211
2023-08-07 13:30:00,XLF,Financials,35.400001525878906
2023-08-08 13:30:00,XLF,Financials,35.08000183105469
2023-08-09 13:30:00,XLF,Financials,34.81999969482422
2023-08-10 13:30:00,XLF,Financials,34.849998474121094
2023-08-11 13:30:00,XLF,Financials,34.91999816894531
2023-08-14 13:30:00,XLF,Financials,34.849998474121094
2023-08-15 13:30:00,XLF,Financials,34.209999084472656
2023-08-16 13:30:00,XLF,Financials,34.15999984741211
2023-08-17 13:30:00,XLF,Financials,33.9900016784668
2023-08-18 13:30:00,XLF,Financials,33.97999954223633
2023-08-21 13:30:00,XLF,Financials,33.939998626708984
2023-08-22 13:30:00,XLF,Financials,33.619998931884766
2023-08-23 13:30:00,XLF,Financials,33.95000076293945
2023-08-24 13:30:00,XLF,Financials,33.83000183105469
2023-08-25 13:30:00,XLF,Financials,33.9900016784668
2023-08-28 13:30:00,XLF,Financials,34.18000030517578
2023-08-29 13:30:00,XLF,Financials,34.4900016784668
2023-08-30 13:30:00,XLF,Financials,34.5099983215332
2023-08-31 13:30:00,XLF,Financials,34.380001068115234
2023-09-01 13:30:00,XLF,Financials,34.689998626708984
2023-09-05 13:30:00,XLF,Financials,34.34000015258789
2023-09-06 13:30:00,XLF,Financials,34.31999969482422
2023-09-07 13:30:00,XLF,Financials,34.22999954223633
2023-09-08 13:30:00,XLF,Financials,34.29999923706055
2023-09-11 13:30:00,XLF,Financials,34.459999084472656
2023-09-12 13:30:00,XLF,Financials,34.689998626708984
2023-09-13 13:30:00,XLF,Financials,34.689998626708984
2023-09-14 13:30:00,XLF,Financials,35.0099983215332
2023-09-15 13:30:00,XLF,Financials,34.83000183105469
2023-09-18 13:30:00,XLF,Financials,34.77000045776367
2023-09-19 13:30:00,XLF,Financials,34.72999954223633
2023-09-20 13:30:00,XLF,Financials,34.4900016784668
2023-09-21 13:30:00,XLF,Financials,33.91999816894531
2023-09-22 13:30:00,XLF,Financials,33.65999984741211
2023-09-25 13:30:00,XLF,Financials,33.7400016784668
2023-09-26 13:30:00,XLF,Financials,33.290000915527344
2023-09-27 13:30:00,XLF,Financials,33.2400016784668
2023-09-28 13:30:00,XLF,Financials,33.47999954223633
2023-09-29 13:30:00,XLF,Financials,33.16999816894531
2023-10-02 13:30:00,XLF,Financials,32.88999938964844
2023-10-03 13:30:00,XLF,Financials,32.369998931884766
2023-10-04 13:30:00,XLF,Financials,32.61000061035156
2023-10-05 13:30:00,XLF,Financials,32.7599983215332
2023-10-06 13:30:00,XLF,Financials,33.040000915527344
2023-10-09 13:30:00,XLF,Financials,33.060001373291016
2023-10-10 13:30:00,XLF,Financials,33.29999923706055
2023-10-11 13:30:00,XLF,Financials,33.349998474121094
2023-10-12 13:30:00,XLF,Financials,33.13999938964844
2023-10-13 13:30:00,XLF,Financials,33.209999084472656
2023-10-16 13:30:00,XLF,Financials,33.560001373291016
2023-10-17 13:30:00,XLF,Financials,33.720001220703125
2023-10-18 13:30:00,XLF,Financials,33.13999938964844
2023-10-19 13:30:00,XLF,Financials,32.70000076293945
2023-10-20 13:30:00,XLF,Financials,32.20000076293945
2023-10-23 13:30:00,XLF,Financials,32.0
2023-10-24 13:30:00,XLF,Financials,32.220001220703125
2023-10-25 13:30:00,XLF,Financials,32.099998474121094
2023-10-26 13:30:00,XLF,Financials,32.029998779296875
2023-10-27 13:30:00,XLF,Financials,31.450000762939453
2023-10-30 13:30:00,XLF,Financials,32.0099983215332
2023-10-31 13:30:00,XLF,Financials,32.36000061035156
2023-11-01 13:30:00,XLF,Financials,32.56999969482422
2023-11-02 13:30:00,XLF,Financials,33.34000015258789
2023-11-03 13:30:00,XLF,Financials,33.779998779296875
2023-11-06 14:30:00,XLF,Financials,33.68000030517578
2023-11-07 14:30:00,XLF,Financials,33.630001068115234
2023-11-08 14:30:00,XLF,Financials,33.66999816894531
2023-11-09 14:30:00,XLF,Financials,33.529998779296875
2023-11-10 14:30:00,XLF,Financials,33.90999984741211
2023-11-13 14:30:00,XLF,Financials,33.86000061035156
2023-11-14 14:30:00,XLF,Financials,34.5
2023-11-15 14:30:00,XLF,Financials,34.689998626708984
2023-11-16 14:30:00,XLF,Financials,34.83000183105469
2023-11-17 14:30:00,XLF,Financials,35.0099983215332
2023-11-20 14:30:00,XLF,Financials,35.150001525878906
2023-11-21 14:30:00,XLF,Financials,35.130001068115234
2023-11-22 14:30:00,XLF,Financials,35.27000045776367
2023-11-24 14:30:00,XLF,Financials,35.380001068115234
2023-11-27 14:30:00,XLF,Financials,35.2599983215332
2023-11-28 14:30:00,XLF,Financials,35.25
2023-11-29 14:30:00,XLF,Financials,35.5
2023-11-30 14:30:00,XLF,Financials,35.900001525878906
2023-12-01 14:30:00,XLF,Financials,36.16999816894531
2023-12-04 14:30:00,XLF,Financials,36.130001068115234
2023-12-05 14:30:00,XLF,Financials,35.95000076293945
2023-12-06 14:30:00,XLF,Financials,35.77000045776367
2023-12-07 14:30:00,XLF,Financials,35.939998626708984
2023-12-08 14:30:00,XLF,Financials,36.130001068115234
2023-12-11 14:30:00,XLF,Financials,36.349998474121094
2023-12-12 14:30:00,XLF,Financials,36.61000061035156
2023-12-13 14:30:00,XLF,Financials,37.20000076293945
2023-12-14 14:30:00,XLF,Financials,37.56999969482422
2023-12-15 14:30:00,XLF,Financials,37.349998474121094
2023-12-18 14:30:00,XLF,Financials,37.290000915527344
2023-12-19 14:30:00,XLF,Financials,37.56999969482422
2023-12-20 14:30:00,XLF,Financials,36.900001525878906
2023-12-21 14:30:00,XLF,Financials,37.2599983215332
2023-12-22 14:30:00,XLF,Financials,37.34000015258789
2023-12-26 14:30:00,XLF,Financials,37.4900016784668
2023-12-27 14:30:00,XLF,Financials,37.61000061035156
2023-12-28 14:30:00,XLF,Financials,37.720001220703125
2023-12-29 14:30:00,XLF,Financials,37.599998474121094
2024-01-02 14:30:00,XLF,Financials,37.7599983215332
2024-01-03 14:30:00,XLF,Financials,37.439998626708984
2024-01-04 14:30:00,XLF,Financials,37.59000015258789
2024-01-05 14:30:00,XLF,Financials,37.75
2024-01-08 14:30:00,XLF,Financials,37.9900016784668
2024-01-09 14:30:00,XLF,Financials,37.75
2024-01-10 14:30:00,XLF,Financials,37.810001373291016
2024-01-11 14:30:00,XLF,Financials,37.66999816894531
2024-01-12 14:30:00,XLF,Financials,37.599998474121094
2024-01-16 14:30:00,XLF,Financials,37.34000015258789
2024-01-17 14:30:00,XLF,Financials,37.27000045776367
2024-01-18 14:30:00,XLF,Financials,37.33000183105469
2024-01-19 14:30:00,XLF,Financials,37.93000030517578
2024-01-22 14:30:00,XLF,Financials,38.11000061035156
2024-01-23 14:30:00,XLF,Financials,38.16999816894531
2024-01-24 14:30:00,XLF,Financials,38.31999969482422
2024-01-25 14:30:00,XLF,Financials,38.5099983215332
2024-01-26 14:30:00,XLF,Financials,38.650001525878906
2024-01-29 14:30:00,XLF,Financials,38.75
2024-01-30 14:30:00,XLF,Financials,39.2400016784668
2024-01-31 14:30:00,XLF,Financials,38.7599983215332
2024-02-01 14:30:00,XLF,Financials,38.81999969482422
2024-02-02 14:30:00,XLF,Financials,38.97999954223633
2024-02-05 14:30:00,XLF,Financials,38.75
2024-02-06 14:30:00,XLF,Financials,38.83000183105469
2024-02-07 14:30:00,XLF,Financials,39.119998931884766
2024-02-08 14:30:00,XLF,Financials,38.970001220703125
2024-02-09 14:30:00,XLF,Financials,39.08000183105469
2024-02-12 14:30:00,XLF,Financials,39.2599983215332
2024-02-13 14:30:00,XLF,Financials,38.72999954223633
2024-02-14 14:30:00,XLF,Financials,39.099998474121094
2024-02-15 14:30:00,XLF,Financials,39.77000045776367
2024-02-16 14:30:00,XLF,Financials,39.630001068115234
2024-02-20 14:30:00,XLF,Financials,39.52000045776367
2024-02-21 14:30:00,XLF,Financials,39.63999938964844
2024-02-22 14:30:00,XLF,Financials,40.099998474121094
2024-02-23 14:30:00,XLF,Financials,40.29999923706055
2024-02-26 14:30:00,XLF,Financials,40.099998474121094
2024-02-27 14:30:00,XLF,Financials,40.209999084472656
2024-02-28 14:30:00,XLF,Financials,40.36000061035156
2024-02-29 14:30:00,XLF,Financials,40.34000015258789
2024-03-01 14:30:00,XLF,Financials,40.290000915527344
2024-03-04 14:30:00,XLF,Financials,40.38999938964844
2024-03-05 14:30:00,XLF,Financials,40.400001525878906
2024-03-06 14:30:00,XLF,Financials,40.61000061035156
2024-03-07 14:30:00,XLF,Financials,40.54999923706055
2024-03-08 14:30:00,XLF,Financials,40.619998931884766
2024-03-11 13:30:00,XLF,Financials,40.689998626708984
2024-03-12 13:30:00,XLF,Financials,40.86000061035156
2024-03-13 13:30:00,XLF,Financials,41.15999984741211
2024-03-14 13:30:00,XLF,Financials,40.83000183105469
2024-03-15 13:30:00,XLF,Financials,40.790000915527344
2024-03-18 13:30:00,XLF,Financials,40.869998931884766
2024-03-19 13:30:00,XLF,Financials,41.06999969482422
2024-03-20 13:30:00,XLF,Financials,41.560001373291016
2024-03-21 13:30:00,XLF,Financials,41.900001525878906
2024-03-22 13:30:00,XLF,Financials,41.41999816894531
2024-03-25 13:30:00,XLF,Financials,41.2599983215332
2024-03-26 13:30:00,XLF,Financials,41.400001525878906
2024-03-27 13:30:00,XLF,Financials,41.88999938964844
2024-03-28 13:30:00,XLF,Financials,42.119998931884766
2024-04-01 13:30:00,XLF,Financials,41.88999938964844
2024-04-02 13:30:00,XLF,Financials,41.66999816894531
2024-04-03 13:30:00,XLF,Financials,41.650001525878906
2024-04-04 13:30:00,XLF,Financials,41.18000030517578
2024-04-05 13:30:00,XLF,Financials,41.56999969482422
2024-04-08 13:30:00,XLF,Financials,41.75
2024-04-09 13:30:00,XLF,Financials,41.5099983215332
2024-04-10 13:30:00,XLF,Financials,40.88999938964844
2024-04-11 13:30:00,XLF,Financials,40.599998474121094
2024-04-12 13:30:00,XLF,Financials,40.060001373291016
2024-04-15 13:30:00,XLF,Financials,39.86000061035156
2024-04-16 13:30:00,XLF,Financials,39.59000015258789
2024-04-17 13:30:00,XLF,Financials,39.689998626708984
2024-04-18 13:30:00,XLF,Financials,39.83000183105469
2024-04-19 13:30:00,XLF,Financials,40.380001068115234
2024-04-22 13:30:00,XLF,Financials,40.869998931884766
2024-04-23 13:30:00,XLF,Financials,41.130001068115234
2024-04-24 13:30:00,XLF,Financials,41.119998931884766
2024-04-25 13:30:00,XLF,Financials,40.880001068115234
2024-04-26 13:30:00,XLF,Financials,40.81999969482422
2024-04-29 13:30:00,XLF,Financials,40.7599983215332
2024-04-30 13:30:00,XLF,Financials,40.36000061035156
2024-05-01 13:30:00,XLF,Financials,40.36000061035156
2024-05-02 13:30:00,XLF,Financials,40.459999084472656
2024-05-03 13:30:00,XLF,Financials,40.54999923706055
2024-05-06 13:30:00,XLF,Financials,41.06999969482422
2024-05-07 13:30:00,XLF,Financials,41.209999084472656
2024-05-08 13:30:00,XLF,Financials,41.36000061035156
2024-05-09 13:30:00,XLF,Financials,41.66999816894531
2024-05-10 13:30:00,XLF,Financials,41.83000183105469
2024-05-13 13:30:00,XLF,Financials,41.65999984741211
2024-05-14 13:30:00,XLF,Financials,41.869998931884766
2024-05-15 13:30:00,XLF,Financials,42.18000030517578
2024-05-16 13:30:00,XLF,Financials,42.18000030517578
2024-05-17 13:30:00,XLF,Financials,42.4900016784668
2024-05-20 13:30:00,XLF,Financials,41.90999984741211
2024-05-21 13:30:00,XLF,Financials,42.18000030517578
2024-05-22 13:30:00,XLF,Financials,41.939998626708984
2024-05-23 13:30:00,XLF,Financials,41.36000061035156
2024-05-24 13:30:00,XLF,Financials,41.61000061035156
2024-05-28 13:30:00,XLF,Financials,41.150001525878906
2024-05-29 13:30:00,XLF,Financials,40.81999969482422
2024-05-30 13:30:00,XLF,Financials,41.040000915527344
2024-05-31 13:30:00,XLF,Financials,41.63999938964844
2024-06-03 13:30:00,XLF,Financials,41.380001068115234
2024-06-04 13:30:00,XLF,Financials,41.189998626708984
2024-06-05 13:30:00,XLF,Financials,41.310001373291016
2024-06-06 13:30:00,XLF,Financials,41.290000915527344
2024-06-07 13:30:00,XLF,Financials,41.47999954223633
2024-06-10 13:30:00,XLF,Financials,41.31999969482422
2024-06-11 13:30:00,XLF,Financials,40.849998474121094
2024-06-12 13:30:00,XLF,Financials,40.810001373291016
2024-06-13 13:30:00,XLF,Financials,40.779998779296875
2024-06-14 13:30:00,XLF,Financials,40.650001525878906
2024-06-17 13:30:00,XLF,Financials,41.0099983215332
2024-06-18 13:30:00,XLF,Financials,41.27000045776367
2024-06-20 13:30:00,XLF,Financials,41.4900016784668
2024-06-21 13:30:00,XLF,Financials,41.33000183105469
2024-06-24 13:30:00,XLF,Financials,41.59000015258789
2024-06-25 13:30:00,XLF,Financials,41.279998779296875
2024-06-26 13:30:00,XLF,Financials,41.02000045776367
2024-06-27 13:30:00,XLF,Financials,40.970001220703125
2024-06-28 13:30:00,XLF,Financials,41.11000061035156
2024-07-01 13:30:00,XLF,Financials,41.20000076293945
2024-07-02 13:30:00,XLF,Financials,41.68000030517578
2024-07-03 13:30:00,XLF,Financials,41.54999923706055
2024-07-05 13:30:00,XLF,Financials,41.540000915527344
2024-07-08 13:30:00,XLF,Financials,41.43000030517578
2024-07-09 13:30:00,XLF,Financials,41.75
2024-07-10 13:30:00,XLF,Financials,41.90999984741211
2024-07-11 13:30:00,XLF,Financials,42.2400016784668
2024-07-12 13:30:00,XLF,Financials,42.380001068115234
2024-07-15 13:30:00,XLF,Financials,43.0
2024-07-16 13:30:00,XLF,Financials,43.4900016784668
2024-07-17 13:30:00,XLF,Financials,43.81999969482422
2024-07-18 13:30:00,XLF,Financials,43.290000915527344
2024-07-19 13:30:00,XLF,Financials,42.849998474121094
2024-07-22 13:30:00,XLF,Financials,43.09000015258789
2024-07-23 13:30:00,XLF,Financials,43.16999816894531
2024-07-24 13:30:00,XLF,Financials,42.58000183105469
2024-07-25 13:30:00,XLF,Financials,42.7400016784668
2024-07-26 13:30:00,XLF,Financials,43.40999984741211
2024-07-29 13:30:00,XLF,Financials,43.349998474121094
2024-07-30 13:30:00,XLF,Financials,43.849998474121094
2024-07-31 13:30:00,XLF,Financials,43.7400016784668
2024-08-01 13:30:00,XLF,Financials,43.119998931884766
2024-08-02 13:30:00,XLF,Financials,42.060001373291016
2024-08-05 13:30:00,XLF,Financials,40.84000015258789
2024-08-06 13:30:00,XLF,Financials,41.5
2024-08-07 13:30:00,XLF,Financials,41.54999923706055
2024-08-08 13:30:00,XLF,Financials,42.220001220703125
2024-08-09 13:30:00,XLF,Financials,42.400001525878906
2024-08-12 13:30:00,XLF,Financials,42.18000030517578
2024-08-13 13:30:00,XLF,Financials,42.529998779296875
2024-08-14 13:30:00,XLF,Financials,43.04999923706055
2024-08-15 13:30:00,XLF,Financials,43.45000076293945
2024-08-16 13:30:00,XLF,Financials,43.77000045776367
2024-08-19 13:30:00,XLF,Financials,44.0099983215332
2024-08-20 13:30:00,XLF,Financials,43.869998931884766
2024-08-21 13:30:00,XLF,Financials,43.79999923706055
2024-08-22 13:30:00,XLF,Financials,44.04999923706055
2024-08-23 13:30:00,XLF,Financials,44.43000030517578
2024-08-26 13:30:00,XLF,Financials,44.56999969482422
2024-08-27 13:30:00,XLF,Financials,44.79999923706055
2024-08-28 13:30:00,XLF,Financials,44.90999984741211
2024-08-29 13:30:00,XLF,Financials,45.310001373291016
2024-08-30 13:30:00,XLF,Financials,45.7400016784668
2024-09-03 13:30:00,XLF,Financials,45.400001525878906
2024-09-04 13:30:00,XLF,Financials,45.45000076293945
2024-09-05 13:30:00,XLF,Financials,44.95000076293945
2024-09-06 13:30:00,XLF,Financials,44.290000915527344
2024-09-09 13:30:00,XLF,Financials,44.95000076293945
2024-09-10 13:30:00,XLF,Financials,44.4900016784668
2024-09-11 13:30:00,XLF,Financials,44.279998779296875
2024-09-12 13:30:00,XLF,Financials,44.380001068115234
2024-09-13 13:30:00,XLF,Financials,44.5099983215332
2024-09-16 13:30:00,XLF,Financials,45.09000015258789
2024-09-17 13:30:00,XLF,Financials,45.33000183105469
2024-09-18 13:30:00,XLF,Financials,45.189998626708984
2024-09-19 13:30:00,XLF,Financials,45.689998626708984
2024-09-20 13:30:00,XLF,Financials,45.65999984741211
2024-09-23 13:30:00,XLF,Financials,45.439998626708984
2024-09-24 13:30:00,XLF,Financials,45.060001373291016
2024-09-25 13:30:00,XLF,Financials,44.790000915527344
2024-09-26 13:30:00,XLF,Financials,45.02000045776367
2024-09-27 13:30:00,XLF,Financials,45.150001525878906
2024-09-30 13:30:00,XLF,Financials,45.31999969482422
2024-10-01 13:30:00,XLF,Financials,45.08000183105469
2024-10-02 13:30:00,XLF,Financials,45.130001068115234
2024-10-03 13:30:00,XLF,Financials,44.88999938964844
2024-10-04 13:30:00,XLF,Financials,45.650001525878906
2024-10-07 13:30:00,XLF,Financials,45.09000015258789
2024-10-08 13:30:00,XLF,Financials,45.349998474121094
2024-10-09 13:30:00,XLF,Financials,45.77000045776367
2024-10-10 13:30:00,XLF,Financials,45.630001068115234
2024-10-11 13:30:00,XLF,Financials,46.5099983215332
2024-10-14 13:30:00,XLF,Financials,46.79999923706055
2024-10-15 13:30:00,XLF,Financials,46.900001525878906
2024-10-16 13:30:00,XLF,Financials,47.47999954223633
2024-10-17 13:30:00,XLF,Financials,47.61000061035156
2024-10-18 13:30:00,XLF,Financials,47.619998931884766
2024-10-21 13:30:00,XLF,Financials,47.2400016784668
2024-10-22 13:30:00,XLF,Financials,47.150001525878906
2024-10-23 13:30:00,XLF,Financials,47.11000061035156
2024-10-24 13:30:00,XLF,Financials,47.150001525878906
2024-10-25 13:30:00,XLF,Financials,46.630001068115234
2024-10-28 13:30:00,XLF,Financials,47.209999084472656
2024-10-29 13:30:00,XLF,Financials,46.91999816894531
2024-10-30 13:30:00,XLF,Financials,47.130001068115234
2024-10-31 13:30:00,XLF,Financials,46.47999954223633
2024-11-01 13:30:00,XLF,Financials,46.63999938964844
2024-11-04 14:30:00,XLF,Financials,46.279998779296875
2024-11-05 14:30:00,XLF,Financials,46.709999084472656
2024-11-06 14:30:00,XLF,Financials,49.54999923706055
2024-11-07 14:30:00,XLF,Financials,48.75
2024-11-08 14:30:00,XLF,Financials,49.189998626708984
2024-11-11 14:30:00,XLF,Financials,49.88999938964844
2024-11-12 14:30:00,XLF,Financials,49.7400016784668
2024-11-13 14:30:00,XLF,Financials,49.77000045776367
2024-11-14 14:30:00,XLF,Financials,49.63999938964844
2024-11-15 14:30:00,XLF,Financials,49.869998931884766
2024-11-18 14:30:00,XLF,Financials,50.02000045776367
2024-11-19 14:30:00,XLF,Financials,49.689998626708984
2024-11-20 14:30:00,XLF,Financials,49.540000915527344
2024-11-21 14:30:00,XLF,Financials,50.16999816894531
2024-11-22 14:30:00,XLF,Financials,50.72999954223633
2024-11-25 14:30:00,XLF,Financials,51.060001373291016
2024-11-26 14:30:00,XLF,Financials,51.15999984741211
2024-11-27 14:30:00,XLF,Financials,51.2599983215332
2024-11-29 14:30:00,XLF,Financials,51.34000015258789
2024-12-02 14:30:00,XLF,Financials,50.83000183105469
2024-12-03 14:30:00,XLF,Financials,50.45000076293945
2024-12-04 14:30:00,XLF,Financials,50.2599983215332
2024-12-05 14:30:00,XLF,Financials,50.40999984741211
2024-12-06 14:30:00,XLF,Financials,50.400001525878906
2024-12-09 14:30:00,XLF,Financials,49.709999084472656
2024-12-10 14:30:00,XLF,Financials,49.70000076293945
2024-12-11 14:30:00,XLF,Financials,49.79999923706055
2024-12-12 14:30:00,XLF,Financials,49.58000183105469
2024-12-13 14:30:00,XLF,Financials,49.540000915527344
2024-12-16 14:30:00,XLF,Financials,49.45000076293945
2024-12-17 14:30:00,XLF,Financials,49.099998474121094
2024-12-18 14:30:00,XLF,Financials,47.630001068115234
2024-12-19 14:30:00,XLF,Financials,47.79999923706055
2024-12-20 14:30:00,XLF,Financials,48.5099983215332
2024-12-23 14:30:00,XLF,Financials,48.41999816894531
2024-12-24 14:30:00,XLF,Financials,48.9900016784668
2024-12-26 14:30:00,XLF,Financials,49.11000061035156
2024-12-27 14:30:00,XLF,Financials,48.75
2024-12-30 14:30:00,XLF,Financials,48.279998779296875
2024-12-31 14:30:00,XLF,Financials,48.33000183105469
2025-01-02 14:30:00,XLF,Financials,48.209999084472656
2025-01-03 14:30:00,XLF,Financials,48.59000015258789
2025-01-06 14:30:00,XLF,Financials,48.439998626708984
2025-01-07 14:30:00,XLF,Financials,48.33000183105469
2025-01-08 14:30:00,XLF,Financials,48.4900016784668
2025-01-10 14:30:00,XLF,Financials,47.31999969482422
2025-01-13 14:30:00,XLF,Financials,47.65999984741211
2025-01-14 14:30:00,XLF,Financials,48.25
2025-01-15 14:30:00,XLF,Financials,49.47999954223633
2025-01-16 14:30:00,XLF,Financials,49.810001373291016
2025-01-17 14:30:00,XLF,Financials,50.22999954223633
2025-01-21 14:30:00,XLF,Financials,50.650001525878906
2025-01-22 14:30:00,XLF,Financials,50.40999984741211
2025-01-23 14:30:00,XLF,Financials,50.70000076293945
2025-01-24 14:30:00,XLF,Financials,50.849998474121094
2025-01-27 14:30:00,XLF,Financials,51.40999984741211
2025-01-28 14:30:00,XLF,Financials,51.31999969482422
2025-01-29 14:30:00,XLF,Financials,51.279998779296875
2025-01-30 14:30:00,XLF,Financials,51.77000045776367
2025-01-31 14:30:00,XLF,Financials,51.470001220703125
2025-02-03 14:30:00,XLF,Financials,51.2599983215332
2025-02-04 14:30:00,XLF,Financials,51.13999938964844
2025-02-05 14:30:00,XLF,Financials,51.68000030517578
2025-02-06 14:30:00,XLF,Financials,52.11000061035156
2025-02-07 14:30:00,XLF,Financials,51.81999969482422
2025-02-10 14:30:00,XLF,Financials,51.40999984741211
2025-02-11 14:30:00,XLF,Financials,51.540000915527344
2025-02-12 14:30:00,XLF,Financials,51.36000061035156
2025-02-13 14:30:00,XLF,Financials,51.70000076293945
2025-02-14 14:30:00,XLF,Financials,51.79999923706055
2025-02-18 14:30:00,XLF,Financials,52.16999816894531
2025-02-19 14:30:00,XLF,Financials,52.189998626708984
2025-02-20 14:30:00,XLF,Financials,51.38999938964844
2025-02-21 14:30:00,XLF,Financials,50.75
2025-02-24 14:30:00,XLF,Financials,50.970001220703125
2025-02-25 14:30:00,XLF,Financials,50.959999084472656
2025-02-26 14:30:00,XLF,Financials,50.849998474121094
2025-02-27 14:30:00,XLF,Financials,51.130001068115234
2025-02-28 14:30:00,XLF,Financials,52.18000030517578
2025-03-03 14:30:00,XLF,Financials,51.7400016784668
2025-03-04 14:30:00,XLF,Financials,49.91999816894531
2025-03-05 14:30:00,XLF,Financials,50.209999084472656
2025-03-06 14:30:00,XLF,Financials,49.380001068115234
2025-03-07 14:30:00,XLF,Financials,49.119998931884766
2025-03-10 13:30:00,XLF,Financials,48.02000045776367
2025-03-11 13:30:00,XLF,Financials,47.61000061035156
2025-03-12 13:30:00,XLF,Financials,47.68000030517578
2025-03-13 13:30:00,XLF,Financials,47.41999816894531
2025-03-14 13:30:00,XLF,Financials,48.52000045776367
2025-03-17 13:30:00,XLF,Financials,49.09000015258789
2025-03-18 13:30:00,XLF,Financials,49.029998779296875
2025-03-19 13:30:00,XLF,Financials,49.56999969482422
2025-03-20 13:30:00,XLF,Financials,49.63999938964844
2025-03-21 13:30:00,XLF,Financials,49.459999084472656
2025-03-24 13:30:00,XLF,Financials,50.150001525878906
2025-03-25 13:30:00,XLF,Financials,50.43000030517578
2025-03-26 13:30:00,XLF,Financials,50.279998779296875
2025-03-27 13:30:00,XLF,Financials,50.18000030517578
2025-03-28 13:30:00,XLF,Financials,49.209999084472656
2025-03-31 13:30:00,XLF,Financials,49.810001373291016
2025-04-01 13:30:00,XLF,Financials,49.75
2025-04-02 13:30:00,XLF,Financials,50.15999984741211
2025-04-03 13:30:00,XLF,Financials,47.689998626708984
2025-04-04 13:30:00,XLF,Financials,44.20000076293945
2025-04-07 13:30:00,XLF,Financials,44.09000015258789
2025-04-08 13:30:00,XLF,Financials,43.91999816894531
2025-04-09 13:30:00,XLF,Financials,47.22999954223633
2025-04-10 13:30:00,XLF,Financials,45.90999984741211
2025-04-11 13:30:00,XLF,Financials,46.66999816894531
2025-04-14 13:30:00,XLF,Financials,47.150001525878906
2025-04-15 13:30:00,XLF,Financials,47.27000045776367
2025-04-16 13:30:00,XLF,Financials,46.529998779296875
2025-04-17 13:30:00,XLF,Financials,46.650001525878906
2025-04-21 13:30:00,XLF,Financials,45.650001525878906
2025-04-22 13:30:00,XLF,Financials,47.15999984741211
2025-04-23 13:30:00,XLF,Financials,47.720001220703125
2025-04-24 13:30:00,XLF,Financials,48.25
2025-04-25 13:30:00,XLF,Financials,48.02000045776367
2025-04-28 13:30:00,XLF,Financials,48.16999816894531
2025-04-29 13:30:00,XLF,Financials,48.66999816894531
2025-04-30 13:30:00,XLF,Financials,48.7599983215332
2025-05-01 13:30:00,XLF,Financials,48.75
2025-05-02 13:30:00,XLF,Financials,49.7599983215332
2025-05-05 13:30:00,XLF,Financials,49.439998626708984
2025-05-06 13:30:00,XLF,Financials,49.15999984741211
2025-05-07 13:30:00,XLF,Financials,49.45000076293945
2025-05-08 13:30:00,XLF,Financials,49.86000061035156
2025-05-09 13:30:00,XLF,Financials,49.86000061035156
2025-05-12 13:30:00,XLF,Financials,50.869998931884766
2025-05-13 13:30:00,XLF,Financials,51.08000183105469
2025-05-14 13:30:00,XLF,Financials,50.939998626708984
2025-05-15 13:30:00,XLF,Financials,51.279998779296875
2025-05-16 13:30:00,XLF,Financials,51.59000015258789
2025-05-19 13:30:00,XLF,Financials,51.619998931884766
2025-05-20 13:30:00,XLF,Financials,51.34000015258789
2025-05-21 13:30:00,XLF,Financials,50.290000915527344
2025-05-22 13:30:00,XLF,Financials,50.22999954223633
2025-05-23 13:30:00,XLF,Financials,50.04999923706055
2025-05-27 13:30:00,XLF,Financials,50.93000030517578
2025-05-28 13:30:00,XLF,Financials,50.59000015258789
2025-05-29 13:30:00,XLF,Financials,50.849998474121094
2025-05-30 13:30:00,XLF,Financials,50.959999084472656
2025-06-02 13:30:00,XLF,Financials,50.97999954223633
2025-06-03 13:30:00,XLF,Financials,51.08000183105469
2025-06-04 13:30:00,XLF,Financials,50.790000915527344
2025-06-05 13:30:00,XLF,Financials,50.650001525878906
2025-06-06 13:30:00,XLF,Financials,51.279998779296875
2025-06-09 13:30:00,XLF,Financials,51.0
2025-06-10 13:30:00,XLF,Financials,51.060001373291016
2025-06-11 13:30:00,XLF,Financials,51.0
2025-06-12 13:30:00,XLF,Financials,51.0
2025-06-13 13:30:00,XLF,Financials,49.959999084472656
2025-06-16 13:30:00,XLF,Financials,50.529998779296875
2025-06-17 13:30:00,XLF,Financials,50.2400016784668
2025-06-18 13:30:00,XLF,Financials,50.220001220703125
2025-06-20 13:30:00,XLF,Financials,50.36000061035156
2025-06-23 13:30:00,XLF,Financials,50.81999969482422
2025-06-24 13:30:00,XLF,Financials,51.58000183105469
2025-06-25 13:30:00,XLF,Financials,51.40999984741211
2025-06-26 13:30:00,XLF,Financials,51.790000915527344
2025-06-27 13:30:00,XLF,Financials,51.939998626708984
2025-06-30 13:30:00,XLF,Financials,52.369998931884766
2025-07-01 13:30:00,XLF,Financials,52.65999984741211
2025-07-02 13:30:00,XLF,Financials,52.619998931884766
2025-07-03 13:30:00,XLF,Financials,53.189998626708984
2025-07-07 13:30:00,XLF,Financials,52.68000030517578
2025-07-08 13:30:00,XLF,Financials,52.209999084472656
2025-07-09 13:30:00,XLF,Financials,52.400001525878906
2025-07-10 13:30:00,XLF,Financials,52.709999084472656
2025-07-11 13:30:00,XLF,Financials,52.15999984741211
2025-07-14 13:30:00,XLF,Financials,52.54999923706055
2025-07-15 13:30:00,XLF,Financials,51.650001525878906
2025-07-16 13:30:00,XLF,Financials,52.0099983215332
2025-07-17 13:30:00,XLF,Financials,52.5099983215332
2025-07-18 13:30:00,XLF,Financials,52.540000915527344
2025-07-21 13:30:00,XLF,Financials,52.38999938964844
2025-07-22 13:30:00,XLF,Financials,52.68000030517578
2025-07-23 13:30:00,XLF,Financials,53.099998474121094
2025-07-24 13:30:00,XLF,Financials,53.06999969482422
2025-07-25 13:30:00,XLF,Financials,53.439998626708984
2025-07-28 13:30:00,XLF,Financials,53.06999969482422
2025-07-29 13:30:00,XLF,Financials,52.79999923706055
2025-07-30 13:30:00,XLF,Financials,52.70000076293945
2025-07-31 13:30:00,XLF,Financials,52.369998931884766
2025-08-01 13:30:00,XLF,Financials,51.400001525878906
2025-08-04 13:30:00,XLF,Financials,51.90999984741211
2025-08-05 13:30:00,XLF,Financials,51.70000076293945
2025-08-06 13:30:00,XLF,Financials,51.95000076293945
2025-08-07 13:30:00,XLF,Financials,51.369998931884766
2025-08-08 13:30:00,XLF,Financials,51.849998474121094
2025-08-11 13:30:00,XLF,Financials,51.83000183105469
2025-08-12 13:30:00,XLF,Financials,52.459999084472656
2025-08-13 13:30:00,XLF,Financials,52.7599983215332
2025-08-14 13:30:00,XLF,Financials,53.0099983215332
2025-08-15 13:30:00,XLF,Financials,52.459999084472656
2025-08-18 13:30:00,XLF,Financials,52.5
2025-08-19 13:30:00,XLF,Financials,52.599998474121094
2025-08-20 13:30:00,XLF,Financials,52.869998931884766
2025-08-21 13:30:00,XLF,Financials,52.70000076293945
2025-08-22 13:30:00,XLF,Financials,53.56999969482422
2025-08-25 13:30:00,XLF,Financials,53.2599983215332
2025-08-26 13:30:00,XLF,Financials,53.66999816894531
2025-08-27 13:30:00,XLF,Financials,53.779998779296875
2025-08-28 13:30:00,XLF,Financials,53.849998474121094
2025-08-29 13:30:00,XLF,Financials,53.9900016784668
2025-09-02 13:30:00,XLF,Financials,53.59000015258789
2025-09-03 13:30:00,XLF,Financials,53.5
2025-09-04 13:30:00,XLF,Financials,54.060001373291016
2025-09-05 13:30:00,XLF,Financials,53.06999969482422
2025-09-08 13:30:00,XLF,Financials,53.11000061035156
2025-09-09 13:30:00,XLF,Financials,53.34000015258789
2025-09-10 13:30:00,XLF,Financials,53.15999984741211
2025-09-11 13:30:00,XLF,Financials,54.029998779296875
2025-09-12 13:30:00,XLF,Financials,53.79999923706055
2025-09-15 13:30:00,XLF,Financials,53.68000030517578
2025-09-16 13:30:00,XLF,Financials,53.560001373291016
2025-09-17 13:30:00,XLF,Financials,54.08000183105469
2025-09-18 13:30:00,XLF,Financials,54.130001068115234
2025-09-19 13:30:00,XLF,Financials,54.25
2025-09-22 13:30:00,XLF,Financials,54.0
2025-09-23 13:30:00,XLF,Financials,53.7599983215332
2025-09-24 13:30:00,XLF,Financials,53.61000061035156
2025-09-25 13:30:00,XLF,Financials,53.470001220703125
2025-09-26 13:30:00,XLF,Financials,53.86000061035156
2025-09-29 13:30:00,XLF,Financials,54.130001068115234
2025-09-30 13:30:00,XLF,Financials,53.869998931884766
2025-10-01 13:30:00,XLF,Financials,53.38999938964844
2025-10-02 13:30:00,XLF,Financials,53.349998474121094
2025-10-03 13:30:00,XLF,Financials,53.720001220703125
2025-10-06 13:30:00,XLF,Financials,53.70000076293945
2025-10-07 13:30:00,XLF,Financials,53.77000045776367
2025-10-08 13:30:00,XLF,Financials,53.5099983215332
2025-10-09 13:30:00,XLF,Financials,53.31999969482422
2025-10-10 13:30:00,XLF,Financials,52.15999984741211
2025-10-13 13:30:00,XLF,Financials,52.65999984741211
2025-10-14 13:30:00,XLF,Financials,53.2400016784668
2025-10-15 13:30:00,XLF,Financials,53.2400016784668
2025-10-16 13:30:00,XLF,Financials,51.7599983215332
2025-10-17 13:30:00,XLF,Financials,52.18000030517578
2025-10-20 13:30:00,XLF,Financials,52.790000915527344
2025-10-21 13:30:00,XLF,Financials,52.72999954223633
2025-10-22 13:30:00,XLF,Financials,52.43000030517578
2025-10-23 13:30:00,XLF,Financials,52.540000915527344
2025-10-24 13:30:00,XLF,Financials,53.11000061035156
2025-10-27 13:30:00,XLF,Financials,53.33000183105469
2025-10-28 13:30:00,XLF,Financials,52.9900016784668
2025-10-29 13:30:00,XLF,Financials,52.09000015258789
2025-10-30 13:30:00,XLF,Financials,52.22999954223633
2025-10-31 13:30:00,XLF,Financials,52.369998931884766
2025-11-03 14:30:00,XLF,Financials,52.150001525878906
2025-11-04 14:30:00,XLF,Financials,52.41999816894531
2025-11-05 14:30:00,XLF,Financials,52.599998474121094
2025-11-06 14:30:00,XLF,Financials,52.40999984741211
2025-11-07 14:30:00,XLF,Financials,52.779998779296875
2025-11-10 14:30:00,XLF,Financials,52.970001220703125
2025-11-11 14:30:00,XLF,Financials,53.209999084472656
2025-11-12 14:30:00,XLF,Financials,53.66999816894531
2025-11-13 14:30:00,XLF,Financials,52.97999954223633
2025-11-14 14:30:00,XLF,Financials,52.45000076293945
2025-11-17 14:30:00,XLF,Financials,51.45000076293945
2025-11-18 14:30:00,XLF,Financials,51.369998931884766
2025-11-19 14:30:00,XLF,Financials,51.560001373291016
2025-11-20 14:30:00,XLF,Financials,51.11000061035156
2025-11-21 14:30:00,XLF,Financials,51.66999816894531
2025-11-24 14:30:00,XLF,Financials,51.88999938964844
2025-11-25 14:30:00,XLF,Financials,52.540000915527344
2025-11-26 14:30:00,XLF,Financials,52.95000076293945
2025-11-28 14:30:00,XLF,Financials,53.33000183105469
2025-12-01 14:30:00,XLF,Financials,52.88999938964844
2025-12-02 14:30:00,XLF,Financials,52.84000015258789
2025-12-03 14:30:00,XLF,Financials,53.54999923706055
2025-12-04 14:30:00,XLF,Financials,53.65999984741211
2025-12-05 14:30:00,XLF,Financials,53.68000030517578
2025-12-08 14:30:00,XLF,Financials,53.47999954223633
2025-12-09 14:30:00,XLF,Financials,53.279998779296875
2025-12-10 14:30:00,XLF,Financials,53.88999938964844
2025-12-11 14:30:00,XLF,Financials,54.869998931884766
2025-12-12 14:30:00,XLF,Financials,54.95000076293945
2025-12-15 14:30:00,XLF,Financials,54.9900016784668
2025-12-16 14:30:00,XLF,Financials,54.63999938964844
2025-12-17 14:30:00,XLF,Financials,54.630001068115234
2025-12-18 14:30:00,XLF,Financials,54.540000915527344
2025-12-19 14:30:00,XLF,Financials,54.84000015258789
2025-12-22 14:30:00,XLF,Financials,55.31999969482422
2025-12-23 14:30:00,XLF,Financials,55.43000030517578
2025-12-24 14:30:00,XLF,Financials,55.72999954223633
2025-12-26 14:30:00,XLF,Financials,55.619998931884766
2025-12-29 14:30:00,XLF,Financials,55.31999969482422
2025-12-30 14:30:00,XLF,Financials,55.18000030517578
2025-12-31 14:30:00,XLF,Financials,54.77000045776367
2026-01-02 14:30:00,XLF,Financials,54.93000030517578
2026-01-05 14:30:00,XLF,Financials,56.130001068115234
2026-01-06 14:30:00,XLF,Financials,56.400001525878906
2026-01-07 14:30:00,XLF,Financials,55.61000061035156
2026-01-08 14:30:00,XLF,Financials,55.900001525878906
2026-01-09 14:30:00,XLF,Financials,55.72999954223633
2026-01-12 14:30:00,XLF,Financials,55.290000915527344
2026-01-13 14:30:00,XLF,Financials,54.22999954223633
2026-01-14 14:30:00,XLF,Financials,54.150001525878906
2026-01-15 14:30:00,XLF,Financials,54.369998931884766
2026-01-16 14:30:00,XLF,Financials,54.439998626708984
2026-01-20 14:30:00,XLF,Financials,53.20000076293945
2026-01-21 14:30:00,XLF,Financials,53.459999084472656
2026-01-22 14:30:00,XLF,Financials,53.810001373291016
2026-01-23 14:30:00,XLF,Financials,53.06999969482422
2026-01-26 14:30:00,XLF,Financials,53.40999984741211
2026-01-27 14:30:00,XLF,Financials,53.0
2026-01-28 14:30:00,XLF,Financials,52.9900016784668
2026-01-29 14:30:00,XLF,Financials,53.54999923706055
2026-01-30 14:30:00,XLF,Financials,53.439998626708984
2026-02-02 14:30:00,XLF,Financials,54.029998779296875
2026-02-03 14:30:00,XLF,Financials,53.529998779296875
2026-02-04 14:30:00,XLF,Financials,53.959999084472656
2026-02-05 14:30:00,XLF,Financials,53.290000915527344
2026-02-06 14:30:00,XLF,Financials,54.2599983215332
2026-02-09 14:30:00,XLF,Financials,53.939998626708984
2026-02-10 14:30:00,XLF,Financials,53.54999923706055
2026-02-11 14:30:00,XLF,Financials,52.7400016784668
2026-02-12 14:30:00,XLF,Financials,51.689998626708984
2026-02-13 14:30:00,XLF,Financials,51.650001525878906
2026-02-17 14:30:00,XLF,Financials,52.20000076293945
2026-02-18 14:30:00,XLF,Financials,52.59000015258789
2026-02-19 14:30:00,XLF,Financials,52.150001525878906
2026-02-20 14:30:00,XLF,Financials,52.4900016784668
2026-02-23 14:30:00,XLF,Financials,50.72999954223633
2026-02-24 14:30:00,XLF,Financials,50.97999954223633
2026-02-25 14:30:00,XLF,Financials,51.869998931884766
2026-02-26 14:30:00,XLF,Financials,52.5
2026-02-27 14:30:00,XLF,Financials,51.43000030517578
2026-03-02 14:30:00,XLF,Financials,51.29999923706055
2026-03-03 14:30:00,XLF,Financials,51.209999084472656
2026-03-04 14:30:00,XLF,Financials,51.5
2026-03-05 14:30:00,XLF,Financials,51.22999954223633
2026-03-06 14:30:00,XLF,Financials,50.56999969482422
2026-03-09 13:30:00,XLF,Financials,50.33000183105469
2026-03-10 13:30:00,XLF,Financials,50.060001373291016
2026-03-11 13:30:00,XLF,Financials,49.63999938964844
2026-03-12 13:30:00,XLF,Financials,48.83000183105469
2026-03-13 13:30:00,XLF,Financials,48.88999938964844
2026-03-16 13:30:00,XLF,Financials,49.29999923706055
2026-03-17 13:30:00,XLF,Financials,49.560001373291016
2026-03-18 13:30:00,XLF,Financials,48.970001220703125
2026-03-19 13:30:00,XLF,Financials,48.9900016784668
2026-03-20 13:30:00,XLF,Financials,49.08000183105469
2026-03-23 13:30:00,XLF,Financials,49.27000045776367
2026-03-24 13:30:00,XLF,Financials,49.279998779296875
2026-03-25 13:30:00,XLF,Financials,49.34000015258789
2026-03-26 13:30:00,XLF,Financials,49.04999923706055
2026-03-27 13:30:00,XLF,Financials,47.810001373291016
2026-03-30 13:30:00,XLF,Financials,48.36000061035156
2026-03-31 13:30:00,XLF,Financials,49.369998931884766
2026-04-01 13:30:00,XLF,Financials,49.439998626708984
2026-04-02 13:30:00,XLF,Financials,49.529998779296875
2026-04-06 13:30:00,XLF,Financials,49.880001068115234
2026-04-07 13:30:00,XLF,Financials,49.880001068115234
2026-04-08 13:30:00,XLF,Financials,51.20000076293945
2026-04-09 13:30:00,XLF,Financials,51.33000183105469
2026-04-10 13:30:00,XLF,Financials,50.77000045776367
2026-04-13 13:30:00,XLF,Financials,51.65999984741211
2026-04-14 13:30:00,XLF,Financials,51.779998779296875
2026-04-15 13:30:00,XLF,Financials,52.16999816894531
2026-04-16 13:30:00,XLF,Financials,52.029998779296875
2026-04-17 13:30:00,XLF,Financials,52.43000030517578
2026-04-20 13:30:00,XLF,Financials,52.630001068115234
2026-04-21 13:30:00,XLF,Financials,52.29999923706055
2026-04-22 13:30:00,XLF,Financials,52.209999084472656
2026-04-23 13:30:00,XLF,Financials,51.79999923706055
2026-04-24 13:30:00,XLF,Financials,51.41999816894531
2026-04-27 13:30:00,XLF,Financials,51.810001373291016
2026-04-28 13:30:00,XLF,Financials,51.849998474121094
2026-04-29 13:30:00,XLF,Financials,51.91999816894531
2026-04-30 13:30:00,XLF,Financials,52.130001068115234
2026-05-01 13:30:00,XLF,Financials,51.91999816894531
2026-05-04 13:30:00,XLF,Financials,51.58000183105469
2026-05-05 13:30:00,XLF,Financials,51.59000015258789
2026-05-06 13:30:00,XLF,Financials,51.84000015258789
2026-05-07 13:30:00,XLF,Financials,51.54999923706055
2026-05-08 13:30:00,XLF,Financials,51.2400016784668
2026-05-11 13:30:00,XLF,Financials,51.18000030517578
2026-05-12 13:30:00,XLF,Financials,51.58000183105469
2026-05-13 13:30:00,XLF,Financials,50.9900016784668
2026-05-14 13:30:00,XLF,Financials,51.290000915527344
2026-05-15 13:30:00,XLF,Financials,51.099998474121094
2026-05-18 13:30:00,XLF,Financials,51.7400016784668
2026-05-19 13:30:00,XLF,Financials,51.099998474121094
2026-05-20 13:30:00,XLF,Financials,51.65999984741211
2026-05-21 13:30:00,XLF,Financials,51.72999954223633
2026-05-22 13:30:00,XLF,Financials,51.939998626708984
2026-05-26 13:30:00,XLF,Financials,51.849998474121094
2026-05-27 13:30:00,XLF,Financials,51.41999816894531
2026-05-28 13:30:00,XLF,Financials,51.27000045776367
2026-05-29 13:30:00,XLF,Financials,51.58000183105469
2026-06-01 13:30:00,XLF,Financials,51.43000030517578
2026-06-02 13:30:00,XLF,Financials,51.459999084472656
2026-06-03 13:30:00,XLF,Financials,50.869998931884766
2026-06-04 13:30:00,XLF,Financials,52.189998626708984
2026-06-05 13:30:00,XLF,Financials,52.29999923706055
2026-06-08 13:30:00,XLF,Financials,51.970001220703125
2026-06-09 13:30:00,XLF,Financials,52.459999084472656
2026-06-10 13:30:00,XLF,Financials,52.22999954223633
2026-06-11 13:30:00,XLF,Financials,52.619998931884766
2026-06-12 13:30:00,XLF,Financials,53.34000015258789
2026-06-15 13:30:00,XLF,Financials,53.560001373291016
2026-06-16 13:30:00,XLF,Financials,54.349998474121094
2026-06-17 13:30:00,XLF,Financials,54.04999923706055
2026-06-18 13:30:00,XLF,Financials,53.56999969482422
2026-06-22 13:30:00,XLF,Financials,53.70000076293945
2026-06-23 13:30:00,XLF,Financials,53.880001068115234
2026-06-24 13:30:00,XLF,Financials,53.720001220703125
2026-06-25 13:30:00,XLF,Financials,53.45000076293945
2026-06-26 13:30:00,XLF,Financials,53.56999969482422
2026-06-29 13:30:00,XLF,Financials,53.720001220703125
2026-06-30 13:30:00,XLF,Financials,53.61000061035156
2026-07-01 13:30:00,XLF,Financials,54.779998779296875
2026-07-02 13:30:00,XLF,Financials,55.619998931884766
2026-07-06 13:30:00,XLF,Financials,56.13999938964844
2026-07-07 13:30:00,XLF,Financials,56.04999923706055
2026-07-08 13:30:00,XLF,Financials,54.970001220703125
2026-07-09 13:30:00,XLF,Financials,55.540000915527344
2026-07-10 13:30:00,XLF,Financials,55.709999084472656
2026-07-13 13:30:00,XLF,Financials,56.06999969482422
2026-07-14 13:30:00,XLF,Financials,56.18000030517578
2026-07-15 13:30:00,XLF,Financials,56.560001373291016
2026-07-16 13:30:00,XLF,Financials,56.75
2026-07-17 13:30:00,XLF,Financials,56.2599983215332
2026-07-20 13:30:00,XLF,Financials,56.040000915527344
2026-07-21 13:30:00,XLF,Financials,56.11000061035156
2026-07-22 13:30:00,XLF,Financials,56.04999923706055
2026-07-23 13:30:00,XLF,Financials,55.83000183105469
2026-07-24 13:30:00,XLF,Financials,56.310001373291016
2026-07-27 13:30:00,XLF,Financials,56.880001068115234
2026-07-28 13:30:00,XLF,Financials,57.599998474121094
2026-07-29 13:30:00,XLF,Financials,56.68000030517578
2026-07-30 13:30:00,XLF,Financials,57.0
2026-07-31 13:30:00,XLF,Financials,56.939998626708984
2026-08-03 13:30:00,XLF,Financials,57.380001068115234
2026-08-04 13:30:00,XLF,Financials,57.880001068115234
2026-08-05 13:30:00,XLF,Financials,58.0
2026-08-06 13:30:00,XLF,Financials,57.810001373291016
2026-08-07 13:30:00,XLF,Financials,57.599998474121094
2026-08-10 13:30:00,XLF,Financials,57.810001373291016
2026-08-11 13:30:00,XLF,Financials,57.79999923706055
2026-08-12 13:30:00,XLF,Financials,57.91999816894531
2026-08-13 13:30:00,XLF,Financials,58.2599983215332
2026-08-14 13:30:00,XLF,Financials,58.15999984741211
2026-08-17 13:30:00,XLF,Financials,57.58000183105469
2026-08-18 13:30:00,XLF,Financials,57.84000015258789
2026-08-19 13:30:00,XLF,Financials,57.47999954223633
2026-08-20 13:30:00,XLF,Financials,56.95000076293945
2026-08-21 13:30:00,XLF,Financials,57.47999954223633
2026-08-24 13:30:00,XLF,Financials,58.220001220703125
2026-08-25 13:30:00,XLF,Financials,58.310001373291016
2026-08-26 13:30:00,XLF,Financials,58.2599983215332
2026-08-27 13:30:00,XLF,Financials,57.880001068115234
2026-08-28 13:30:00,XLF,Financials,58.099998474121094
2021-08-30 13:30:00,XLV,Health Care,135.38999938964844
2021-08-31 13:30:00,XLV,Health Care,135.2100067138672
2021-09-01 13:30:00,XLV,Health Care,135.25
2021-09-02 13:30:00,XLV,Health Care,136.6999969482422
2021-09-03 13:30:00,XLV,Health Care,136.85000610351562
2021-09-07 13:30:00,XLV,Health Care,136.0500030517578
2021-09-08 13:30:00,XLV,Health Care,135.99000549316406
2021-09-09 13:30:00,XLV,Health Care,134.4199981689453
2021-09-10 13:30:00,XLV,Health Care,133.19000244140625
2021-09-13 13:30:00,XLV,Health Care,132.3699951171875
2021-09-14 13:30:00,XLV,Health Care,132.35000610351562
2021-09-15 13:30:00,XLV,Health Care,133.2100067138672
2021-09-16 13:30:00,XLV,Health Care,132.8699951171875
2021-09-17 13:30:00,XLV,Health Care,133.0
2021-09-20 13:30:00,XLV,Health Care,131.14999389648438
2021-09-21 13:30:00,XLV,Health Care,131.35000610351562
2021-09-22 13:30:00,XLV,Health Care,131.57000732421875
2021-09-23 13:30:00,XLV,Health Care,132.52000427246094
2021-09-24 13:30:00,XLV,Health Care,131.97999572753906
2021-09-27 13:30:00,XLV,Health Care,130.10000610351562
2021-09-28 13:30:00,XLV,Health Care,127.87000274658203
2021-09-29 13:30:00,XLV,Health Care,128.8800048828125
2021-09-30 13:30:00,XLV,Health Care,127.30000305175781
2021-10-01 13:30:00,XLV,Health Care,127.33000183105469
2021-10-04 13:30:00,XLV,Health Care,125.38999938964844
2021-10-05 13:30:00,XLV,Health Care,126.13999938964844
2021-10-06 13:30:00,XLV,Health Care,125.91000366210938
2021-10-07 13:30:00,XLV,Health Care,127.58000183105469
2021-10-08 13:30:00,XLV,Health Care,126.94000244140625
2021-10-11 13:30:00,XLV,Health Care,125.94999694824219
2021-10-12 13:30:00,XLV,Health Care,125.33999633789062
2021-10-13 13:30:00,XLV,Health Care,125.54000091552734
2021-10-14 13:30:00,XLV,Health Care,127.33999633789062
2021-10-15 13:30:00,XLV,Health Care,127.97000122070312
2021-10-18 13:30:00,XLV,Health Care,127.0999984741211
2021-10-19 13:30:00,XLV,Health Care,128.77000427246094
2021-10-20 13:30:00,XLV,Health Care,130.61000061035156
2021-10-21 13:30:00,XLV,Health Care,131.13999938964844
2021-10-22 13:30:00,XLV,Health Care,131.6699981689453
2021-10-25 13:30:00,XLV,Health Care,131.8300018310547
2021-10-26 13:30:00,XLV,Health Care,132.47999572753906
2021-10-27 13:30:00,XLV,Health Care,131.42999267578125
2021-10-28 13:30:00,XLV,Health Care,132.52999877929688
2021-10-29 13:30:00,XLV,Health Care,133.82000732421875
2021-11-01 13:30:00,XLV,Health Care,133.66000366210938
2021-11-02 13:30:00,XLV,Health Care,134.5
2021-11-03 13:30:00,XLV,Health Care,135.2899932861328
2021-11-04 13:30:00,XLV,Health Care,134.36000061035156
2021-11-05 13:30:00,XLV,Health Care,132.86000061035156
2021-11-08 14:30:00,XLV,Health Care,133.64999389648438
2021-11-09 14:30:00,XLV,Health Care,133.16000366210938
2021-11-10 14:30:00,XLV,Health Care,133.5399932861328
2021-11-11 14:30:00,XLV,Health Care,133.14999389648438
2021-11-12 14:30:00,XLV,Health Care,133.80999755859375
2021-11-15 14:30:00,XLV,Health Care,132.97999572753906
2021-11-16 14:30:00,XLV,Health Care,133.5399932861328
2021-11-17 14:30:00,XLV,Health Care,133.72999572753906
2021-11-18 14:30:00,XLV,Health Care,133.77999877929688
2021-11-19 14:30:00,XLV,Health Care,132.97000122070312
2021-11-22 14:30:00,XLV,Health Care,132.3699951171875
2021-11-23 14:30:00,XLV,Health Care,132.50999450683594
2021-11-24 14:30:00,XLV,Health Care,132.4600067138672
2021-11-26 14:30:00,XLV,Health Care,131.97000122070312
2021-11-29 14:30:00,XLV,Health Care,132.3300018310547
2021-11-30 14:30:00,XLV,Health Care,129.72999572753906
2021-12-01 14:30:00,XLV,Health Care,129.5
2021-12-02 14:30:00,XLV,Health Care,130.1300048828125
2021-12-03 14:30:00,XLV,Health Care,130.3699951171875
2021-12-06 14:30:00,XLV,Health Care,131.11000061035156
2021-12-07 14:30:00,XLV,Health Care,132.8000030517578
2021-12-08 14:30:00,XLV,Health Care,133.8000030517578
2021-12-09 14:30:00,XLV,Health Care,134.11000061035156
2021-12-10 14:30:00,XLV,Health Care,134.5800018310547
2021-12-13 14:30:00,XLV,Health Care,135.85000610351562
2021-12-14 14:30:00,XLV,Health Care,135.3000030517578
2021-12-15 14:30:00,XLV,Health Care,138.07000732421875
2021-12-16 14:30:00,XLV,Health Care,138.88999938964844
2021-12-17 14:30:00,XLV,Health Care,137.9199981689453
2021-12-20 14:30:00,XLV,Health Care,136.55999755859375
2021-12-21 14:30:00,XLV,Health Care,137.1300048828125
2021-12-22 14:30:00,XLV,Health Care,138.72999572753906
2021-12-23 14:30:00,XLV,Health Care,139.3000030517578
2021-12-27 14:30:00,XLV,Health Care,140.77000427246094
2021-12-28 14:30:00,XLV,Health Care,140.39999389648438
2021-12-29 14:30:00,XLV,Health Care,141.1999969482422
2021-12-30 14:30:00,XLV,Health Care,141.49000549316406
2021-12-31 14:30:00,XLV,Health Care,140.88999938964844
2022-01-03 14:30:00,XLV,Health Care,139.44000244140625
2022-01-04 14:30:00,XLV,Health Care,137.60000610351562
2022-01-05 14:30:00,XLV,Health Care,136.6199951171875
2022-01-06 14:30:00,XLV,Health Care,135.0399932861328
2022-01-07 14:30:00,XLV,Health Care,134.35000610351562
2022-01-10 14:30:00,XLV,Health Care,135.72999572753906
2022-01-11 14:30:00,XLV,Health Care,136.80999755859375
2022-01-12 14:30:00,XLV,Health Care,136.4199981689453
2022-01-13 14:30:00,XLV,Health Care,134.3000030517578
2022-01-14 14:30:00,XLV,Health Care,134.07000732421875
2022-01-18 14:30:00,XLV,Health Care,132.19000244140625
2022-01-19 14:30:00,XLV,Health Care,131.64999389648438
2022-01-20 14:30:00,XLV,Health Care,130.7899932861328
2022-01-21 14:30:00,XLV,Health Care,129.47000122070312
2022-01-24 14:30:00,XLV,Health Care,129.0399932861328
2022-01-25 14:30:00,XLV,Health Care,128.2100067138672
2022-01-26 14:30:00,XLV,Health Care,127.54000091552734
2022-01-27 14:30:00,XLV,Health Care,127.87000274658203
2022-01-28 14:30:00,XLV,Health Care,130.47999572753906
2022-01-31 14:30:00,XLV,Health Care,131.22999572753906
2022-02-01 14:30:00,XLV,Health Care,131.5800018310547
2022-02-02 14:30:00,XLV,Health Care,133.35000610351562
2022-02-03 14:30:00,XLV,Health Care,132.77999877929688
2022-02-04 14:30:00,XLV,Health Care,132.3000030517578
2022-02-07 14:30:00,XLV,Health Care,132.07000732421875
2022-02-08 14:30:00,XLV,Health Care,133.14999389648438
2022-02-09 14:30:00,XLV,Health Care,134.17999267578125
2022-02-10 14:30:00,XLV,Health Care,132.0800018310547
2022-02-11 14:30:00,XLV,Health Care,130.25
2022-02-14 14:30:00,XLV,Health Care,128.9199981689453
2022-02-15 14:30:00,XLV,Health Care,130.3699951171875
2022-02-16 14:30:00,XLV,Health Care,130.57000732421875
2022-02-17 14:30:00,XLV,Health Care,128.47000122070312
2022-02-18 14:30:00,XLV,Health Care,127.51000213623047
2022-02-22 14:30:00,XLV,Health Care,127.19000244140625
2022-02-23 14:30:00,XLV,Health Care,126.55000305175781
2022-02-24 14:30:00,XLV,Health Care,127.05999755859375
2022-02-25 14:30:00,XLV,Health Care,130.9499969482422
2022-02-28 14:30:00,XLV,Health Care,129.9600067138672
2022-03-01 14:30:00,XLV,Health Care,129.24000549316406
2022-03-02 14:30:00,XLV,Health Care,131.19000244140625
2022-03-03 14:30:00,XLV,Health Care,131.86000061035156
2022-03-04 14:30:00,XLV,Health Care,132.52000427246094
2022-03-07 14:30:00,XLV,Health Care,130.2100067138672
2022-03-08 14:30:00,XLV,Health Care,127.55000305175781
2022-03-09 14:30:00,XLV,Health Care,129.9600067138672
2022-03-10 14:30:00,XLV,Health Care,129.91000366210938
2022-03-11 14:30:00,XLV,Health Care,128.94000244140625
2022-03-14 13:30:00,XLV,Health Care,129.85000610351562
2022-03-15 13:30:00,XLV,Health Care,132.44000244140625
2022-03-16 13:30:00,XLV,Health Care,134.02999877929688
2022-03-17 13:30:00,XLV,Health Care,136.14999389648438
2022-03-18 13:30:00,XLV,Health Care,136.99000549316406
2022-03-21 13:30:00,XLV,Health Care,136.4600067138672
2022-03-22 13:30:00,XLV,Health Care,136.49000549316406
2022-03-23 13:30:00,XLV,Health Care,134.0399932861328
2022-03-24 13:30:00,XLV,Health Care,135.63999938964844
2022-03-25 13:30:00,XLV,Health Care,136.27000427246094
2022-03-28 13:30:00,XLV,Health Care,137.25999450683594
2022-03-29 13:30:00,XLV,Health Care,138.07000732421875
2022-03-30 13:30:00,XLV,Health Care,138.33999633789062
2022-03-31 13:30:00,XLV,Health Care,136.99000549316406
2022-04-01 13:30:00,XLV,Health Care,138.07000732421875
2022-04-04 13:30:00,XLV,Health Care,136.9199981689453
2022-04-05 13:30:00,XLV,Health Care,137.2100067138672
2022-04-06 13:30:00,XLV,Health Care,139.3000030517578
2022-04-07 13:30:00,XLV,Health Care,141.97999572753906
2022-04-08 13:30:00,XLV,Health Care,142.8300018310547
2022-04-11 13:30:00,XLV,Health Care,139.99000549316406
2022-04-12 13:30:00,XLV,Health Care,138.6300048828125
2022-04-13 13:30:00,XLV,Health Care,139.30999755859375
2022-04-14 13:30:00,XLV,Health Care,138.63999938964844
2022-04-18 13:30:00,XLV,Health Care,137.11000061035156
2022-04-19 13:30:00,XLV,Health Care,138.4199981689453
2022-04-20 13:30:00,XLV,Health Care,140.27999877929688
2022-04-21 13:30:00,XLV,Health Care,138.72999572753906
2022-04-22 13:30:00,XLV,Health Care,133.6699981689453
2022-04-25 13:30:00,XLV,Health Care,134.57000732421875
2022-04-26 13:30:00,XLV,Health Care,132.1999969482422
2022-04-27 13:30:00,XLV,Health Care,131.91000366210938
2022-04-28 13:30:00,XLV,Health Care,133.72999572753906
2022-04-29 13:30:00,XLV,Health Care,130.2899932861328
2022-05-02 13:30:00,XLV,Health Care,129.47999572753906
2022-05-03 13:30:00,XLV,Health Care,129.88999938964844
2022-05-04 13:30:00,XLV,Health Care,132.77000427246094
2022-05-05 13:30:00,XLV,Health Care,130.19000244140625
2022-05-06 13:30:00,XLV,Health Care,129.77999877929688
2022-05-09 13:30:00,XLV,Health Care,126.41999816894531
2022-05-10 13:30:00,XLV,Health Care,126.87000274658203
2022-05-11 13:30:00,XLV,Health Care,126.02999877929688
2022-05-12 13:30:00,XLV,Health Care,127.25
2022-05-13 13:30:00,XLV,Health Care,128.60000610351562
2022-05-16 13:30:00,XLV,Health Care,129.5500030517578
2022-05-17 13:30:00,XLV,Health Care,131.3300018310547
2022-05-18 13:30:00,XLV,Health Care,127.94000244140625
2022-05-19 13:30:00,XLV,Health Care,128.22000122070312
2022-05-20 13:30:00,XLV,Health Care,129.77999877929688
2022-05-23 13:30:00,XLV,Health Care,130.9199981689453
2022-05-24 13:30:00,XLV,Health Care,131.30999755859375
2022-05-25 13:30:00,XLV,Health Care,131.27000427246094
2022-05-26 13:30:00,XLV,Health Care,131.8300018310547
2022-05-27 13:30:00,XLV,Health Care,134.02000427246094
2022-05-31 13:30:00,XLV,Health Care,132.22999572753906
2022-06-01 13:30:00,XLV,Health Care,130.3300018310547
2022-06-02 13:30:00,XLV,Health Care,131.36000061035156
2022-06-03 13:30:00,XLV,Health Care,129.82000732421875
2022-06-06 13:30:00,XLV,Health Care,129.83999633789062
2022-06-07 13:30:00,XLV,Health Care,131.52999877929688
2022-06-08 13:30:00,XLV,Health Care,130.49000549316406
2022-06-09 13:30:00,XLV,Health Care,127.54000091552734
2022-06-10 13:30:00,XLV,Health Care,125.48999786376953
2022-06-13 13:30:00,XLV,Health Care,121.69000244140625
2022-06-14 13:30:00,XLV,Health Care,120.52999877929688
2022-06-15 13:30:00,XLV,Health Care,121.75
2022-06-16 13:30:00,XLV,Health Care,119.95999908447266
2022-06-17 13:30:00,XLV,Health Care,119.88999938964844
2022-06-21 13:30:00,XLV,Health Care,122.5999984741211
2022-06-22 13:30:00,XLV,Health Care,124.30000305175781
2022-06-23 13:30:00,XLV,Health Care,127.08999633789062
2022-06-24 13:30:00,XLV,Health Care,129.1999969482422
2022-06-27 13:30:00,XLV,Health Care,129.67999267578125
2022-06-28 13:30:00,XLV,Health Care,127.41999816894531
2022-06-29 13:30:00,XLV,Health Care,128.52999877929688
2022-06-30 13:30:00,XLV,Health Care,128.24000549316406
2022-07-01 13:30:00,XLV,Health Care,129.67999267578125
2022-07-05 13:30:00,XLV,Health Care,128.92999267578125
2022-07-06 13:30:00,XLV,Health Care,129.8000030517578
2022-07-07 13:30:00,XLV,Health Care,130.35000610351562
2022-07-08 13:30:00,XLV,Health Care,130.74000549316406
2022-07-11 13:30:00,XLV,Health Care,130.41000366210938
2022-07-12 13:30:00,XLV,Health Care,128.75
2022-07-13 13:30:00,XLV,Health Care,127.5
2022-07-14 13:30:00,XLV,Health Care,127.12999725341797
2022-07-15 13:30:00,XLV,Health Care,130.1999969482422
2022-07-18 13:30:00,XLV,Health Care,127.44999694824219
2022-07-19 13:30:00,XLV,Health Care,129.6199951171875
2022-07-20 13:30:00,XLV,Health Care,128.33999633789062
2022-07-21 13:30:00,XLV,Health Care,130.3699951171875
2022-07-22 13:30:00,XLV,Health Care,129.8300018310547
2022-07-25 13:30:00,XLV,Health Care,130.50999450683594
2022-07-26 13:30:00,XLV,Health Care,131.17999267578125
2022-07-27 13:30:00,XLV,Health Care,132.0
2022-07-28 13:30:00,XLV,Health Care,132.83999633789062
2022-07-29 13:30:00,XLV,Health Care,132.39999389648438
2022-08-01 13:30:00,XLV,Health Care,131.4199981689453
2022-08-02 13:30:00,XLV,Health Care,130.9499969482422
2022-08-03 13:30:00,XLV,Health Care,132.14999389648438
2022-08-04 13:30:00,XLV,Health Care,131.5
2022-08-05 13:30:00,XLV,Health Care,131.4499969482422
2022-08-08 13:30:00,XLV,Health Care,131.75999450683594
2022-08-09 13:30:00,XLV,Health Care,131.36000061035156
2022-08-10 13:30:00,XLV,Health Care,132.7899932861328
2022-08-11 13:30:00,XLV,Health Care,131.92999267578125
2022-08-12 13:30:00,XLV,Health Care,133.6199951171875
2022-08-15 13:30:00,XLV,Health Care,134.2899932861328
2022-08-16 13:30:00,XLV,Health Care,133.92999267578125
2022-08-17 13:30:00,XLV,Health Care,133.14999389648438
2022-08-18 13:30:00,XLV,Health Care,132.55999755859375
2022-08-19 13:30:00,XLV,Health Care,132.9199981689453
2022-08-22 13:30:00,XLV,Health Care,131.17999267578125
2022-08-23 13:30:00,XLV,Health Care,129.35000610351562
2022-08-24 13:30:00,XLV,Health Care,129.50999450683594
2022-08-25 13:30:00,XLV,Health Care,130.94000244140625
2022-08-26 13:30:00,XLV,Health Care,127.29000091552734
2022-08-29 13:30:00,XLV,Health Care,126.4000015258789
2022-08-30 13:30:00,XLV,Health Care,125.55999755859375
2022-08-31 13:30:00,XLV,Health Care,124.76000213623047
2022-09-01 13:30:00,XLV,Health Care,126.80999755859375
2022-09-02 13:30:00,XLV,Health Care,124.98999786376953
2022-09-06 13:30:00,XLV,Health Care,125.11000061035156
2022-09-07 13:30:00,XLV,Health Care,127.1500015258789
2022-09-08 13:30:00,XLV,Health Care,129.36000061035156
2022-09-09 13:30:00,XLV,Health Care,130.5
2022-09-12 13:30:00,XLV,Health Care,131.3699951171875
2022-09-13 13:30:00,XLV,Health Care,127.02999877929688
2022-09-14 13:30:00,XLV,Health Care,127.0999984741211
2022-09-15 13:30:00,XLV,Health Care,127.80999755859375
2022-09-16 13:30:00,XLV,Health Care,127.44999694824219
2022-09-19 13:30:00,XLV,Health Care,126.26000213623047
2022-09-20 13:30:00,XLV,Health Care,124.77999877929688
2022-09-21 13:30:00,XLV,Health Care,122.70999908447266
2022-09-22 13:30:00,XLV,Health Care,123.36000061035156
2022-09-23 13:30:00,XLV,Health Care,122.7300033569336
2022-09-26 13:30:00,XLV,Health Care,121.55999755859375
2022-09-27 13:30:00,XLV,Health Care,121.19000244140625
2022-09-28 13:30:00,XLV,Health Care,123.83999633789062
2022-09-29 13:30:00,XLV,Health Care,122.80000305175781
2022-09-30 13:30:00,XLV,Health Care,121.11000061035156
2022-10-03 13:30:00,XLV,Health Care,123.5999984741211
2022-10-04 13:30:00,XLV,Health Care,126.47000122070312
2022-10-05 13:30:00,XLV,Health Care,126.88999938964844
2022-10-06 13:30:00,XLV,Health Care,125.2699966430664
2022-10-07 13:30:00,XLV,Health Care,122.62000274658203
2022-10-10 13:30:00,XLV,Health Care,121.8499984741211
2022-10-11 13:30:00,XLV,Health Care,122.5
2022-10-12 13:30:00,XLV,Health Care,121.9000015258789
2022-10-13 13:30:00,XLV,Health Care,124.73999786376953
2022-10-14 13:30:00,XLV,Health Care,123.9000015258789
2022-10-17 13:30:00,XLV,Health Care,125.88999938964844
2022-10-18 13:30:00,XLV,Health Care,126.58999633789062
2022-10-19 13:30:00,XLV,Health Care,124.81999969482422
2022-10-20 13:30:00,XLV,Health Care,123.76000213623047
2022-10-21 13:30:00,XLV,Health Care,126.54000091552734
2022-10-24 13:30:00,XLV,Health Care,128.97999572753906
2022-10-25 13:30:00,XLV,Health Care,129.9600067138672
2022-10-26 13:30:00,XLV,Health Care,131.39999389648438
2022-10-27 13:30:00,XLV,Health Care,130.7100067138672
2022-10-28 13:30:00,XLV,Health Care,132.86000061035156
2022-10-31 13:30:00,XLV,Health Care,132.75
2022-11-01 13:30:00,XLV,Health Care,132.8300018310547
2022-11-02 13:30:00,XLV,Health Care,130.57000732421875
2022-11-03 13:30:00,XLV,Health Care,130.02000427246094
2022-11-04 13:30:00,XLV,Health Care,130.80999755859375
2022-11-07 14:30:00,XLV,Health Care,132.2100067138672
2022-11-08 14:30:00,XLV,Health Care,132.8699951171875
2022-11-09 14:30:00,XLV,Health Care,131.44000244140625
2022-11-10 14:30:00,XLV,Health Care,134.77999877929688
2022-11-11 14:30:00,XLV,Health Care,133.1300048828125
2022-11-14 14:30:00,XLV,Health Care,133.25
2022-11-15 14:30:00,XLV,Health Care,133.0800018310547
2022-11-16 14:30:00,XLV,Health Care,133.02000427246094
2022-11-17 14:30:00,XLV,Health Care,132.9600067138672
2022-11-18 14:30:00,XLV,Health Care,134.57000732421875
2022-11-21 14:30:00,XLV,Health Care,134.6300048828125
2022-11-22 14:30:00,XLV,Health Care,135.8000030517578
2022-11-23 14:30:00,XLV,Health Care,136.33999633789062
2022-11-25 14:30:00,XLV,Health Care,137.14999389648438
2022-11-28 14:30:00,XLV,Health Care,136.1199951171875
2022-11-29 14:30:00,XLV,Health Care,135.77999877929688
2022-11-30 14:30:00,XLV,Health Care,139.02000427246094
2022-12-01 14:30:00,XLV,Health Care,139.4199981689453
2022-12-02 14:30:00,XLV,Health Care,139.77999877929688
2022-12-05 14:30:00,XLV,Health Care,138.44000244140625
2022-12-06 14:30:00,XLV,Health Care,137.38999938964844
2022-12-07 14:30:00,XLV,Health Care,138.52000427246094
2022-12-08 14:30:00,XLV,Health Care,139.77000427246094
2022-12-09 14:30:00,XLV,Health Care,137.97999572753906
2022-12-12 14:30:00,XLV,Health Care,139.4499969482422
2022-12-13 14:30:00,XLV,Health Care,139.8800048828125
2022-12-14 14:30:00,XLV,Health Care,140.10000610351562
2022-12-15 14:30:00,XLV,Health Care,137.52999877929688
2022-12-16 14:30:00,XLV,Health Care,135.52999877929688
2022-12-19 14:30:00,XLV,Health Care,134.47000122070312
2022-12-20 14:30:00,XLV,Health Care,134.44000244140625
2022-12-21 14:30:00,XLV,Health Care,136.2100067138672
2022-12-22 14:30:00,XLV,Health Care,136.02000427246094
2022-12-23 14:30:00,XLV,Health Care,136.10000610351562
2022-12-27 14:30:00,XLV,Health Care,135.75
2022-12-28 14:30:00,XLV,Health Care,134.8699951171875
2022-12-29 14:30:00,XLV,Health Care,136.33999633789062
2022-12-30 14:30:00,XLV,Health Care,135.85000610351562
2023-01-03 14:30:00,XLV,Health Care,135.4600067138672
2023-01-04 14:30:00,XLV,Health Care,135.82000732421875
2023-01-05 14:30:00,XLV,Health Care,134.42999267578125
2023-01-06 14:30:00,XLV,Health Care,135.6699981689453
2023-01-09 14:30:00,XLV,Health Care,133.39999389648438
2023-01-10 14:30:00,XLV,Health Care,134.52000427246094
2023-01-11 14:30:00,XLV,Health Care,135.27999877929688
2023-01-12 14:30:00,XLV,Health Care,134.85000610351562
2023-01-13 14:30:00,XLV,Health Care,135.4499969482422
2023-01-17 14:30:00,XLV,Health Care,134.82000732421875
2023-01-18 14:30:00,XLV,Health Care,132.9199981689453
2023-01-19 14:30:00,XLV,Health Care,133.24000549316406
2023-01-20 14:30:00,XLV,Health Care,133.91000366210938
2023-01-23 14:30:00,XLV,Health Care,134.3699951171875
2023-01-24 14:30:00,XLV,Health Care,133.47999572753906
2023-01-25 14:30:00,XLV,Health Care,133.52000427246094
2023-01-26 14:30:00,XLV,Health Care,133.77000427246094
2023-01-27 14:30:00,XLV,Health Care,132.86000061035156
2023-01-30 14:30:00,XLV,Health Care,131.66000366210938
2023-01-31 14:30:00,XLV,Health Care,133.36000061035156
2023-02-01 14:30:00,XLV,Health Care,133.99000549316406
2023-02-02 14:30:00,XLV,Health Care,133.0800018310547
2023-02-03 14:30:00,XLV,Health Care,132.69000244140625
2023-02-06 14:30:00,XLV,Health Care,131.9499969482422
2023-02-07 14:30:00,XLV,Health Care,132.8000030517578
2023-02-08 14:30:00,XLV,Health Care,132.41000366210938
2023-02-09 14:30:00,XLV,Health Care,131.25
2023-02-10 14:30:00,XLV,Health Care,132.49000549316406
2023-02-13 14:30:00,XLV,Health Care,133.58999633789062
2023-02-14 14:30:00,XLV,Health Care,132.8000030517578
2023-02-15 14:30:00,XLV,Health Care,132.13999938964844
2023-02-16 14:30:00,XLV,Health Care,130.82000732421875
2023-02-17 14:30:00,XLV,Health Care,131.99000549316406
2023-02-21 14:30:00,XLV,Health Care,130.27999877929688
2023-02-22 14:30:00,XLV,Health Care,129.83999633789062
2023-02-23 14:30:00,XLV,Health Care,130.19000244140625
2023-02-24 14:30:00,XLV,Health Care,128.50999450683594
2023-02-27 14:30:00,XLV,Health Care,128.1199951171875
2023-02-28 14:30:00,XLV,Health Care,127.16999816894531
2023-03-01 14:30:00,XLV,Health Care,126.95999908447266
2023-03-02 14:30:00,XLV,Health Care,127.73999786376953
2023-03-03 14:30:00,XLV,Health Care,129.1699981689453
2023-03-06 14:30:00,XLV,Health Care,129.11000061035156
2023-03-07 14:30:00,XLV,Health Care,127.02999877929688
2023-03-08 14:30:00,XLV,Health Care,126.3499984741211
2023-03-09 14:30:00,XLV,Health Care,125.06999969482422
2023-03-10 14:30:00,XLV,Health Care,124.1500015258789
2023-03-13 13:30:00,XLV,Health Care,125.30999755859375
2023-03-14 13:30:00,XLV,Health Care,126.43000030517578
2023-03-15 13:30:00,XLV,Health Care,126.31999969482422
2023-03-16 13:30:00,XLV,Health Care,127.5
2023-03-17 13:30:00,XLV,Health Care,125.86000061035156
2023-03-20 13:30:00,XLV,Health Care,126.95999908447266
2023-03-21 13:30:00,XLV,Health Care,127.7300033569336
2023-03-22 13:30:00,XLV,Health Care,125.80000305175781
2023-03-23 13:30:00,XLV,Health Care,125.55999755859375
2023-03-24 13:30:00,XLV,Health Care,127.30000305175781
2023-03-27 13:30:00,XLV,Health Care,127.81999969482422
2023-03-28 13:30:00,XLV,Health Care,127.05000305175781
2023-03-29 13:30:00,XLV,Health Care,127.4000015258789
2023-03-30 13:30:00,XLV,Health Care,128.08999633789062
2023-03-31 13:30:00,XLV,Health Care,129.4600067138672
2023-04-03 13:30:00,XLV,Health Care,130.91000366210938
2023-04-04 13:30:00,XLV,Health Care,130.92999267578125
2023-04-05 13:30:00,XLV,Health Care,133.19000244140625
2023-04-06 13:30:00,XLV,Health Care,133.52000427246094
2023-04-10 13:30:00,XLV,Health Care,133.42999267578125
2023-04-11 13:30:00,XLV,Health Care,133.8800048828125
2023-04-12 13:30:00,XLV,Health Care,133.9199981689453
2023-04-13 13:30:00,XLV,Health Care,135.66000366210938
2023-04-14 13:30:00,XLV,Health Care,134.57000732421875
2023-04-17 13:30:00,XLV,Health Care,134.4600067138672
2023-04-18 13:30:00,XLV,Health Care,133.5399932861328
2023-04-19 13:30:00,XLV,Health Care,133.9499969482422
2023-04-20 13:30:00,XLV,Health Care,133.39999389648438
2023-04-21 13:30:00,XLV,Health Care,134.3000030517578
2023-04-24 13:30:00,XLV,Health Care,135.0500030517578
2023-04-25 13:30:00,XLV,Health Care,133.61000061035156
2023-04-26 13:30:00,XLV,Health Care,131.7100067138672
2023-04-27 13:30:00,XLV,Health Care,132.39999389648438
2023-04-28 13:30:00,XLV,Health Care,133.52999877929688
2023-05-01 13:30:00,XLV,Health Care,134.22000122070312
2023-05-02 13:30:00,XLV,Health Care,133.63999938964844
2023-05-03 13:30:00,XLV,Health Care,133.4600067138672
2023-05-04 13:30:00,XLV,Health Care,132.39999389648438
2023-05-05 13:30:00,XLV,Health Care,133.58999633789062
2023-05-08 13:30:00,XLV,Health Care,133.3000030517578
2023-05-09 13:30:00,XLV,Health Care,132.41000366210938
2023-05-10 13:30:00,XLV,Health Care,132.77999877929688
2023-05-11 13:30:00,XLV,Health Care,132.3699951171875
2023-05-12 13:30:00,XLV,Health Care,132.19000244140625
2023-05-15 13:30:00,XLV,Health Care,131.9600067138672
2023-05-16 13:30:00,XLV,Health Care,130.86000061035156
2023-05-17 13:30:00,XLV,Health Care,131.02000427246094
2023-05-18 13:30:00,XLV,Health Care,130.6999969482422
2023-05-19 13:30:00,XLV,Health Care,131.30999755859375
2023-05-22 13:30:00,XLV,Health Care,131.44000244140625
2023-05-23 13:30:00,XLV,Health Care,130.0
2023-05-24 13:30:00,XLV,Health Care,129.11000061035156
2023-05-25 13:30:00,XLV,Health Care,127.79000091552734
2023-05-26 13:30:00,XLV,Health Care,127.52999877929688
2023-05-30 13:30:00,XLV,Health Care,126.73999786376953
2023-05-31 13:30:00,XLV,Health Care,127.83000183105469
2023-06-01 13:30:00,XLV,Health Care,128.6699981689453
2023-06-02 13:30:00,XLV,Health Care,130.32000732421875
2023-06-05 13:30:00,XLV,Health Care,130.7899932861328
2023-06-06 13:30:00,XLV,Health Care,129.6999969482422
2023-06-07 13:30:00,XLV,Health Care,129.19000244140625
2023-06-08 13:30:00,XLV,Health Care,130.02000427246094
2023-06-09 13:30:00,XLV,Health Care,130.4199981689453
2023-06-12 13:30:00,XLV,Health Care,130.88999938964844
2023-06-13 13:30:00,XLV,Health Care,131.5500030517578
2023-06-14 13:30:00,XLV,Health Care,130.1999969482422
2023-06-15 13:30:00,XLV,Health Care,132.22000122070312
2023-06-16 13:30:00,XLV,Health Care,132.2100067138672
2023-06-20 13:30:00,XLV,Health Care,131.52000427246094
2023-06-21 13:30:00,XLV,Health Care,131.5399932861328
2023-06-22 13:30:00,XLV,Health Care,132.44000244140625
2023-06-23 13:30:00,XLV,Health Care,132.0
2023-06-26 13:30:00,XLV,Health Care,131.25
2023-06-27 13:30:00,XLV,Health Care,130.9499969482422
2023-06-28 13:30:00,XLV,Health Care,130.52999877929688
2023-06-29 13:30:00,XLV,Health Care,131.3800048828125
2023-06-30 13:30:00,XLV,Health Care,132.72999572753906
2023-07-03 13:30:00,XLV,Health Care,131.63999938964844
2023-07-05 13:30:00,XLV,Health Care,131.57000732421875
2023-07-06 13:30:00,XLV,Health Care,130.52000427246094
2023-07-07 13:30:00,XLV,Health Care,129.0
2023-07-10 13:30:00,XLV,Health Care,130.02000427246094
2023-07-11 13:30:00,XLV,Health Care,130.0500030517578
2023-07-12 13:30:00,XLV,Health Care,129.6999969482422
2023-07-13 13:30:00,XLV,Health Care,129.75
2023-07-14 13:30:00,XLV,Health Care,131.6999969482422
2023-07-17 13:30:00,XLV,Health Care,131.10000610351562
2023-07-18 13:30:00,XLV,Health Care,132.07000732421875
2023-07-19 13:30:00,XLV,Health Care,132.67999267578125
2023-07-20 13:30:00,XLV,Health Care,134.8800048828125
2023-07-21 13:30:00,XLV,Health Care,136.24000549316406
2023-07-24 13:30:00,XLV,Health Care,135.94000244140625
2023-07-25 13:30:00,XLV,Health Care,135.8800048828125
2023-07-26 13:30:00,XLV,Health Care,135.7899932861328
2023-07-27 13:30:00,XLV,Health Care,134.7899932861328
2023-07-28 13:30:00,XLV,Health Care,135.19000244140625
2023-07-31 13:30:00,XLV,Health Care,134.14999389648438
2023-08-01 13:30:00,XLV,Health Care,133.4499969482422
2023-08-02 13:30:00,XLV,Health Care,133.5399932861328
2023-08-03 13:30:00,XLV,Health Care,132.8699951171875
2023-08-04 13:30:00,XLV,Health Care,132.39999389648438
2023-08-07 13:30:00,XLV,Health Care,133.92999267578125
2023-08-08 13:30:00,XLV,Health Care,134.9600067138672
2023-08-09 13:30:00,XLV,Health Care,134.9199981689453
2023-08-10 13:30:00,XLV,Health Care,134.8300018310547
2023-08-11 13:30:00,XLV,Health Care,135.6699981689453
2023-08-14 13:30:00,XLV,Health Care,136.0800018310547
2023-08-15 13:30:00,XLV,Health Care,135.5800018310547
2023-08-16 13:30:00,XLV,Health Care,134.5500030517578
2023-08-17 13:30:00,XLV,Health Care,133.47999572753906
2023-08-18 13:30:00,XLV,Health Care,133.52999877929688
2023-08-21 13:30:00,XLV,Health Care,133.6699981689453
2023-08-22 13:30:00,XLV,Health Care,133.1999969482422
2023-08-23 13:30:00,XLV,Health Care,133.60000610351562
2023-08-24 13:30:00,XLV,Health Care,132.44000244140625
2023-08-25 13:30:00,XLV,Health Care,133.41000366210938
2023-08-28 13:30:00,XLV,Health Care,133.72000122070312
2023-08-29 13:30:00,XLV,Health Care,134.9199981689453
2023-08-30 13:30:00,XLV,Health Care,134.82000732421875
2023-08-31 13:30:00,XLV,Health Care,133.2100067138672
2023-09-01 13:30:00,XLV,Health Care,133.57000732421875
2023-09-05 13:30:00,XLV,Health Care,132.19000244140625
2023-09-06 13:30:00,XLV,Health Care,131.47000122070312
2023-09-07 13:30:00,XLV,Health Care,132.05999755859375
2023-09-08 13:30:00,XLV,Health Care,132.05999755859375
2023-09-11 13:30:00,XLV,Health Care,132.97000122070312
2023-09-12 13:30:00,XLV,Health Care,132.8000030517578
2023-09-13 13:30:00,XLV,Health Care,132.82000732421875
2023-09-14 13:30:00,XLV,Health Care,133.24000549316406
2023-09-15 13:30:00,XLV,Health Care,132.19000244140625
2023-09-18 13:30:00,XLV,Health Care,131.4499969482422
2023-09-19 13:30:00,XLV,Health Care,131.55999755859375
2023-09-20 13:30:00,XLV,Health Care,131.57000732421875
2023-09-21 13:30:00,XLV,Health Care,130.4199981689453
2023-09-22 13:30:00,XLV,Health Care,130.14999389648438
2023-09-25 13:30:00,XLV,Health Care,130.86000061035156
2023-09-26 13:30:00,XLV,Health Care,129.75
2023-09-27 13:30:00,XLV,Health Care,129.10000610351562
2023-09-28 13:30:00,XLV,Health Care,129.72000122070312
2023-09-29 13:30:00,XLV,Health Care,128.74000549316406
2023-10-02 13:30:00,XLV,Health Care,128.55999755859375
2023-10-03 13:30:00,XLV,Health Care,127.41999816894531
2023-10-04 13:30:00,XLV,Health Care,127.95999908447266
2023-10-05 13:30:00,XLV,Health Care,128.66000366210938
2023-10-06 13:30:00,XLV,Health Care,130.00999450683594
2023-10-09 13:30:00,XLV,Health Care,130.4600067138672
2023-10-10 13:30:00,XLV,Health Care,131.0800018310547
2023-10-11 13:30:00,XLV,Health Care,130.5
2023-10-12 13:30:00,XLV,Health Care,129.3800048828125
2023-10-13 13:30:00,XLV,Health Care,130.19000244140625
2023-10-16 13:30:00,XLV,Health Care,131.1699981689453
2023-10-17 13:30:00,XLV,Health Care,130.99000549316406
2023-10-18 13:30:00,XLV,Health Care,129.85000610351562
2023-10-19 13:30:00,XLV,Health Care,128.57000732421875
2023-10-20 13:30:00,XLV,Health Care,128.05999755859375
2023-10-23 13:30:00,XLV,Health Care,127.26000213623047
2023-10-24 13:30:00,XLV,Health Care,127.6500015258789
2023-10-25 13:30:00,XLV,Health Care,126.51000213623047
2023-10-26 13:30:00,XLV,Health Care,125.26000213623047
2023-10-27 13:30:00,XLV,Health Care,123.13999938964844
2023-10-30 13:30:00,XLV,Health Care,123.83000183105469
2023-10-31 13:30:00,XLV,Health Care,124.54000091552734
2023-11-01 13:30:00,XLV,Health Care,124.80000305175781
2023-11-02 13:30:00,XLV,Health Care,126.77999877929688
2023-11-03 13:30:00,XLV,Health Care,127.41000366210938
2023-11-06 14:30:00,XLV,Health Care,128.25999450683594
2023-11-07 14:30:00,XLV,Health Care,128.35000610351562
2023-11-08 14:30:00,XLV,Health Care,128.1699981689453
2023-11-09 14:30:00,XLV,Health Care,125.5199966430664
2023-11-10 14:30:00,XLV,Health Care,126.2699966430664
2023-11-13 14:30:00,XLV,Health Care,127.0
2023-11-14 14:30:00,XLV,Health Care,127.86000061035156
2023-11-15 14:30:00,XLV,Health Care,127.95999908447266
2023-11-16 14:30:00,XLV,Health Care,128.50999450683594
2023-11-17 14:30:00,XLV,Health Care,128.25
2023-11-20 14:30:00,XLV,Health Care,129.02999877929688
2023-11-21 14:30:00,XLV,Health Care,129.80999755859375
2023-11-22 14:30:00,XLV,Health Care,130.42999267578125
2023-11-24 14:30:00,XLV,Health Care,131.1300048828125
2023-11-27 14:30:00,XLV,Health Care,130.30999755859375
2023-11-28 14:30:00,XLV,Health Care,129.63999938964844
2023-11-29 14:30:00,XLV,Health Care,129.67999267578125
2023-11-30 14:30:00,XLV,Health Care,131.30999755859375
2023-12-01 14:30:00,XLV,Health Care,131.8300018310547
2023-12-04 14:30:00,XLV,Health Care,132.0800018310547
2023-12-05 14:30:00,XLV,Health Care,131.91000366210938
2023-12-06 14:30:00,XLV,Health Care,132.00999450683594
2023-12-07 14:30:00,XLV,Health Care,131.85000610351562
2023-12-08 14:30:00,XLV,Health Care,132.07000732421875
2023-12-11 14:30:00,XLV,Health Care,132.94000244140625
2023-12-12 14:30:00,XLV,Health Care,133.50999450683594
2023-12-13 14:30:00,XLV,Health Care,135.97000122070312
2023-12-14 14:30:00,XLV,Health Care,135.30999755859375
2023-12-15 14:30:00,XLV,Health Care,134.16000366210938
2023-12-18 14:30:00,XLV,Health Care,133.77999877929688
2023-12-19 14:30:00,XLV,Health Care,134.67999267578125
2023-12-20 14:30:00,XLV,Health Care,132.72999572753906
2023-12-21 14:30:00,XLV,Health Care,134.35000610351562
2023-12-22 14:30:00,XLV,Health Care,135.02000427246094
2023-12-26 14:30:00,XLV,Health Care,135.32000732421875
2023-12-27 14:30:00,XLV,Health Care,135.88999938964844
2023-12-28 14:30:00,XLV,Health Care,136.24000549316406
2023-12-29 14:30:00,XLV,Health Care,136.3800048828125
2024-01-02 14:30:00,XLV,Health Care,138.77999877929688
2024-01-03 14:30:00,XLV,Health Care,138.5500030517578
2024-01-04 14:30:00,XLV,Health Care,139.24000549316406
2024-01-05 14:30:00,XLV,Health Care,139.1199951171875
2024-01-08 14:30:00,XLV,Health Care,140.35000610351562
2024-01-09 14:30:00,XLV,Health Care,140.3300018310547
2024-01-10 14:30:00,XLV,Health Care,140.97000122070312
2024-01-11 14:30:00,XLV,Health Care,140.8699951171875
2024-01-12 14:30:00,XLV,Health Care,140.52000427246094
2024-01-16 14:30:00,XLV,Health Care,139.67999267578125
2024-01-17 14:30:00,XLV,Health Care,139.39999389648438
2024-01-18 14:30:00,XLV,Health Care,139.3800048828125
2024-01-19 14:30:00,XLV,Health Care,139.4600067138672
2024-01-22 14:30:00,XLV,Health Care,140.07000732421875
2024-01-23 14:30:00,XLV,Health Care,139.97000122070312
2024-01-24 14:30:00,XLV,Health Care,138.69000244140625
2024-01-25 14:30:00,XLV,Health Care,138.47999572753906
2024-01-26 14:30:00,XLV,Health Care,139.27000427246094
2024-01-29 14:30:00,XLV,Health Care,140.25
2024-01-30 14:30:00,XLV,Health Care,140.57000732421875
2024-01-31 14:30:00,XLV,Health Care,140.3800048828125
2024-02-01 14:30:00,XLV,Health Care,142.1999969482422
2024-02-02 14:30:00,XLV,Health Care,141.99000549316406
2024-02-05 14:30:00,XLV,Health Care,142.42999267578125
2024-02-06 14:30:00,XLV,Health Care,143.97999572753906
2024-02-07 14:30:00,XLV,Health Care,144.3699951171875
2024-02-08 14:30:00,XLV,Health Care,144.1199951171875
2024-02-09 14:30:00,XLV,Health Care,144.00999450683594
2024-02-12 14:30:00,XLV,Health Care,144.1999969482422
2024-02-13 14:30:00,XLV,Health Care,142.86000061035156
2024-02-14 14:30:00,XLV,Health Care,144.10000610351562
2024-02-15 14:30:00,XLV,Health Care,145.14999389648438
2024-02-16 14:30:00,XLV,Health Care,145.6199951171875
2024-02-20 14:30:00,XLV,Health Care,145.1300048828125
2024-02-21 14:30:00,XLV,Health Care,145.4499969482422
2024-02-22 14:30:00,XLV,Health Care,147.16000366210938
2024-02-23 14:30:00,XLV,Health Care,147.86000061035156
2024-02-26 14:30:00,XLV,Health Care,147.10000610351562
2024-02-27 14:30:00,XLV,Health Care,146.74000549316406
2024-02-28 14:30:00,XLV,Health Care,146.00999450683594
2024-02-29 14:30:00,XLV,Health Care,144.82000732421875
2024-03-01 14:30:00,XLV,Health Care,146.33999633789062
2024-03-04 14:30:00,XLV,Health Care,146.1199951171875
2024-03-05 14:30:00,XLV,Health Care,145.02999877929688
2024-03-06 14:30:00,XLV,Health Care,146.02000427246094
2024-03-07 14:30:00,XLV,Health Care,146.6999969482422
2024-03-08 14:30:00,XLV,Health Care,146.42999267578125
2024-03-11 13:30:00,XLV,Health Care,146.35000610351562
2024-03-12 13:30:00,XLV,Health Care,147.02999877929688
2024-03-13 13:30:00,XLV,Health Care,146.4600067138672
2024-03-14 13:30:00,XLV,Health Care,145.94000244140625
2024-03-15 13:30:00,XLV,Health Care,145.36000061035156
2024-03-18 13:30:00,XLV,Health Care,144.82000732421875
2024-03-19 13:30:00,XLV,Health Care,145.77999877929688
2024-03-20 13:30:00,XLV,Health Care,145.4499969482422
2024-03-21 13:30:00,XLV,Health Care,145.63999938964844
2024-03-22 13:30:00,XLV,Health Care,145.44000244140625
2024-03-25 13:30:00,XLV,Health Care,145.24000549316406
2024-03-26 13:30:00,XLV,Health Care,145.77000427246094
2024-03-27 13:30:00,XLV,Health Care,147.7100067138672
2024-03-28 13:30:00,XLV,Health Care,147.72999572753906
2024-04-01 13:30:00,XLV,Health Care,146.47000122070312
2024-04-02 13:30:00,XLV,Health Care,144.19000244140625
2024-04-03 13:30:00,XLV,Health Care,144.02999877929688
2024-04-04 13:30:00,XLV,Health Care,141.9499969482422
2024-04-05 13:30:00,XLV,Health Care,143.22000122070312
2024-04-08 13:30:00,XLV,Health Care,142.75999450683594
2024-04-09 13:30:00,XLV,Health Care,143.27000427246094
2024-04-10 13:30:00,XLV,Health Care,141.58999633789062
2024-04-11 13:30:00,XLV,Health Care,141.00999450683594
2024-04-12 13:30:00,XLV,Health Care,138.91000366210938
2024-04-15 13:30:00,XLV,Health Care,138.6300048828125
2024-04-16 13:30:00,XLV,Health Care,138.67999267578125
2024-04-17 13:30:00,XLV,Health Care,138.44000244140625
2024-04-18 13:30:00,XLV,Health Care,138.42999267578125
2024-04-19 13:30:00,XLV,Health Care,138.9499969482422
2024-04-22 13:30:00,XLV,Health Care,139.47999572753906
2024-04-23 13:30:00,XLV,Health Care,141.3000030517578
2024-04-24 13:30:00,XLV,Health Care,140.86000061035156
2024-04-25 13:30:00,XLV,Health Care,139.9199981689453
2024-04-26 13:30:00,XLV,Health Care,139.9600067138672
2024-04-29 13:30:00,XLV,Health Care,140.42999267578125
2024-04-30 13:30:00,XLV,Health Care,140.3300018310547
2024-05-01 13:30:00,XLV,Health Care,140.5800018310547
2024-05-02 13:30:00,XLV,Health Care,140.47999572753906
2024-05-03 13:30:00,XLV,Health Care,140.8300018310547
2024-05-06 13:30:00,XLV,Health Care,141.39999389648438
2024-05-07 13:30:00,XLV,Health Care,142.57000732421875
2024-05-08 13:30:00,XLV,Health Care,142.0800018310547
2024-05-09 13:30:00,XLV,Health Care,143.3000030517578
2024-05-10 13:30:00,XLV,Health Care,143.58999633789062
2024-05-13 13:30:00,XLV,Health Care,143.4499969482422
2024-05-14 13:30:00,XLV,Health Care,144.05999755859375
2024-05-15 13:30:00,XLV,Health Care,146.1999969482422
2024-05-16 13:30:00,XLV,Health Care,146.02999877929688
2024-05-17 13:30:00,XLV,Health Care,146.30999755859375
2024-05-20 13:30:00,XLV,Health Care,146.0
2024-05-21 13:30:00,XLV,Health Care,146.25
2024-05-22 13:30:00,XLV,Health Care,146.50999450683594
2024-05-23 13:30:00,XLV,Health Care,144.91000366210938
2024-05-24 13:30:00,XLV,Health Care,144.4199981689453
2024-05-28 13:30:00,XLV,Health Care,142.6699981689453
2024-05-29 13:30:00,XLV,Health Care,141.55999755859375
2024-05-30 13:30:00,XLV,Health Care,141.6300048828125
2024-05-31 13:30:00,XLV,Health Care,143.6999969482422
2024-06-03 13:30:00,XLV,Health Care,144.7100067138672
2024-06-04 13:30:00,XLV,Health Care,145.1300048828125
2024-06-05 13:30:00,XLV,Health Care,145.7899932861328
2024-06-06 13:30:00,XLV,Health Care,146.27000427246094
2024-06-07 13:30:00,XLV,Health Care,146.42999267578125
2024-06-10 13:30:00,XLV,Health Care,146.97000122070312
2024-06-11 13:30:00,XLV,Health Care,146.36000061035156
2024-06-12 13:30:00,XLV,Health Care,146.0500030517578
2024-06-13 13:30:00,XLV,Health Care,145.92999267578125
2024-06-14 13:30:00,XLV,Health Care,145.8800048828125
2024-06-17 13:30:00,XLV,Health Care,145.72999572753906
2024-06-18 13:30:00,XLV,Health Care,145.9199981689453
2024-06-20 13:30:00,XLV,Health Care,146.39999389648438
2024-06-21 13:30:00,XLV,Health Care,146.80999755859375
2024-06-24 13:30:00,XLV,Health Care,147.08999633789062
2024-06-25 13:30:00,XLV,Health Care,146.6300048828125
2024-06-26 13:30:00,XLV,Health Care,146.11000061035156
2024-06-27 13:30:00,XLV,Health Care,145.8699951171875
2024-06-28 13:30:00,XLV,Health Care,145.75
2024-07-01 13:30:00,XLV,Health Care,144.92999267578125
2024-07-02 13:30:00,XLV,Health Care,144.39999389648438
2024-07-03 13:30:00,XLV,Health Care,143.3000030517578
2024-07-05 13:30:00,XLV,Health Care,144.41000366210938
2024-07-08 13:30:00,XLV,Health Care,144.25
2024-07-09 13:30:00,XLV,Health Care,144.9499969482422
2024-07-10 13:30:00,XLV,Health Care,146.32000732421875
2024-07-11 13:30:00,XLV,Health Care,147.35000610351562
2024-07-12 13:30:00,XLV,Health Care,148.27000427246094
2024-07-15 13:30:00,XLV,Health Care,147.75
2024-07-16 13:30:00,XLV,Health Care,149.86000061035156
2024-07-17 13:30:00,XLV,Health Care,150.5399932861328
2024-07-18 13:30:00,XLV,Health Care,147.1199951171875
2024-07-19 13:30:00,XLV,Health Care,147.8699951171875
2024-07-22 13:30:00,XLV,Health Care,148.72000122070312
2024-07-23 13:30:00,XLV,Health Care,148.6300048828125
2024-07-24 13:30:00,XLV,Health Care,149.8699951171875
2024-07-25 13:30:00,XLV,Health Care,149.1199951171875
2024-07-26 13:30:00,XLV,Health Care,149.9600067138672
2024-07-29 13:30:00,XLV,Health Care,150.0500030517578
2024-07-30 13:30:00,XLV,Health Care,150.17999267578125
2024-07-31 13:30:00,XLV,Health Care,149.6300048828125
2024-08-01 13:30:00,XLV,Health Care,151.16000366210938
2024-08-02 13:30:00,XLV,Health Care,150.86000061035156
2024-08-05 13:30:00,XLV,Health Care,146.8300018310547
2024-08-06 13:30:00,XLV,Health Care,147.50999450683594
2024-08-07 13:30:00,XLV,Health Care,146.00999450683594
2024-08-08 13:30:00,XLV,Health Care,149.24000549316406
2024-08-09 13:30:00,XLV,Health Care,149.97999572753906
2024-08-12 13:30:00,XLV,Health Care,149.41000366210938
2024-08-13 13:30:00,XLV,Health Care,151.22000122070312
2024-08-14 13:30:00,XLV,Health Care,151.75999450683594
2024-08-15 13:30:00,XLV,Health Care,152.7100067138672
2024-08-16 13:30:00,XLV,Health Care,152.8699951171875
2024-08-19 13:30:00,XLV,Health Care,153.8000030517578
2024-08-20 13:30:00,XLV,Health Care,154.4199981689453
2024-08-21 13:30:00,XLV,Health Care,154.67999267578125
2024-08-22 13:30:00,XLV,Health Care,154.77999877929688
2024-08-23 13:30:00,XLV,Health Care,155.4499969482422
2024-08-26 13:30:00,XLV,Health Care,155.3699951171875
2024-08-27 13:30:00,XLV,Health Care,155.61000061035156
2024-08-28 13:30:00,XLV,Health Care,155.7899932861328
2024-08-29 13:30:00,XLV,Health Care,156.1199951171875
2024-08-30 13:30:00,XLV,Health Care,157.1999969482422
2024-09-03 13:30:00,XLV,Health Care,156.89999389648438
2024-09-04 13:30:00,XLV,Health Care,156.6300048828125
2024-09-05 13:30:00,XLV,Health Care,154.47999572753906
2024-09-06 13:30:00,XLV,Health Care,153.9499969482422
2024-09-09 13:30:00,XLV,Health Care,155.02999877929688
2024-09-10 13:30:00,XLV,Health Care,155.74000549316406
2024-09-11 13:30:00,XLV,Health Care,155.27999877929688
2024-09-12 13:30:00,XLV,Health Care,155.83999633789062
2024-09-13 13:30:00,XLV,Health Care,156.16000366210938
2024-09-16 13:30:00,XLV,Health Care,157.24000549316406
2024-09-17 13:30:00,XLV,Health Care,155.6199951171875
2024-09-18 13:30:00,XLV,Health Care,155.36000061035156
2024-09-19 13:30:00,XLV,Health Care,155.9199981689453
2024-09-20 13:30:00,XLV,Health Care,155.27999877929688
2024-09-23 13:30:00,XLV,Health Care,154.39999389648438
2024-09-24 13:30:00,XLV,Health Care,154.08999633789062
2024-09-25 13:30:00,XLV,Health Care,152.58999633789062
2024-09-26 13:30:00,XLV,Health Care,153.10000610351562
2024-09-27 13:30:00,XLV,Health Care,153.02000427246094
2024-09-30 13:30:00,XLV,Health Care,154.02000427246094
2024-10-01 13:30:00,XLV,Health Care,153.2100067138672
2024-10-02 13:30:00,XLV,Health Care,152.89999389648438
2024-10-03 13:30:00,XLV,Health Care,151.52000427246094
2024-10-04 13:30:00,XLV,Health Care,151.63999938964844
2024-10-07 13:30:00,XLV,Health Care,150.97000122070312
2024-10-08 13:30:00,XLV,Health Care,151.7899932861328
2024-10-09 13:30:00,XLV,Health Care,153.33999633789062
2024-10-10 13:30:00,XLV,Health Care,152.77000427246094
2024-10-11 13:30:00,XLV,Health Care,153.88999938964844
2024-10-14 13:30:00,XLV,Health Care,154.74000549316406
2024-10-15 13:30:00,XLV,Health Care,152.85000610351562
2024-10-16 13:30:00,XLV,Health Care,153.27999877929688
2024-10-17 13:30:00,XLV,Health Care,152.38999938964844
2024-10-18 13:30:00,XLV,Health Care,153.1300048828125
2024-10-21 13:30:00,XLV,Health Care,151.3300018310547
2024-10-22 13:30:00,XLV,Health Care,151.11000061035156
2024-10-23 13:30:00,XLV,Health Care,150.39999389648438
2024-10-24 13:30:00,XLV,Health Care,149.41000366210938
2024-10-25 13:30:00,XLV,Health Care,148.58999633789062
2024-10-28 13:30:00,XLV,Health Care,148.80999755859375
2024-10-29 13:30:00,XLV,Health Care,148.39999389648438
2024-10-30 13:30:00,XLV,Health Care,148.1199951171875
2024-10-31 13:30:00,XLV,Health Care,146.8699951171875
2024-11-01 13:30:00,XLV,Health Care,147.74000549316406
2024-11-04 14:30:00,XLV,Health Care,146.77000427246094
2024-11-05 14:30:00,XLV,Health Care,147.85000610351562
2024-11-06 14:30:00,XLV,Health Care,148.0399932861328
2024-11-07 14:30:00,XLV,Health Care,149.11000061035156
2024-11-08 14:30:00,XLV,Health Care,150.17999267578125
2024-11-11 14:30:00,XLV,Health Care,149.3000030517578
2024-11-12 14:30:00,XLV,Health Care,147.22000122070312
2024-11-13 14:30:00,XLV,Health Care,146.8300018310547
2024-11-14 14:30:00,XLV,Health Care,144.52000427246094
2024-11-15 14:30:00,XLV,Health Care,141.83999633789062
2024-11-18 14:30:00,XLV,Health Care,141.94000244140625
2024-11-19 14:30:00,XLV,Health Care,141.2100067138672
2024-11-20 14:30:00,XLV,Health Care,142.8800048828125
2024-11-21 14:30:00,XLV,Health Care,144.02999877929688
2024-11-22 14:30:00,XLV,Health Care,144.16000366210938
2024-11-25 14:30:00,XLV,Health Care,145.38999938964844
2024-11-26 14:30:00,XLV,Health Care,146.1699981689453
2024-11-27 14:30:00,XLV,Health Care,146.9499969482422
2024-11-29 14:30:00,XLV,Health Care,147.41000366210938
2024-12-02 14:30:00,XLV,Health Care,147.14999389648438
2024-12-03 14:30:00,XLV,Health Care,146.82000732421875
2024-12-04 14:30:00,XLV,Health Care,146.74000549316406
2024-12-05 14:30:00,XLV,Health Care,145.10000610351562
2024-12-06 14:30:00,XLV,Health Care,144.27999877929688
2024-12-09 14:30:00,XLV,Health Care,144.6999969482422
2024-12-10 14:30:00,XLV,Health Care,144.10000610351562
2024-12-11 14:30:00,XLV,Health Care,142.13999938964844
2024-12-12 14:30:00,XLV,Health Care,141.00999450683594
2024-12-13 14:30:00,XLV,Health Care,140.99000549316406
2024-12-16 14:30:00,XLV,Health Care,139.30999755859375
2024-12-17 14:30:00,XLV,Health Care,139.2100067138672
2024-12-18 14:30:00,XLV,Health Care,137.32000732421875
2024-12-19 14:30:00,XLV,Health Care,136.27999877929688
2024-12-20 14:30:00,XLV,Health Care,138.0
2024-12-23 14:30:00,XLV,Health Care,138.75
2024-12-24 14:30:00,XLV,Health Care,139.32000732421875
2024-12-26 14:30:00,XLV,Health Care,139.60000610351562
2024-12-27 14:30:00,XLV,Health Care,138.9499969482422
2024-12-30 14:30:00,XLV,Health Care,137.24000549316406
2024-12-31 14:30:00,XLV,Health Care,137.57000732421875
2025-01-02 14:30:00,XLV,Health Care,137.61000061035156
2025-01-03 14:30:00,XLV,Health Care,138.9600067138672
2025-01-06 14:30:00,XLV,Health Care,139.02000427246094
2025-01-07 14:30:00,XLV,Health Care,139.7100067138672
2025-01-08 14:30:00,XLV,Health Care,140.42999267578125
2025-01-10 14:30:00,XLV,Health Care,139.63999938964844
2025-01-13 14:30:00,XLV,Health Care,141.4600067138672
2025-01-14 14:30:00,XLV,Health Care,140.0
2025-01-15 14:30:00,XLV,Health Care,140.57000732421875
2025-01-16 14:30:00,XLV,Health Care,141.1300048828125
2025-01-17 14:30:00,XLV,Health Care,140.17999267578125
2025-01-21 14:30:00,XLV,Health Care,142.5
2025-01-22 14:30:00,XLV,Health Care,142.17999267578125
2025-01-23 14:30:00,XLV,Health Care,144.0800018310547
2025-01-24 14:30:00,XLV,Health Care,144.30999755859375
2025-01-27 14:30:00,XLV,Health Care,147.5500030517578
2025-01-28 14:30:00,XLV,Health Care,146.52000427246094
2025-01-29 14:30:00,XLV,Health Care,145.66000366210938
2025-01-30 14:30:00,XLV,Health Care,147.33999633789062
2025-01-31 14:30:00,XLV,Health Care,146.8699951171875
2025-02-03 14:30:00,XLV,Health Care,147.44000244140625
2025-02-04 14:30:00,XLV,Health Care,147.0399932861328
2025-02-05 14:30:00,XLV,Health Care,148.4499969482422
2025-02-06 14:30:00,XLV,Health Care,147.1199951171875
2025-02-07 14:30:00,XLV,Health Care,146.42999267578125
2025-02-10 14:30:00,XLV,Health Care,146.3000030517578
2025-02-11 14:30:00,XLV,Health Care,146.02999877929688
2025-02-12 14:30:00,XLV,Health Care,145.82000732421875
2025-02-13 14:30:00,XLV,Health Care,146.38999938964844
2025-02-14 14:30:00,XLV,Health Care,144.8000030517578
2025-02-18 14:30:00,XLV,Health Care,144.52000427246094
2025-02-19 14:30:00,XLV,Health Care,146.39999389648438
2025-02-20 14:30:00,XLV,Health Care,147.22000122070312
2025-02-21 14:30:00,XLV,Health Care,146.42999267578125
2025-02-24 14:30:00,XLV,Health Care,147.6199951171875
2025-02-25 14:30:00,XLV,Health Care,148.88999938964844
2025-02-26 14:30:00,XLV,Health Care,147.82000732421875
2025-02-27 14:30:00,XLV,Health Care,147.22000122070312
2025-02-28 14:30:00,XLV,Health Care,148.92999267578125
2025-03-03 14:30:00,XLV,Health Care,149.5800018310547
2025-03-04 14:30:00,XLV,Health Care,148.19000244140625
2025-03-05 14:30:00,XLV,Health Care,149.67999267578125
2025-03-06 14:30:00,XLV,Health Care,149.27000427246094
2025-03-07 14:30:00,XLV,Health Care,149.27999877929688
2025-03-10 13:30:00,XLV,Health Care,147.6699981689453
2025-03-11 13:30:00,XLV,Health Care,146.05999755859375
2025-03-12 13:30:00,XLV,Health Care,144.60000610351562
2025-03-13 13:30:00,XLV,Health Care,143.8300018310547
2025-03-14 13:30:00,XLV,Health Care,144.92999267578125
2025-03-17 13:30:00,XLV,Health Care,146.77000427246094
2025-03-18 13:30:00,XLV,Health Care,146.83999633789062
2025-03-19 13:30:00,XLV,Health Care,146.9199981689453
2025-03-20 13:30:00,XLV,Health Care,147.00999450683594
2025-03-21 13:30:00,XLV,Health Care,146.60000610351562
2025-03-24 13:30:00,XLV,Health Care,147.14999389648438
2025-03-25 13:30:00,XLV,Health Care,145.27000427246094
2025-03-26 13:30:00,XLV,Health Care,144.74000549316406
2025-03-27 13:30:00,XLV,Health Care,144.97000122070312
2025-03-28 13:30:00,XLV,Health Care,144.52000427246094
2025-03-31 13:30:00,XLV,Health Care,146.00999450683594
2025-04-01 13:30:00,XLV,Health Care,143.33999633789062
2025-04-02 13:30:00,XLV,Health Care,144.3000030517578
2025-04-03 13:30:00,XLV,Health Care,143.1300048828125
2025-04-04 13:30:00,XLV,Health Care,135.27999877929688
2025-04-07 13:30:00,XLV,Health Care,134.47000122070312
2025-04-08 13:30:00,XLV,Health Care,132.97999572753906
2025-04-09 13:30:00,XLV,Health Care,138.75999450683594
2025-04-10 13:30:00,XLV,Health Care,134.88999938964844
2025-04-11 13:30:00,XLV,Health Care,136.8699951171875
2025-04-14 13:30:00,XLV,Health Care,138.5399932861328
2025-04-15 13:30:00,XLV,Health Care,137.69000244140625
2025-04-16 13:30:00,XLV,Health Care,136.2899932861328
2025-04-17 13:30:00,XLV,Health Care,135.49000549316406
2025-04-21 13:30:00,XLV,Health Care,132.57000732421875
2025-04-22 13:30:00,XLV,Health Care,135.05999755859375
2025-04-23 13:30:00,XLV,Health Care,135.72999572753906
2025-04-24 13:30:00,XLV,Health Care,137.38999938964844
2025-04-25 13:30:00,XLV,Health Care,138.0500030517578
2025-04-28 13:30:00,XLV,Health Care,138.60000610351562
2025-04-29 13:30:00,XLV,Health Care,139.27999877929688
2025-04-30 13:30:00,XLV,Health Care,140.47000122070312
2025-05-01 13:30:00,XLV,Health Care,136.63999938964844
2025-05-02 13:30:00,XLV,Health Care,138.52999877929688
2025-05-05 13:30:00,XLV,Health Care,138.13999938964844
2025-05-06 13:30:00,XLV,Health Care,134.3300018310547
2025-05-07 13:30:00,XLV,Health Care,135.36000061035156
2025-05-08 13:30:00,XLV,Health Care,134.13999938964844
2025-05-09 13:30:00,XLV,Health Care,132.67999267578125
2025-05-12 13:30:00,XLV,Health Care,135.9600067138672
2025-05-13 13:30:00,XLV,Health Care,131.8699951171875
2025-05-14 13:30:00,XLV,Health Care,128.77000427246094
2025-05-15 13:30:00,XLV,Health Care,130.4600067138672
2025-05-16 13:30:00,XLV,Health Care,133.08999633789062
2025-05-19 13:30:00,XLV,Health Care,134.3699951171875
2025-05-20 13:30:00,XLV,Health Care,134.6999969482422
2025-05-21 13:30:00,XLV,Health Care,131.5800018310547
2025-05-22 13:30:00,XLV,Health Care,130.5500030517578
2025-05-23 13:30:00,XLV,Health Care,130.33999633789062
2025-05-27 13:30:00,XLV,Health Care,132.16000366210938
2025-05-28 13:30:00,XLV,Health Care,131.47999572753906
2025-05-29 13:30:00,XLV,Health Care,132.36000061035156
2025-05-30 13:30:00,XLV,Health Care,132.63999938964844
2025-06-02 13:30:00,XLV,Health Care,132.72000122070312
2025-06-03 13:30:00,XLV,Health Care,133.02999877929688
2025-06-04 13:30:00,XLV,Health Care,133.2899932861328
2025-06-05 13:30:00,XLV,Health Care,133.11000061035156
2025-06-06 13:30:00,XLV,Health Care,134.3800048828125
2025-06-09 13:30:00,XLV,Health Care,134.14999389648438
2025-06-10 13:30:00,XLV,Health Care,135.67999267578125
2025-06-11 13:30:00,XLV,Health Care,135.75
2025-06-12 13:30:00,XLV,Health Care,136.80999755859375
2025-06-13 13:30:00,XLV,Health Care,136.1300048828125
2025-06-16 13:30:00,XLV,Health Care,135.7100067138672
2025-06-17 13:30:00,XLV,Health Care,133.47000122070312
2025-06-18 13:30:00,XLV,Health Care,133.24000549316406
2025-06-20 13:30:00,XLV,Health Care,132.60000610351562
2025-06-23 13:30:00,XLV,Health Care,132.16000366210938
2025-06-24 13:30:00,XLV,Health Care,133.77999877929688
2025-06-25 13:30:00,XLV,Health Care,133.89999389648438
2025-06-26 13:30:00,XLV,Health Care,134.22000122070312
2025-06-27 13:30:00,XLV,Health Care,133.92999267578125
2025-06-30 13:30:00,XLV,Health Care,134.7899932861328
2025-07-01 13:30:00,XLV,Health Care,136.7100067138672
2025-07-02 13:30:00,XLV,Health Care,135.36000061035156
2025-07-03 13:30:00,XLV,Health Care,135.5
2025-07-07 13:30:00,XLV,Health Care,134.36000061035156
2025-07-08 13:30:00,XLV,Health Care,134.97000122070312
2025-07-09 13:30:00,XLV,Health Care,135.49000549316406
2025-07-10 13:30:00,XLV,Health Care,136.32000732421875
2025-07-11 13:30:00,XLV,Health Care,135.19000244140625
2025-07-14 13:30:00,XLV,Health Care,135.02999877929688
2025-07-15 13:30:00,XLV,Health Care,132.60000610351562
2025-07-16 13:30:00,XLV,Health Care,134.25
2025-07-17 13:30:00,XLV,Health Care,132.72000122070312
2025-07-18 13:30:00,XLV,Health Care,131.83999633789062
2025-07-21 13:30:00,XLV,Health Care,131.08999633789062
2025-07-22 13:30:00,XLV,Health Care,133.52999877929688
2025-07-23 13:30:00,XLV,Health Care,136.27000427246094
2025-07-24 13:30:00,XLV,Health Care,135.75999450683594
2025-07-25 13:30:00,XLV,Health Care,136.47999572753906
2025-07-28 13:30:00,XLV,Health Care,135.2899932861328
2025-07-29 13:30:00,XLV,Health Care,134.42999267578125
2025-07-30 13:30:00,XLV,Health Care,134.19000244140625
2025-07-31 13:30:00,XLV,Health Care,130.42999267578125
2025-08-01 13:30:00,XLV,Health Care,131.1300048828125
2025-08-04 13:30:00,XLV,Health Care,133.00999450683594
2025-08-05 13:30:00,XLV,Health Care,132.5
2025-08-06 13:30:00,XLV,Health Care,130.50999450683594
2025-08-07 13:30:00,XLV,Health Care,129.00999450683594
2025-08-08 13:30:00,XLV,Health Care,130.16000366210938
2025-08-11 13:30:00,XLV,Health Care,130.2899932861328
2025-08-12 13:30:00,XLV,Health Care,131.19000244140625
2025-08-13 13:30:00,XLV,Health Care,133.2899932861328
2025-08-14 13:30:00,XLV,Health Care,133.9600067138672
2025-08-15 13:30:00,XLV,Health Care,136.2100067138672
2025-08-18 13:30:00,XLV,Health Care,135.88999938964844
2025-08-19 13:30:00,XLV,Health Care,136.75999450683594
2025-08-20 13:30:00,XLV,Health Care,137.5
2025-08-21 13:30:00,XLV,Health Care,137.0399932861328
2025-08-22 13:30:00,XLV,Health Care,138.1699981689453
2025-08-25 13:30:00,XLV,Health Care,136.1999969482422
2025-08-26 13:30:00,XLV,Health Care,137.0500030517578
2025-08-27 13:30:00,XLV,Health Care,136.97000122070312
2025-08-28 13:30:00,XLV,Health Care,136.42999267578125
2025-08-29 13:30:00,XLV,Health Care,137.42999267578125
2025-09-02 13:30:00,XLV,Health Care,137.55999755859375
2025-09-03 13:30:00,XLV,Health Care,136.91000366210938
2025-09-04 13:30:00,XLV,Health Care,137.42999267578125
2025-09-05 13:30:00,XLV,Health Care,137.89999389648438
2025-09-08 13:30:00,XLV,Health Care,137.85000610351562
2025-09-09 13:30:00,XLV,Health Care,138.58999633789062
2025-09-10 13:30:00,XLV,Health Care,137.3300018310547
2025-09-11 13:30:00,XLV,Health Care,139.72000122070312
2025-09-12 13:30:00,XLV,Health Care,138.11000061035156
2025-09-15 13:30:00,XLV,Health Care,136.92999267578125
2025-09-16 13:30:00,XLV,Health Care,136.92999267578125
2025-09-17 13:30:00,XLV,Health Care,137.1999969482422
2025-09-18 13:30:00,XLV,Health Care,137.47000122070312
2025-09-19 13:30:00,XLV,Health Care,137.2899932861328
2025-09-22 13:30:00,XLV,Health Care,136.6300048828125
2025-09-23 13:30:00,XLV,Health Care,136.94000244140625
2025-09-24 13:30:00,XLV,Health Care,136.38999938964844
2025-09-25 13:30:00,XLV,Health Care,134.1300048828125
2025-09-26 13:30:00,XLV,Health Care,135.5
2025-09-29 13:30:00,XLV,Health Care,135.89999389648438
2025-09-30 13:30:00,XLV,Health Care,139.1699981689453
2025-10-01 13:30:00,XLV,Health Care,143.47000122070312
2025-10-02 13:30:00,XLV,Health Care,143.19000244140625
2025-10-03 13:30:00,XLV,Health Care,144.82000732421875
2025-10-06 13:30:00,XLV,Health Care,144.1199951171875
2025-10-07 13:30:00,XLV,Health Care,144.22999572753906
2025-10-08 13:30:00,XLV,Health Care,144.50999450683594
2025-10-09 13:30:00,XLV,Health Care,144.19000244140625
2025-10-10 13:30:00,XLV,Health Care,142.11000061035156
2025-10-13 13:30:00,XLV,Health Care,141.9499969482422
2025-10-14 13:30:00,XLV,Health Care,142.33999633789062
2025-10-15 13:30:00,XLV,Health Care,142.55999755859375
2025-10-16 13:30:00,XLV,Health Care,142.32000732421875
2025-10-17 13:30:00,XLV,Health Care,143.27000427246094
2025-10-20 13:30:00,XLV,Health Care,144.7899932861328
2025-10-21 13:30:00,XLV,Health Care,145.1300048828125
2025-10-22 13:30:00,XLV,Health Care,145.9600067138672
2025-10-23 13:30:00,XLV,Health Care,146.0399932861328
2025-10-24 13:30:00,XLV,Health Care,146.02999877929688
2025-10-27 13:30:00,XLV,Health Care,146.3699951171875
2025-10-28 13:30:00,XLV,Health Care,145.4499969482422
2025-10-29 13:30:00,XLV,Health Care,143.97999572753906
2025-10-30 13:30:00,XLV,Health Care,144.3000030517578
2025-10-31 13:30:00,XLV,Health Care,144.25
2025-11-03 14:30:00,XLV,Health Care,144.4499969482422
2025-11-04 14:30:00,XLV,Health Care,145.10000610351562
2025-11-05 14:30:00,XLV,Health Care,145.66000366210938
2025-11-06 14:30:00,XLV,Health Care,145.94000244140625
2025-11-07 14:30:00,XLV,Health Care,146.13999938964844
2025-11-10 14:30:00,XLV,Health Care,147.27999877929688
2025-11-11 14:30:00,XLV,Health Care,150.67999267578125
2025-11-12 14:30:00,XLV,Health Care,152.82000732421875
2025-11-13 14:30:00,XLV,Health Care,152.74000549316406
2025-11-14 14:30:00,XLV,Health Care,151.8300018310547
2025-11-17 14:30:00,XLV,Health Care,151.6999969482422
2025-11-18 14:30:00,XLV,Health Care,152.58999633789062
2025-11-19 14:30:00,XLV,Health Care,152.3300018310547
2025-11-20 14:30:00,XLV,Health Care,151.4199981689453
2025-11-21 14:30:00,XLV,Health Care,154.61000061035156
2025-11-24 14:30:00,XLV,Health Care,155.25999450683594
2025-11-25 14:30:00,XLV,Health Care,158.77000427246094
2025-11-26 14:30:00,XLV,Health Care,158.4199981689453
2025-11-28 14:30:00,XLV,Health Care,157.64999389648438
2025-12-01 14:30:00,XLV,Health Care,155.2899932861328
2025-12-02 14:30:00,XLV,Health Care,154.36000061035156
2025-12-03 14:30:00,XLV,Health Care,155.0800018310547
2025-12-04 14:30:00,XLV,Health Care,153.89999389648438
2025-12-05 14:30:00,XLV,Health Care,153.25999450683594
2025-12-08 14:30:00,XLV,Health Care,151.42999267578125
2025-12-09 14:30:00,XLV,Health Care,149.9600067138672
2025-12-10 14:30:00,XLV,Health Care,152.13999938964844
2025-12-11 14:30:00,XLV,Health Care,153.5800018310547
2025-12-12 14:30:00,XLV,Health Care,154.05999755859375
2025-12-15 14:30:00,XLV,Health Care,156.10000610351562
2025-12-16 14:30:00,XLV,Health Care,154.07000732421875
2025-12-17 14:30:00,XLV,Health Care,153.7899932861328
2025-12-18 14:30:00,XLV,Health Care,153.91000366210938
2025-12-19 14:30:00,XLV,Health Care,154.94000244140625
2025-12-22 14:30:00,XLV,Health Care,155.3000030517578
2025-12-23 14:30:00,XLV,Health Care,154.99000549316406
2025-12-24 14:30:00,XLV,Health Care,155.8000030517578
2025-12-26 14:30:00,XLV,Health Care,156.0500030517578
2025-12-29 14:30:00,XLV,Health Care,155.80999755859375
2025-12-30 14:30:00,XLV,Health Care,155.67999267578125
2025-12-31 14:30:00,XLV,Health Care,154.8000030517578
2026-01-02 14:30:00,XLV,Health Care,155.50999450683594
2026-01-05 14:30:00,XLV,Health Care,155.0399932861328
2026-01-06 14:30:00,XLV,Health Care,158.08999633789062
2026-01-07 14:30:00,XLV,Health Care,159.66000366210938
2026-01-08 14:30:00,XLV,Health Care,158.1199951171875
2026-01-09 14:30:00,XLV,Health Care,157.30999755859375
2026-01-12 14:30:00,XLV,Health Care,157.3800048828125
2026-01-13 14:30:00,XLV,Health Care,156.74000549316406
2026-01-14 14:30:00,XLV,Health Care,157.86000061035156
2026-01-15 14:30:00,XLV,Health Care,156.9600067138672
2026-01-16 14:30:00,XLV,Health Care,155.74000549316406
2026-01-20 14:30:00,XLV,Health Care,155.39999389648438
2026-01-21 14:30:00,XLV,Health Care,158.25999450683594
2026-01-22 14:30:00,XLV,Health Care,158.2899932861328
2026-01-23 14:30:00,XLV,Health Care,157.47999572753906
2026-01-26 14:30:00,XLV,Health Care,158.10000610351562
2026-01-27 14:30:00,XLV,Health Care,155.4499969482422
2026-01-28 14:30:00,XLV,Health Care,154.30999755859375
2026-01-29 14:30:00,XLV,Health Care,153.82000732421875
2026-01-30 14:30:00,XLV,Health Care,154.74000549316406
2026-02-02 14:30:00,XLV,Health Care,155.69000244140625
2026-02-03 14:30:00,XLV,Health Care,154.10000610351562
2026-02-04 14:30:00,XLV,Health Care,156.02999877929688
2026-02-05 14:30:00,XLV,Health Care,154.83999633789062
2026-02-06 14:30:00,XLV,Health Care,157.7100067138672
2026-02-09 14:30:00,XLV,Health Care,156.32000732421875
2026-02-10 14:30:00,XLV,Health Care,155.3300018310547
2026-02-11 14:30:00,XLV,Health Care,156.25
2026-02-12 14:30:00,XLV,Health Care,156.0
2026-02-13 14:30:00,XLV,Health Care,157.6699981689453
2026-02-17 14:30:00,XLV,Health Care,157.3699951171875
2026-02-18 14:30:00,XLV,Health Care,157.6699981689453
2026-02-19 14:30:00,XLV,Health Care,157.25999450683594
2026-02-20 14:30:00,XLV,Health Care,156.82000732421875
2026-02-23 14:30:00,XLV,Health Care,158.5399932861328
2026-02-24 14:30:00,XLV,Health Care,157.8699951171875
2026-02-25 14:30:00,XLV,Health Care,157.8300018310547
2026-02-26 14:30:00,XLV,Health Care,157.4199981689453
2026-02-27 14:30:00,XLV,Health Care,160.1999969482422
2026-03-02 14:30:00,XLV,Health Care,158.52999877929688
2026-03-03 14:30:00,XLV,Health Care,156.74000549316406
2026-03-04 14:30:00,XLV,Health Care,157.0500030517578
2026-03-05 14:30:00,XLV,Health Care,153.91000366210938
2026-03-06 14:30:00,XLV,Health Care,152.6999969482422
2026-03-09 13:30:00,XLV,Health Care,154.25999450683594
2026-03-10 13:30:00,XLV,Health Care,153.14999389648438
2026-03-11 13:30:00,XLV,Health Care,152.85000610351562
2026-03-12 13:30:00,XLV,Health Care,150.16000366210938
2026-03-13 13:30:00,XLV,Health Care,149.7899932861328
2026-03-16 13:30:00,XLV,Health Care,151.00999450683594
2026-03-17 13:30:00,XLV,Health Care,149.63999938964844
2026-03-18 13:30:00,XLV,Health Care,147.13999938964844
2026-03-19 13:30:00,XLV,Health Care,146.61000061035156
2026-03-20 13:30:00,XLV,Health Care,145.3300018310547
2026-03-23 13:30:00,XLV,Health Care,144.77000427246094
2026-03-24 13:30:00,XLV,Health Care,144.7899932861328
2026-03-25 13:30:00,XLV,Health Care,146.24000549316406
2026-03-26 13:30:00,XLV,Health Care,145.74000549316406
2026-03-27 13:30:00,XLV,Health Care,143.25999450683594
2026-03-30 13:30:00,XLV,Health Care,143.82000732421875
2026-03-31 13:30:00,XLV,Health Care,146.61000061035156
2026-04-01 13:30:00,XLV,Health Care,147.72999572753906
2026-04-02 13:30:00,XLV,Health Care,146.80999755859375
2026-04-06 13:30:00,XLV,Health Care,146.27999877929688
2026-04-07 13:30:00,XLV,Health Care,146.57000732421875
2026-04-08 13:30:00,XLV,Health Care,149.6699981689453
2026-04-09 13:30:00,XLV,Health Care,149.3300018310547
2026-04-10 13:30:00,XLV,Health Care,147.30999755859375
2026-04-13 13:30:00,XLV,Health Care,147.97000122070312
2026-04-14 13:30:00,XLV,Health Care,148.8300018310547
2026-04-15 13:30:00,XLV,Health Care,147.77000427246094
2026-04-16 13:30:00,XLV,Health Care,146.61000061035156
2026-04-17 13:30:00,XLV,Health Care,148.8000030517578
2026-04-20 13:30:00,XLV,Health Care,147.4199981689453
2026-04-21 13:30:00,XLV,Health Care,145.9199981689453
2026-04-22 13:30:00,XLV,Health Care,146.3800048828125
2026-04-23 13:30:00,XLV,Health Care,146.24000549316406
2026-04-24 13:30:00,XLV,Health Care,144.17999267578125
2026-04-27 13:30:00,XLV,Health Care,143.4600067138672
2026-04-28 13:30:00,XLV,Health Care,143.83999633789062
2026-04-29 13:30:00,XLV,Health Care,142.83999633789062
2026-04-30 13:30:00,XLV,Health Care,145.99000549316406
2026-05-01 13:30:00,XLV,Health Care,145.16000366210938
2026-05-04 13:30:00,XLV,Health Care,144.72999572753906
2026-05-05 13:30:00,XLV,Health Care,145.3000030517578
2026-05-06 13:30:00,XLV,Health Care,145.39999389648438
2026-05-07 13:30:00,XLV,Health Care,144.72000122070312
2026-05-08 13:30:00,XLV,Health Care,143.49000549316406
2026-05-11 13:30:00,XLV,Health Care,143.0399932861328
2026-05-12 13:30:00,XLV,Health Care,145.85000610351562
2026-05-13 13:30:00,XLV,Health Care,146.7100067138672
2026-05-14 13:30:00,XLV,Health Care,146.6300048828125
2026-05-15 13:30:00,XLV,Health Care,145.10000610351562
2026-05-18 13:30:00,XLV,Health Care,145.72000122070312
2026-05-19 13:30:00,XLV,Health Care,147.32000732421875
2026-05-20 13:30:00,XLV,Health Care,147.1300048828125
2026-05-21 13:30:00,XLV,Health Care,148.14999389648438
2026-05-22 13:30:00,XLV,Health Care,149.88999938964844
2026-05-26 13:30:00,XLV,Health Care,148.50999450683594
2026-05-27 13:30:00,XLV,Health Care,148.7899932861328
2026-05-28 13:30:00,XLV,Health Care,150.8800048828125
2026-05-29 13:30:00,XLV,Health Care,149.47000122070312
2026-06-01 13:30:00,XLV,Health Care,147.83999633789062
2026-06-02 13:30:00,XLV,Health Care,146.39999389648438
2026-06-03 13:30:00,XLV,Health Care,147.5500030517578
2026-06-04 13:30:00,XLV,Health Care,152.0800018310547
2026-06-05 13:30:00,XLV,Health Care,153.00999450683594
2026-06-08 13:30:00,XLV,Health Care,152.64999389648438
2026-06-09 13:30:00,XLV,Health Care,154.57000732421875
2026-06-10 13:30:00,XLV,Health Care,152.85000610351562
2026-06-11 13:30:00,XLV,Health Care,154.08999633789062
2026-06-12 13:30:00,XLV,Health Care,153.80999755859375
2026-06-15 13:30:00,XLV,Health Care,152.88999938964844
2026-06-16 13:30:00,XLV,Health Care,152.94000244140625
2026-06-17 13:30:00,XLV,Health Care,150.7100067138672
2026-06-18 13:30:00,XLV,Health Care,149.39999389648438
2026-06-22 13:30:00,XLV,Health Care,150.05999755859375
2026-06-23 13:30:00,XLV,Health Care,152.17999267578125
2026-06-24 13:30:00,XLV,Health Care,153.35000610351562
2026-06-25 13:30:00,XLV,Health Care,155.6300048828125
2026-06-26 13:30:00,XLV,Health Care,160.33999633789062
2026-06-29 13:30:00,XLV,Health Care,160.74000549316406
2026-06-30 13:30:00,XLV,Health Care,158.66000366210938
2026-07-01 13:30:00,XLV,Health Care,159.5399932861328
2026-07-02 13:30:00,XLV,Health Care,163.74000549316406
2026-07-06 13:30:00,XLV,Health Care,161.9600067138672
2026-07-07 13:30:00,XLV,Health Care,164.44000244140625
2026-07-08 13:30:00,XLV,Health Care,162.3000030517578
2026-07-09 13:30:00,XLV,Health Care,162.1699981689453
2026-07-10 13:30:00,XLV,Health Care,160.83999633789062
2026-07-13 13:30:00,XLV,Health Care,161.41000366210938
2026-07-14 13:30:00,XLV,Health Care,158.2899932861328
2026-07-15 13:30:00,XLV,Health Care,158.2899932861328
2026-07-16 13:30:00,XLV,Health Care,161.8000030517578
2026-07-17 13:30:00,XLV,Health Care,161.08999633789062
2026-07-20 13:30:00,XLV,Health Care,159.25
2026-07-21 13:30:00,XLV,Health Care,160.25
2026-07-22 13:30:00,XLV,Health Care,159.42999267578125
2026-07-23 13:30:00,XLV,Health Care,161.44000244140625
2026-07-24 13:30:00,XLV,Health Care,162.57000732421875
2026-07-27 13:30:00,XLV,Health Care,163.39999389648438
2026-07-28 13:30:00,XLV,Health Care,167.25999450683594
2026-07-29 13:30:00,XLV,Health Care,166.24000549316406
2026-07-30 13:30:00,XLV,Health Care,163.52000427246094
2026-07-31 13:30:00,XLV,Health Care,162.5500030517578
2026-08-03 13:30:00,XLV,Health Care,162.24000549316406
2026-08-04 13:30:00,XLV,Health Care,162.10000610351562
2026-08-05 13:30:00,XLV,Health Care,164.16000366210938
2026-08-06 13:30:00,XLV,Health Care,164.4499969482422
2026-08-07 13:30:00,XLV,Health Care,165.67999267578125
2026-08-10 13:30:00,XLV,Health Care,168.44000244140625
2026-08-11 13:30:00,XLV,Health Care,168.00999450683594
2026-08-12 13:30:00,XLV,Health Care,168.44000244140625
2026-08-13 13:30:00,XLV,Health Care,168.3800048828125
2026-08-14 13:30:00,XLV,Health Care,167.3699951171875
2026-08-17 13:30:00,XLV,Health Care,167.0500030517578
2026-08-18 13:30:00,XLV,Health Care,169.72999572753906
2026-08-19 13:30:00,XLV,Health Care,175.67999267578125
2026-08-20 13:30:00,XLV,Health Care,172.38999938964844
2026-08-21 13:30:00,XLV,Health Care,174.6199951171875
2026-08-24 13:30:00,XLV,Health Care,174.6999969482422
2026-08-25 13:30:00,XLV,Health Care,175.2899932861328
2026-08-26 13:30:00,XLV,Health Care,173.5399932861328
2026-08-27 13:30:00,XLV,Health Care,171.5800018310547
2026-08-28 13:30:00,XLV,Health Care,171.16000366210938
2021-08-30 13:30:00,XLI,Industrials,104.80000305175781
2021-08-31 13:30:00,XLI,Industrials,104.51000213623047
2021-09-01 13:30:00,XLI,Industrials,104.11000061035156
2021-09-02 13:30:00,XLI,Industrials,105.2300033569336
2021-09-03 13:30:00,XLI,Industrials,104.58999633789062
2021-09-07 13:30:00,XLI,Industrials,102.77999877929688
2021-09-08 13:30:00,XLI,Industrials,102.91999816894531
2021-09-09 13:30:00,XLI,Industrials,102.41999816894531
2021-09-10 13:30:00,XLI,Industrials,101.95999908447266
2021-09-13 13:30:00,XLI,Industrials,102.2300033569336
2021-09-14 13:30:00,XLI,Industrials,101.0
2021-09-15 13:30:00,XLI,Industrials,102.11000061035156
2021-09-16 13:30:00,XLI,Industrials,101.41000366210938
2021-09-17 13:30:00,XLI,Industrials,100.33000183105469
2021-09-20 13:30:00,XLI,Industrials,98.86000061035156
2021-09-21 13:30:00,XLI,Industrials,98.33999633789062
2021-09-22 13:30:00,XLI,Industrials,99.12000274658203
2021-09-23 13:30:00,XLI,Industrials,100.63999938964844
2021-09-24 13:30:00,XLI,Industrials,100.8499984741211
2021-09-27 13:30:00,XLI,Industrials,100.94999694824219
2021-09-28 13:30:00,XLI,Industrials,99.77999877929688
2021-09-29 13:30:00,XLI,Industrials,99.88999938964844
2021-09-30 13:30:00,XLI,Industrials,97.83999633789062
2021-10-01 13:30:00,XLI,Industrials,99.18000030517578
2021-10-04 13:30:00,XLI,Industrials,98.63999938964844
2021-10-05 13:30:00,XLI,Industrials,99.73999786376953
2021-10-06 13:30:00,XLI,Industrials,100.18000030517578
2021-10-07 13:30:00,XLI,Industrials,100.95999908447266
2021-10-08 13:30:00,XLI,Industrials,100.94999694824219
2021-10-11 13:30:00,XLI,Industrials,100.13999938964844
2021-10-12 13:30:00,XLI,Industrials,99.80999755859375
2021-10-13 13:30:00,XLI,Industrials,100.0199966430664
2021-10-14 13:30:00,XLI,Industrials,101.91000366210938
2021-10-15 13:30:00,XLI,Industrials,102.88999938964844
2021-10-18 13:30:00,XLI,Industrials,102.95999908447266
2021-10-19 13:30:00,XLI,Industrials,103.56999969482422
2021-10-20 13:30:00,XLI,Industrials,104.22000122070312
2021-10-21 13:30:00,XLI,Industrials,104.43000030517578
2021-10-22 13:30:00,XLI,Industrials,104.80000305175781
2021-10-25 13:30:00,XLI,Industrials,105.04000091552734
2021-10-26 13:30:00,XLI,Industrials,104.38999938964844
2021-10-27 13:30:00,XLI,Industrials,103.16999816894531
2021-10-28 13:30:00,XLI,Industrials,104.45999908447266
2021-10-29 13:30:00,XLI,Industrials,104.48999786376953
2021-11-01 13:30:00,XLI,Industrials,104.77999877929688
2021-11-02 13:30:00,XLI,Industrials,105.12999725341797
2021-11-03 13:30:00,XLI,Industrials,104.9000015258789
2021-11-04 13:30:00,XLI,Industrials,105.31999969482422
2021-11-05 13:30:00,XLI,Industrials,106.38999938964844
2021-11-08 14:30:00,XLI,Industrials,106.83000183105469
2021-11-09 14:30:00,XLI,Industrials,107.0999984741211
2021-11-10 14:30:00,XLI,Industrials,106.5
2021-11-11 14:30:00,XLI,Industrials,106.05999755859375
2021-11-12 14:30:00,XLI,Industrials,106.9000015258789
2021-11-15 14:30:00,XLI,Industrials,107.0999984741211
2021-11-16 14:30:00,XLI,Industrials,107.12000274658203
2021-11-17 14:30:00,XLI,Industrials,106.4800033569336
2021-11-18 14:30:00,XLI,Industrials,106.26000213623047
2021-11-19 14:30:00,XLI,Industrials,105.7300033569336
2021-11-22 14:30:00,XLI,Industrials,106.0199966430664
2021-11-23 14:30:00,XLI,Industrials,106.19999694824219
2021-11-24 14:30:00,XLI,Industrials,106.08000183105469
2021-11-26 14:30:00,XLI,Industrials,103.20999908447266
2021-11-29 14:30:00,XLI,Industrials,103.38999938964844
2021-11-30 14:30:00,XLI,Industrials,100.7699966430664
2021-12-01 14:30:00,XLI,Industrials,99.37000274658203
2021-12-02 14:30:00,XLI,Industrials,102.31999969482422
2021-12-03 14:30:00,XLI,Industrials,102.19999694824219
2021-12-06 14:30:00,XLI,Industrials,103.93000030517578
2021-12-07 14:30:00,XLI,Industrials,104.98999786376953
2021-12-08 14:30:00,XLI,Industrials,105.25
2021-12-09 14:30:00,XLI,Industrials,104.91999816894531
2021-12-10 14:30:00,XLI,Industrials,105.3499984741211
2021-12-13 14:30:00,XLI,Industrials,104.26000213623047
2021-12-14 14:30:00,XLI,Industrials,103.2699966430664
2021-12-15 14:30:00,XLI,Industrials,104.16999816894531
2021-12-16 14:30:00,XLI,Industrials,104.22000122070312
2021-12-17 14:30:00,XLI,Industrials,102.44000244140625
2021-12-20 14:30:00,XLI,Industrials,100.41999816894531
2021-12-21 14:30:00,XLI,Industrials,102.41999816894531
2021-12-22 14:30:00,XLI,Industrials,102.70999908447266
2021-12-23 14:30:00,XLI,Industrials,103.91999816894531
2021-12-27 14:30:00,XLI,Industrials,105.0199966430664
2021-12-28 14:30:00,XLI,Industrials,105.55000305175781
2021-12-29 14:30:00,XLI,Industrials,105.73999786376953
2021-12-30 14:30:00,XLI,Industrials,105.36000061035156
2021-12-31 14:30:00,XLI,Industrials,105.80999755859375
2022-01-03 14:30:00,XLI,Industrials,104.94000244140625
2022-01-04 14:30:00,XLI,Industrials,107.05000305175781
2022-01-05 14:30:00,XLI,Industrials,106.02999877929688
2022-01-06 14:30:00,XLI,Industrials,106.5199966430664
2022-01-07 14:30:00,XLI,Industrials,106.48999786376953
2022-01-10 14:30:00,XLI,Industrials,105.29000091552734
2022-01-11 14:30:00,XLI,Industrials,105.91999816894531
2022-01-12 14:30:00,XLI,Industrials,106.26000213623047
2022-01-13 14:30:00,XLI,Industrials,106.48999786376953
2022-01-14 14:30:00,XLI,Industrials,105.8499984741211
2022-01-18 14:30:00,XLI,Industrials,104.62999725341797
2022-01-19 14:30:00,XLI,Industrials,103.45999908447266
2022-01-20 14:30:00,XLI,Industrials,102.13999938964844
2022-01-21 14:30:00,XLI,Industrials,101.19999694824219
2022-01-24 14:30:00,XLI,Industrials,101.77999877929688
2022-01-25 14:30:00,XLI,Industrials,100.77999877929688
2022-01-26 14:30:00,XLI,Industrials,99.9000015258789
2022-01-27 14:30:00,XLI,Industrials,99.01000213623047
2022-01-28 14:30:00,XLI,Industrials,99.69999694824219
2022-01-31 14:30:00,XLI,Industrials,100.73999786376953
2022-02-01 14:30:00,XLI,Industrials,102.12999725341797
2022-02-02 14:30:00,XLI,Industrials,102.83999633789062
2022-02-03 14:30:00,XLI,Industrials,101.19999694824219
2022-02-04 14:30:00,XLI,Industrials,100.11000061035156
2022-02-07 14:30:00,XLI,Industrials,100.19000244140625
2022-02-08 14:30:00,XLI,Industrials,101.19000244140625
2022-02-09 14:30:00,XLI,Industrials,102.58000183105469
2022-02-10 14:30:00,XLI,Industrials,100.9000015258789
2022-02-11 14:30:00,XLI,Industrials,99.36000061035156
2022-02-14 14:30:00,XLI,Industrials,98.98999786376953
2022-02-15 14:30:00,XLI,Industrials,100.4800033569336
2022-02-16 14:30:00,XLI,Industrials,101.01000213623047
2022-02-17 14:30:00,XLI,Industrials,99.16000366210938
2022-02-18 14:30:00,XLI,Industrials,98.33999633789062
2022-02-22 14:30:00,XLI,Industrials,97.38999938964844
2022-02-23 14:30:00,XLI,Industrials,95.5999984741211
2022-02-24 14:30:00,XLI,Industrials,96.81999969482422
2022-02-25 14:30:00,XLI,Industrials,99.12999725341797
2022-02-28 14:30:00,XLI,Industrials,99.88999938964844
2022-03-01 14:30:00,XLI,Industrials,98.4000015258789
2022-03-02 14:30:00,XLI,Industrials,100.5
2022-03-03 14:30:00,XLI,Industrials,100.61000061035156
2022-03-04 14:30:00,XLI,Industrials,100.38999938964844
2022-03-07 14:30:00,XLI,Industrials,97.69999694824219
2022-03-08 14:30:00,XLI,Industrials,97.0999984741211
2022-03-09 14:30:00,XLI,Industrials,98.86000061035156
2022-03-10 14:30:00,XLI,Industrials,98.7300033569336
2022-03-11 14:30:00,XLI,Industrials,97.94000244140625
2022-03-14 13:30:00,XLI,Industrials,98.2699966430664
2022-03-15 13:30:00,XLI,Industrials,99.83000183105469
2022-03-16 13:30:00,XLI,Industrials,101.1500015258789
2022-03-17 13:30:00,XLI,Industrials,102.44999694824219
2022-03-18 13:30:00,XLI,Industrials,102.83999633789062
2022-03-21 13:30:00,XLI,Industrials,102.7300033569336
2022-03-22 13:30:00,XLI,Industrials,103.29000091552734
2022-03-23 13:30:00,XLI,Industrials,102.30000305175781
2022-03-24 13:30:00,XLI,Industrials,103.08000183105469
2022-03-25 13:30:00,XLI,Industrials,103.72000122070312
2022-03-28 13:30:00,XLI,Industrials,103.75
2022-03-29 13:30:00,XLI,Industrials,104.70999908447266
2022-03-30 13:30:00,XLI,Industrials,104.58999633789062
2022-03-31 13:30:00,XLI,Industrials,102.9800033569336
2022-04-01 13:30:00,XLI,Industrials,102.18000030517578
2022-04-04 13:30:00,XLI,Industrials,102.05000305175781
2022-04-05 13:30:00,XLI,Industrials,100.5999984741211
2022-04-06 13:30:00,XLI,Industrials,99.81999969482422
2022-04-07 13:30:00,XLI,Industrials,100.16000366210938
2022-04-08 13:30:00,XLI,Industrials,99.5999984741211
2022-04-11 13:30:00,XLI,Industrials,99.27999877929688
2022-04-12 13:30:00,XLI,Industrials,99.12000274658203
2022-04-13 13:30:00,XLI,Industrials,100.05000305175781
2022-04-14 13:30:00,XLI,Industrials,99.94000244140625
2022-04-18 13:30:00,XLI,Industrials,99.58999633789062
2022-04-19 13:30:00,XLI,Industrials,101.4000015258789
2022-04-20 13:30:00,XLI,Industrials,101.94999694824219
2022-04-21 13:30:00,XLI,Industrials,100.91000366210938
2022-04-22 13:30:00,XLI,Industrials,98.43000030517578
2022-04-25 13:30:00,XLI,Industrials,98.43000030517578
2022-04-26 13:30:00,XLI,Industrials,96.27999877929688
2022-04-27 13:30:00,XLI,Industrials,96.63999938964844
2022-04-28 13:30:00,XLI,Industrials,97.7300033569336
2022-04-29 13:30:00,XLI,Industrials,95.13999938964844
2022-05-02 13:30:00,XLI,Industrials,95.33999633789062
2022-05-03 13:30:00,XLI,Industrials,95.97000122070312
2022-05-04 13:30:00,XLI,Industrials,98.75
2022-05-05 13:30:00,XLI,Industrials,96.16999816894531
2022-05-06 13:30:00,XLI,Industrials,95.5199966430664
2022-05-09 13:30:00,XLI,Industrials,93.20999908447266
2022-05-10 13:30:00,XLI,Industrials,92.5999984741211
2022-05-11 13:30:00,XLI,Industrials,91.76000213623047
2022-05-12 13:30:00,XLI,Industrials,91.93000030517578
2022-05-13 13:30:00,XLI,Industrials,93.0999984741211
2022-05-16 13:30:00,XLI,Industrials,92.97000122070312
2022-05-17 13:30:00,XLI,Industrials,95.08000183105469
2022-05-18 13:30:00,XLI,Industrials,91.54000091552734
2022-05-19 13:30:00,XLI,Industrials,90.72000122070312
2022-05-20 13:30:00,XLI,Industrials,89.73999786376953
2022-05-23 13:30:00,XLI,Industrials,91.20999908447266
2022-05-24 13:30:00,XLI,Industrials,91.16000366210938
2022-05-25 13:30:00,XLI,Industrials,91.69000244140625
2022-05-26 13:30:00,XLI,Industrials,93.55000305175781
2022-05-27 13:30:00,XLI,Industrials,95.47000122070312
2022-05-31 13:30:00,XLI,Industrials,94.69999694824219
2022-06-01 13:30:00,XLI,Industrials,94.12000274658203
2022-06-02 13:30:00,XLI,Industrials,95.91999816894531
2022-06-03 13:30:00,XLI,Industrials,95.55000305175781
2022-06-06 13:30:00,XLI,Industrials,95.94999694824219
2022-06-07 13:30:00,XLI,Industrials,97.23999786376953
2022-06-08 13:30:00,XLI,Industrials,95.4800033569336
2022-06-09 13:30:00,XLI,Industrials,93.5999984741211
2022-06-10 13:30:00,XLI,Industrials,90.83999633789062
2022-06-13 13:30:00,XLI,Industrials,88.11000061035156
2022-06-14 13:30:00,XLI,Industrials,87.88999938964844
2022-06-15 13:30:00,XLI,Industrials,88.73999786376953
2022-06-16 13:30:00,XLI,Industrials,85.77999877929688
2022-06-17 13:30:00,XLI,Industrials,85.55999755859375
2022-06-21 13:30:00,XLI,Industrials,86.73999786376953
2022-06-22 13:30:00,XLI,Industrials,86.26000213623047
2022-06-23 13:30:00,XLI,Industrials,85.81999969482422
2022-06-24 13:30:00,XLI,Industrials,88.81999969482422
2022-06-27 13:30:00,XLI,Industrials,88.61000061035156
2022-06-28 13:30:00,XLI,Industrials,87.58000183105469
2022-06-29 13:30:00,XLI,Industrials,87.06999969482422
2022-06-30 13:30:00,XLI,Industrials,87.33999633789062
2022-07-01 13:30:00,XLI,Industrials,88.0999984741211
2022-07-05 13:30:00,XLI,Industrials,86.77999877929688
2022-07-06 13:30:00,XLI,Industrials,87.27999877929688
2022-07-07 13:30:00,XLI,Industrials,88.30999755859375
2022-07-08 13:30:00,XLI,Industrials,87.91000366210938
2022-07-11 13:30:00,XLI,Industrials,87.31999969482422
2022-07-12 13:30:00,XLI,Industrials,87.05000305175781
2022-07-13 13:30:00,XLI,Industrials,85.98999786376953
2022-07-14 13:30:00,XLI,Industrials,85.5
2022-07-15 13:30:00,XLI,Industrials,86.83999633789062
2022-07-18 13:30:00,XLI,Industrials,86.31999969482422
2022-07-19 13:30:00,XLI,Industrials,89.4000015258789
2022-07-20 13:30:00,XLI,Industrials,90.08999633789062
2022-07-21 13:30:00,XLI,Industrials,90.73999786376953
2022-07-22 13:30:00,XLI,Industrials,90.44999694824219
2022-07-25 13:30:00,XLI,Industrials,90.87999725341797
2022-07-26 13:30:00,XLI,Industrials,90.38999938964844
2022-07-27 13:30:00,XLI,Industrials,91.79000091552734
2022-07-28 13:30:00,XLI,Industrials,93.70999908447266
2022-07-29 13:30:00,XLI,Industrials,95.63999938964844
2022-08-01 13:30:00,XLI,Industrials,95.73999786376953
2022-08-02 13:30:00,XLI,Industrials,94.7300033569336
2022-08-03 13:30:00,XLI,Industrials,95.62000274658203
2022-08-04 13:30:00,XLI,Industrials,95.97000122070312
2022-08-05 13:30:00,XLI,Industrials,96.12000274658203
2022-08-08 13:30:00,XLI,Industrials,96.08999633789062
2022-08-09 13:30:00,XLI,Industrials,95.73999786376953
2022-08-10 13:30:00,XLI,Industrials,97.83999633789062
2022-08-11 13:30:00,XLI,Industrials,98.36000061035156
2022-08-12 13:30:00,XLI,Industrials,99.83999633789062
2022-08-15 13:30:00,XLI,Industrials,100.08000183105469
2022-08-16 13:30:00,XLI,Industrials,100.52999877929688
2022-08-17 13:30:00,XLI,Industrials,99.7300033569336
2022-08-18 13:30:00,XLI,Industrials,100.12999725341797
2022-08-19 13:30:00,XLI,Industrials,98.83999633789062
2022-08-22 13:30:00,XLI,Industrials,96.95999908447266
2022-08-23 13:30:00,XLI,Industrials,97.13999938964844
2022-08-24 13:30:00,XLI,Industrials,97.45999908447266
2022-08-25 13:30:00,XLI,Industrials,98.94999694824219
2022-08-26 13:30:00,XLI,Industrials,95.5199966430664
2022-08-29 13:30:00,XLI,Industrials,95.08999633789062
2022-08-30 13:30:00,XLI,Industrials,93.72000122070312
2022-08-31 13:30:00,XLI,Industrials,92.93000030517578
2022-09-01 13:30:00,XLI,Industrials,93.05999755859375
2022-09-02 13:30:00,XLI,Industrials,92.16000366210938
2022-09-06 13:30:00,XLI,Industrials,92.30999755859375
2022-09-07 13:30:00,XLI,Industrials,93.79000091552734
2022-09-08 13:30:00,XLI,Industrials,94.06999969482422
2022-09-09 13:30:00,XLI,Industrials,95.29000091552734
2022-09-12 13:30:00,XLI,Industrials,95.86000061035156
2022-09-13 13:30:00,XLI,Industrials,92.25
2022-09-14 13:30:00,XLI,Industrials,92.06999969482422
2022-09-15 13:30:00,XLI,Industrials,91.11000061035156
2022-09-16 13:30:00,XLI,Industrials,89.20999908447266
2022-09-19 13:30:00,XLI,Industrials,89.98999786376953
2022-09-20 13:30:00,XLI,Industrials,88.87000274658203
2022-09-21 13:30:00,XLI,Industrials,87.69000244140625
2022-09-22 13:30:00,XLI,Industrials,86.37000274658203
2022-09-23 13:30:00,XLI,Industrials,84.75
2022-09-26 13:30:00,XLI,Industrials,83.86000061035156
2022-09-27 13:30:00,XLI,Industrials,83.58000183105469
2022-09-28 13:30:00,XLI,Industrials,85.41999816894531
2022-09-29 13:30:00,XLI,Industrials,83.94000244140625
2022-09-30 13:30:00,XLI,Industrials,82.83999633789062
2022-10-03 13:30:00,XLI,Industrials,85.33999633789062
2022-10-04 13:30:00,XLI,Industrials,88.30999755859375
2022-10-05 13:30:00,XLI,Industrials,87.83000183105469
2022-10-06 13:30:00,XLI,Industrials,86.81999969482422
2022-10-07 13:30:00,XLI,Industrials,85.16000366210938
2022-10-10 13:30:00,XLI,Industrials,85.45999908447266
2022-10-11 13:30:00,XLI,Industrials,85.44000244140625
2022-10-12 13:30:00,XLI,Industrials,84.7699966430664
2022-10-13 13:30:00,XLI,Industrials,86.63999938964844
2022-10-14 13:30:00,XLI,Industrials,84.73999786376953
2022-10-17 13:30:00,XLI,Industrials,86.58999633789062
2022-10-18 13:30:00,XLI,Industrials,88.68000030517578
2022-10-19 13:30:00,XLI,Industrials,88.05000305175781
2022-10-20 13:30:00,XLI,Industrials,86.31999969482422
2022-10-21 13:30:00,XLI,Industrials,88.69000244140625
2022-10-24 13:30:00,XLI,Industrials,89.87000274658203
2022-10-25 13:30:00,XLI,Industrials,91.08000183105469
2022-10-26 13:30:00,XLI,Industrials,91.4000015258789
2022-10-27 13:30:00,XLI,Industrials,92.47000122070312
2022-10-28 13:30:00,XLI,Industrials,94.62000274658203
2022-10-31 13:30:00,XLI,Industrials,94.3499984741211
2022-11-01 13:30:00,XLI,Industrials,94.26000213623047
2022-11-02 13:30:00,XLI,Industrials,92.5999984741211
2022-11-03 13:30:00,XLI,Industrials,93.56999969482422
2022-11-04 13:30:00,XLI,Industrials,95.06999969482422
2022-11-07 14:30:00,XLI,Industrials,96.08999633789062
2022-11-08 14:30:00,XLI,Industrials,96.93000030517578
2022-11-09 14:30:00,XLI,Industrials,95.58000183105469
2022-11-10 14:30:00,XLI,Industrials,99.58999633789062
2022-11-11 14:30:00,XLI,Industrials,99.52999877929688
2022-11-14 14:30:00,XLI,Industrials,98.91999816894531
2022-11-15 14:30:00,XLI,Industrials,99.5999984741211
2022-11-16 14:30:00,XLI,Industrials,98.87999725341797
2022-11-17 14:30:00,XLI,Industrials,98.70999908447266
2022-11-18 14:30:00,XLI,Industrials,99.44000244140625
2022-11-21 14:30:00,XLI,Industrials,99.76000213623047
2022-11-22 14:30:00,XLI,Industrials,100.52999877929688
2022-11-23 14:30:00,XLI,Industrials,100.91000366210938
2022-11-25 14:30:00,XLI,Industrials,101.30000305175781
2022-11-28 14:30:00,XLI,Industrials,99.45999908447266
2022-11-29 14:30:00,XLI,Industrials,100.06999969482422
2022-11-30 14:30:00,XLI,Industrials,101.72000122070312
2022-12-01 14:30:00,XLI,Industrials,101.75
2022-12-02 14:30:00,XLI,Industrials,102.33000183105469
2022-12-05 14:30:00,XLI,Industrials,100.62000274658203
2022-12-06 14:30:00,XLI,Industrials,99.43000030517578
2022-12-07 14:30:00,XLI,Industrials,99.30000305175781
2022-12-08 14:30:00,XLI,Industrials,99.88999938964844
2022-12-09 14:30:00,XLI,Industrials,99.06999969482422
2022-12-12 14:30:00,XLI,Industrials,100.7699966430664
2022-12-13 14:30:00,XLI,Industrials,101.1500015258789
2022-12-14 14:30:00,XLI,Industrials,100.95999908447266
2022-12-15 14:30:00,XLI,Industrials,98.5199966430664
2022-12-16 14:30:00,XLI,Industrials,98.0999984741211
2022-12-19 14:30:00,XLI,Industrials,97.12000274658203
2022-12-20 14:30:00,XLI,Industrials,97.23999786376953
2022-12-21 14:30:00,XLI,Industrials,99.06999969482422
2022-12-22 14:30:00,XLI,Industrials,97.80999755859375
2022-12-23 14:30:00,XLI,Industrials,98.38999938964844
2022-12-27 14:30:00,XLI,Industrials,98.69000244140625
2022-12-28 14:30:00,XLI,Industrials,97.4000015258789
2022-12-29 14:30:00,XLI,Industrials,98.5999984741211
2022-12-30 14:30:00,XLI,Industrials,98.20999908447266
2023-01-03 14:30:00,XLI,Industrials,98.41999816894531
2023-01-04 14:30:00,XLI,Industrials,99.29000091552734
2023-01-05 14:30:00,XLI,Industrials,98.22000122070312
2023-01-06 14:30:00,XLI,Industrials,100.91000366210938
2023-01-09 14:30:00,XLI,Industrials,100.45999908447266
2023-01-10 14:30:00,XLI,Industrials,101.01000213623047
2023-01-11 14:30:00,XLI,Industrials,101.9800033569336
2023-01-12 14:30:00,XLI,Industrials,102.58000183105469
2023-01-13 14:30:00,XLI,Industrials,102.45999908447266
2023-01-17 14:30:00,XLI,Industrials,101.58999633789062
2023-01-18 14:30:00,XLI,Industrials,99.68000030517578
2023-01-19 14:30:00,XLI,Industrials,97.62999725341797
2023-01-20 14:30:00,XLI,Industrials,98.98999786376953
2023-01-23 14:30:00,XLI,Industrials,100.06999969482422
2023-01-24 14:30:00,XLI,Industrials,100.7300033569336
2023-01-25 14:30:00,XLI,Industrials,100.16999816894531
2023-01-26 14:30:00,XLI,Industrials,100.72000122070312
2023-01-27 14:30:00,XLI,Industrials,101.13999938964844
2023-01-30 14:30:00,XLI,Industrials,100.1500015258789
2023-01-31 14:30:00,XLI,Industrials,101.8499984741211
2023-02-01 14:30:00,XLI,Industrials,102.58999633789062
2023-02-02 14:30:00,XLI,Industrials,103.38999938964844
2023-02-03 14:30:00,XLI,Industrials,102.8499984741211
2023-02-06 14:30:00,XLI,Industrials,102.5999984741211
2023-02-07 14:30:00,XLI,Industrials,102.91999816894531
2023-02-08 14:30:00,XLI,Industrials,102.33999633789062
2023-02-09 14:30:00,XLI,Industrials,101.41999816894531
2023-02-10 14:30:00,XLI,Industrials,102.13999938964844
2023-02-13 14:30:00,XLI,Industrials,103.06999969482422
2023-02-14 14:30:00,XLI,Industrials,102.79000091552734
2023-02-15 14:30:00,XLI,Industrials,103.43000030517578
2023-02-16 14:30:00,XLI,Industrials,102.36000061035156
2023-02-17 14:30:00,XLI,Industrials,103.02999877929688
2023-02-21 14:30:00,XLI,Industrials,100.66999816894531
2023-02-22 14:30:00,XLI,Industrials,100.41999816894531
2023-02-23 14:30:00,XLI,Industrials,100.88999938964844
2023-02-24 14:30:00,XLI,Industrials,100.30999755859375
2023-02-27 14:30:00,XLI,Industrials,101.19999694824219
2023-02-28 14:30:00,XLI,Industrials,100.97000122070312
2023-03-01 14:30:00,XLI,Industrials,101.37000274658203
2023-03-02 14:30:00,XLI,Industrials,102.55999755859375
2023-03-03 14:30:00,XLI,Industrials,103.66999816894531
2023-03-06 14:30:00,XLI,Industrials,103.4800033569336
2023-03-07 14:30:00,XLI,Industrials,102.1500015258789
2023-03-08 14:30:00,XLI,Industrials,102.38999938964844
2023-03-09 14:30:00,XLI,Industrials,100.87999725341797
2023-03-10 14:30:00,XLI,Industrials,99.0
2023-03-13 13:30:00,XLI,Industrials,98.44000244140625
2023-03-14 13:30:00,XLI,Industrials,99.4800033569336
2023-03-15 13:30:00,XLI,Industrials,97.02999877929688
2023-03-16 13:30:00,XLI,Industrials,98.27999877929688
2023-03-17 13:30:00,XLI,Industrials,96.66999816894531
2023-03-20 13:30:00,XLI,Industrials,97.55000305175781
2023-03-21 13:30:00,XLI,Industrials,98.68000030517578
2023-03-22 13:30:00,XLI,Industrials,96.79000091552734
2023-03-23 13:30:00,XLI,Industrials,96.51000213623047
2023-03-24 13:30:00,XLI,Industrials,96.91000366210938
2023-03-27 13:30:00,XLI,Industrials,97.72000122070312
2023-03-28 13:30:00,XLI,Industrials,98.22000122070312
2023-03-29 13:30:00,XLI,Industrials,99.6500015258789
2023-03-30 13:30:00,XLI,Industrials,99.86000061035156
2023-03-31 13:30:00,XLI,Industrials,101.18000030517578
2023-04-03 13:30:00,XLI,Industrials,101.36000061035156
2023-04-04 13:30:00,XLI,Industrials,99.08999633789062
2023-04-05 13:30:00,XLI,Industrials,97.80000305175781
2023-04-06 13:30:00,XLI,Industrials,97.7699966430664
2023-04-10 13:30:00,XLI,Industrials,98.66000366210938
2023-04-11 13:30:00,XLI,Industrials,99.25
2023-04-12 13:30:00,XLI,Industrials,99.58000183105469
2023-04-13 13:30:00,XLI,Industrials,99.94999694824219
2023-04-14 13:30:00,XLI,Industrials,99.83000183105469
2023-04-17 13:30:00,XLI,Industrials,100.62000274658203
2023-04-18 13:30:00,XLI,Industrials,101.0999984741211
2023-04-19 13:30:00,XLI,Industrials,101.0199966430664
2023-04-20 13:30:00,XLI,Industrials,100.83999633789062
2023-04-21 13:30:00,XLI,Industrials,100.61000061035156
2023-04-24 13:30:00,XLI,Industrials,100.8499984741211
2023-04-25 13:30:00,XLI,Industrials,98.98999786376953
2023-04-26 13:30:00,XLI,Industrials,97.12000274658203
2023-04-27 13:30:00,XLI,Industrials,99.04000091552734
2023-04-28 13:30:00,XLI,Industrials,100.0
2023-05-01 13:30:00,XLI,Industrials,100.54000091552734
2023-05-02 13:30:00,XLI,Industrials,99.48999786376953
2023-05-03 13:30:00,XLI,Industrials,99.11000061035156
2023-05-04 13:30:00,XLI,Industrials,98.02999877929688
2023-05-05 13:30:00,XLI,Industrials,99.51000213623047
2023-05-08 13:30:00,XLI,Industrials,99.1500015258789
2023-05-09 13:30:00,XLI,Industrials,99.37000274658203
2023-05-10 13:30:00,XLI,Industrials,99.01000213623047
2023-05-11 13:30:00,XLI,Industrials,98.41000366210938
2023-05-12 13:30:00,XLI,Industrials,98.4800033569336
2023-05-15 13:30:00,XLI,Industrials,98.95999908447266
2023-05-16 13:30:00,XLI,Industrials,97.62000274658203
2023-05-17 13:30:00,XLI,Industrials,99.30000305175781
2023-05-18 13:30:00,XLI,Industrials,100.0199966430664
2023-05-19 13:30:00,XLI,Industrials,99.77999877929688
2023-05-22 13:30:00,XLI,Industrials,99.76000213623047
2023-05-23 13:30:00,XLI,Industrials,98.55999755859375
2023-05-24 13:30:00,XLI,Industrials,97.29000091552734
2023-05-25 13:30:00,XLI,Industrials,97.61000061035156
2023-05-26 13:30:00,XLI,Industrials,98.33999633789062
2023-05-30 13:30:00,XLI,Industrials,98.19000244140625
2023-05-31 13:30:00,XLI,Industrials,96.8499984741211
2023-06-01 13:30:00,XLI,Industrials,98.08999633789062
2023-06-02 13:30:00,XLI,Industrials,100.94000244140625
2023-06-05 13:30:00,XLI,Industrials,100.23999786376953
2023-06-06 13:30:00,XLI,Industrials,100.87000274658203
2023-06-07 13:30:00,XLI,Industrials,102.48999786376953
2023-06-08 13:30:00,XLI,Industrials,102.66999816894531
2023-06-09 13:30:00,XLI,Industrials,102.4000015258789
2023-06-12 13:30:00,XLI,Industrials,103.12999725341797
2023-06-13 13:30:00,XLI,Industrials,104.33000183105469
2023-06-14 13:30:00,XLI,Industrials,104.05000305175781
2023-06-15 13:30:00,XLI,Industrials,105.62000274658203
2023-06-16 13:30:00,XLI,Industrials,105.44999694824219
2023-06-20 13:30:00,XLI,Industrials,104.25
2023-06-21 13:30:00,XLI,Industrials,104.83000183105469
2023-06-22 13:30:00,XLI,Industrials,104.06999969482422
2023-06-23 13:30:00,XLI,Industrials,103.27999877929688
2023-06-26 13:30:00,XLI,Industrials,104.13999938964844
2023-06-27 13:30:00,XLI,Industrials,105.38999938964844
2023-06-28 13:30:00,XLI,Industrials,105.38999938964844
2023-06-29 13:30:00,XLI,Industrials,106.41000366210938
2023-06-30 13:30:00,XLI,Industrials,107.31999969482422
2023-07-03 13:30:00,XLI,Industrials,107.33999633789062
2023-07-05 13:30:00,XLI,Industrials,106.76000213623047
2023-07-06 13:30:00,XLI,Industrials,105.95999908447266
2023-07-07 13:30:00,XLI,Industrials,106.19999694824219
2023-07-10 13:30:00,XLI,Industrials,107.70999908447266
2023-07-11 13:30:00,XLI,Industrials,108.9800033569336
2023-07-12 13:30:00,XLI,Industrials,108.79000091552734
2023-07-13 13:30:00,XLI,Industrials,108.93000030517578
2023-07-14 13:30:00,XLI,Industrials,108.61000061035156
2023-07-17 13:30:00,XLI,Industrials,109.0199966430664
2023-07-18 13:30:00,XLI,Industrials,109.62999725341797
2023-07-19 13:30:00,XLI,Industrials,109.58000183105469
2023-07-20 13:30:00,XLI,Industrials,110.06999969482422
2023-07-21 13:30:00,XLI,Industrials,109.55000305175781
2023-07-24 13:30:00,XLI,Industrials,109.80000305175781
2023-07-25 13:30:00,XLI,Industrials,109.66000366210938
2023-07-26 13:30:00,XLI,Industrials,110.43000030517578
2023-07-27 13:30:00,XLI,Industrials,109.4800033569336
2023-07-28 13:30:00,XLI,Industrials,110.16000366210938
2023-07-31 13:30:00,XLI,Industrials,110.41999816894531
2023-08-01 13:30:00,XLI,Industrials,110.75
2023-08-02 13:30:00,XLI,Industrials,109.58999633789062
2023-08-03 13:30:00,XLI,Industrials,108.9000015258789
2023-08-04 13:30:00,XLI,Industrials,108.23999786376953
2023-08-07 13:30:00,XLI,Industrials,109.56999969482422
2023-08-08 13:30:00,XLI,Industrials,109.06999969482422
2023-08-09 13:30:00,XLI,Industrials,109.01000213623047
2023-08-10 13:30:00,XLI,Industrials,108.70999908447266
2023-08-11 13:30:00,XLI,Industrials,108.88999938964844
2023-08-14 13:30:00,XLI,Industrials,108.93000030517578
2023-08-15 13:30:00,XLI,Industrials,107.54000091552734
2023-08-16 13:30:00,XLI,Industrials,106.94000244140625
2023-08-17 13:30:00,XLI,Industrials,106.04000091552734
2023-08-18 13:30:00,XLI,Industrials,106.23999786376953
2023-08-21 13:30:00,XLI,Industrials,106.11000061035156
2023-08-22 13:30:00,XLI,Industrials,105.86000061035156
2023-08-23 13:30:00,XLI,Industrials,106.94999694824219
2023-08-24 13:30:00,XLI,Industrials,105.6500015258789
2023-08-25 13:30:00,XLI,Industrials,106.54000091552734
2023-08-28 13:30:00,XLI,Industrials,107.41000366210938
2023-08-29 13:30:00,XLI,Industrials,108.2300033569336
2023-08-30 13:30:00,XLI,Industrials,108.72000122070312
2023-08-31 13:30:00,XLI,Industrials,108.2300033569336
2023-09-01 13:30:00,XLI,Industrials,108.80000305175781
2023-09-05 13:30:00,XLI,Industrials,106.97000122070312
2023-09-06 13:30:00,XLI,Industrials,106.51000213623047
2023-09-07 13:30:00,XLI,Industrials,106.16000366210938
2023-09-08 13:30:00,XLI,Industrials,105.62999725341797
2023-09-11 13:30:00,XLI,Industrials,105.66000366210938
2023-09-12 13:30:00,XLI,Industrials,105.27999877929688
2023-09-13 13:30:00,XLI,Industrials,104.58000183105469
2023-09-14 13:30:00,XLI,Industrials,105.61000061035156
2023-09-15 13:30:00,XLI,Industrials,105.0
2023-09-18 13:30:00,XLI,Industrials,104.69000244140625
2023-09-19 13:30:00,XLI,Industrials,104.25
2023-09-20 13:30:00,XLI,Industrials,103.83999633789062
2023-09-21 13:30:00,XLI,Industrials,102.13999938964844
2023-09-22 13:30:00,XLI,Industrials,101.79000091552734
2023-09-25 13:30:00,XLI,Industrials,102.30000305175781
2023-09-26 13:30:00,XLI,Industrials,100.73999786376953
2023-09-27 13:30:00,XLI,Industrials,101.48999786376953
2023-09-28 13:30:00,XLI,Industrials,101.91999816894531
2023-09-29 13:30:00,XLI,Industrials,101.37999725341797
2023-10-02 13:30:00,XLI,Industrials,100.38999938964844
2023-10-03 13:30:00,XLI,Industrials,99.69000244140625
2023-10-04 13:30:00,XLI,Industrials,100.01000213623047
2023-10-05 13:30:00,XLI,Industrials,99.41999816894531
2023-10-06 13:30:00,XLI,Industrials,100.77999877929688
2023-10-09 13:30:00,XLI,Industrials,102.36000061035156
2023-10-10 13:30:00,XLI,Industrials,102.9800033569336
2023-10-11 13:30:00,XLI,Industrials,103.5999984741211
2023-10-12 13:30:00,XLI,Industrials,102.66000366210938
2023-10-13 13:30:00,XLI,Industrials,101.75
2023-10-16 13:30:00,XLI,Industrials,102.83000183105469
2023-10-17 13:30:00,XLI,Industrials,103.1500015258789
2023-10-18 13:30:00,XLI,Industrials,100.66000366210938
2023-10-19 13:30:00,XLI,Industrials,99.7300033569336
2023-10-20 13:30:00,XLI,Industrials,98.69999694824219
2023-10-23 13:30:00,XLI,Industrials,98.23999786376953
2023-10-24 13:30:00,XLI,Industrials,98.9800033569336
2023-10-25 13:30:00,XLI,Industrials,97.70999908447266
2023-10-26 13:30:00,XLI,Industrials,97.30000305175781
2023-10-27 13:30:00,XLI,Industrials,96.44000244140625
2023-10-30 13:30:00,XLI,Industrials,97.63999938964844
2023-10-31 13:30:00,XLI,Industrials,98.36000061035156
2023-11-01 13:30:00,XLI,Industrials,98.68000030517578
2023-11-02 13:30:00,XLI,Industrials,100.70999908447266
2023-11-03 13:30:00,XLI,Industrials,101.5999984741211
2023-11-06 14:30:00,XLI,Industrials,101.33000183105469
2023-11-07 14:30:00,XLI,Industrials,101.08000183105469
2023-11-08 14:30:00,XLI,Industrials,101.30999755859375
2023-11-09 14:30:00,XLI,Industrials,101.08999633789062
2023-11-10 14:30:00,XLI,Industrials,102.55000305175781
2023-11-13 14:30:00,XLI,Industrials,102.63999938964844
2023-11-14 14:30:00,XLI,Industrials,104.69999694824219
2023-11-15 14:30:00,XLI,Industrials,104.91999816894531
2023-11-16 14:30:00,XLI,Industrials,104.94000244140625
2023-11-17 14:30:00,XLI,Industrials,105.61000061035156
2023-11-20 14:30:00,XLI,Industrials,105.93000030517578
2023-11-21 14:30:00,XLI,Industrials,105.8499984741211
2023-11-22 14:30:00,XLI,Industrials,106.08000183105469
2023-11-24 14:30:00,XLI,Industrials,106.33999633789062
2023-11-27 14:30:00,XLI,Industrials,105.73999786376953
2023-11-28 14:30:00,XLI,Industrials,105.48999786376953
2023-11-29 14:30:00,XLI,Industrials,105.88999938964844
2023-11-30 14:30:00,XLI,Industrials,107.05000305175781
2023-12-01 14:30:00,XLI,Industrials,108.73999786376953
2023-12-04 14:30:00,XLI,Industrials,108.91999816894531
2023-12-05 14:30:00,XLI,Industrials,108.04000091552734
2023-12-06 14:30:00,XLI,Industrials,108.5199966430664
2023-12-07 14:30:00,XLI,Industrials,108.62000274658203
2023-12-08 14:30:00,XLI,Industrials,108.95999908447266
2023-12-11 14:30:00,XLI,Industrials,110.0
2023-12-12 14:30:00,XLI,Industrials,110.5
2023-12-13 14:30:00,XLI,Industrials,111.7300033569336
2023-12-14 14:30:00,XLI,Industrials,113.16999816894531
2023-12-15 14:30:00,XLI,Industrials,113.0199966430664
2023-12-18 14:30:00,XLI,Industrials,112.4000015258789
2023-12-19 14:30:00,XLI,Industrials,113.2699966430664
2023-12-20 14:30:00,XLI,Industrials,111.44000244140625
2023-12-21 14:30:00,XLI,Industrials,112.58999633789062
2023-12-22 14:30:00,XLI,Industrials,113.12999725341797
2023-12-26 14:30:00,XLI,Industrials,113.93000030517578
2023-12-27 14:30:00,XLI,Industrials,114.0999984741211
2023-12-28 14:30:00,XLI,Industrials,114.12999725341797
2023-12-29 14:30:00,XLI,Industrials,113.98999786376953
2024-01-02 14:30:00,XLI,Industrials,112.83999633789062
2024-01-03 14:30:00,XLI,Industrials,111.16000366210938
2024-01-04 14:30:00,XLI,Industrials,111.30000305175781
2024-01-05 14:30:00,XLI,Industrials,111.43000030517578
2024-01-08 14:30:00,XLI,Industrials,112.16000366210938
2024-01-09 14:30:00,XLI,Industrials,111.80999755859375
2024-01-10 14:30:00,XLI,Industrials,112.37999725341797
2024-01-11 14:30:00,XLI,Industrials,112.12000274658203
2024-01-12 14:30:00,XLI,Industrials,112.11000061035156
2024-01-16 14:30:00,XLI,Industrials,110.9800033569336
2024-01-17 14:30:00,XLI,Industrials,110.2300033569336
2024-01-18 14:30:00,XLI,Industrials,111.72000122070312
2024-01-19 14:30:00,XLI,Industrials,112.44999694824219
2024-01-22 14:30:00,XLI,Industrials,113.31999969482422
2024-01-23 14:30:00,XLI,Industrials,113.2300033569336
2024-01-24 14:30:00,XLI,Industrials,112.52999877929688
2024-01-25 14:30:00,XLI,Industrials,113.61000061035156
2024-01-26 14:30:00,XLI,Industrials,113.43000030517578
2024-01-29 14:30:00,XLI,Industrials,114.16999816894531
2024-01-30 14:30:00,XLI,Industrials,114.20999908447266
2024-01-31 14:30:00,XLI,Industrials,112.88999938964844
2024-02-01 14:30:00,XLI,Industrials,114.80999755859375
2024-02-02 14:30:00,XLI,Industrials,115.58000183105469
2024-02-05 14:30:00,XLI,Industrials,114.94999694824219
2024-02-06 14:30:00,XLI,Industrials,115.9800033569336
2024-02-07 14:30:00,XLI,Industrials,116.75
2024-02-08 14:30:00,XLI,Industrials,116.7699966430664
2024-02-09 14:30:00,XLI,Industrials,116.94999694824219
2024-02-12 14:30:00,XLI,Industrials,117.12000274658203
2024-02-13 14:30:00,XLI,Industrials,115.91999816894531
2024-02-14 14:30:00,XLI,Industrials,117.86000061035156
2024-02-15 14:30:00,XLI,Industrials,118.73999786376953
2024-02-16 14:30:00,XLI,Industrials,118.02999877929688
2024-02-20 14:30:00,XLI,Industrials,117.66000366210938
2024-02-21 14:30:00,XLI,Industrials,118.12999725341797
2024-02-22 14:30:00,XLI,Industrials,119.58999633789062
2024-02-23 14:30:00,XLI,Industrials,120.22000122070312
2024-02-26 14:30:00,XLI,Industrials,120.04000091552734
2024-02-27 14:30:00,XLI,Industrials,120.22000122070312
2024-02-28 14:30:00,XLI,Industrials,120.62999725341797
2024-02-29 14:30:00,XLI,Industrials,121.0
2024-03-01 14:30:00,XLI,Industrials,121.5199966430664
2024-03-04 14:30:00,XLI,Industrials,121.95999908447266
2024-03-05 14:30:00,XLI,Industrials,120.95999908447266
2024-03-06 14:30:00,XLI,Industrials,121.58999633789062
2024-03-07 14:30:00,XLI,Industrials,122.56999969482422
2024-03-08 14:30:00,XLI,Industrials,122.30000305175781
2024-03-11 13:30:00,XLI,Industrials,121.66999816894531
2024-03-12 13:30:00,XLI,Industrials,122.20999908447266
2024-03-13 13:30:00,XLI,Industrials,122.54000091552734
2024-03-14 13:30:00,XLI,Industrials,122.0199966430664
2024-03-15 13:30:00,XLI,Industrials,122.04000091552734
2024-03-18 13:30:00,XLI,Industrials,121.87999725341797
2024-03-19 13:30:00,XLI,Industrials,122.93000030517578
2024-03-20 13:30:00,XLI,Industrials,124.41000366210938
2024-03-21 13:30:00,XLI,Industrials,125.63999938964844
2024-03-22 13:30:00,XLI,Industrials,125.20999908447266
2024-03-25 13:30:00,XLI,Industrials,124.4000015258789
2024-03-26 13:30:00,XLI,Industrials,123.94999694824219
2024-03-27 13:30:00,XLI,Industrials,125.94000244140625
2024-03-28 13:30:00,XLI,Industrials,125.95999908447266
2024-04-01 13:30:00,XLI,Industrials,124.98999786376953
2024-04-02 13:30:00,XLI,Industrials,124.41000366210938
2024-04-03 13:30:00,XLI,Industrials,125.05000305175781
2024-04-04 13:30:00,XLI,Industrials,123.94999694824219
2024-04-05 13:30:00,XLI,Industrials,125.66999816894531
2024-04-08 13:30:00,XLI,Industrials,125.44999694824219
2024-04-09 13:30:00,XLI,Industrials,125.16000366210938
2024-04-10 13:30:00,XLI,Industrials,124.08999633789062
2024-04-11 13:30:00,XLI,Industrials,124.2300033569336
2024-04-12 13:30:00,XLI,Industrials,122.9000015258789
2024-04-15 13:30:00,XLI,Industrials,122.0199966430664
2024-04-16 13:30:00,XLI,Industrials,121.73999786376953
2024-04-17 13:30:00,XLI,Industrials,121.11000061035156
2024-04-18 13:30:00,XLI,Industrials,120.69000244140625
2024-04-19 13:30:00,XLI,Industrials,120.47000122070312
2024-04-22 13:30:00,XLI,Industrials,121.37999725341797
2024-04-23 13:30:00,XLI,Industrials,123.06999969482422
2024-04-24 13:30:00,XLI,Industrials,122.08999633789062
2024-04-25 13:30:00,XLI,Industrials,122.45999908447266
2024-04-26 13:30:00,XLI,Industrials,122.66000366210938
2024-04-29 13:30:00,XLI,Industrials,123.4800033569336
2024-04-30 13:30:00,XLI,Industrials,121.5199966430664
2024-05-01 13:30:00,XLI,Industrials,121.22000122070312
2024-05-02 13:30:00,XLI,Industrials,121.91999816894531
2024-05-03 13:30:00,XLI,Industrials,122.7699966430664
2024-05-06 13:30:00,XLI,Industrials,124.01000213623047
2024-05-07 13:30:00,XLI,Industrials,124.3499984741211
2024-05-08 13:30:00,XLI,Industrials,124.3499984741211
2024-05-09 13:30:00,XLI,Industrials,125.58999633789062
2024-05-10 13:30:00,XLI,Industrials,125.68000030517578
2024-05-13 13:30:00,XLI,Industrials,125.1500015258789
2024-05-14 13:30:00,XLI,Industrials,125.12000274658203
2024-05-15 13:30:00,XLI,Industrials,125.94000244140625
2024-05-16 13:30:00,XLI,Industrials,125.19000244140625
2024-05-17 13:30:00,XLI,Industrials,125.33000183105469
2024-05-20 13:30:00,XLI,Industrials,125.56999969482422
2024-05-21 13:30:00,XLI,Industrials,125.16000366210938
2024-05-22 13:30:00,XLI,Industrials,125.30999755859375
2024-05-23 13:30:00,XLI,Industrials,123.83000183105469
2024-05-24 13:30:00,XLI,Industrials,124.45999908447266
2024-05-28 13:30:00,XLI,Industrials,122.94000244140625
2024-05-29 13:30:00,XLI,Industrials,121.19999694824219
2024-05-30 13:30:00,XLI,Industrials,122.02999877929688
2024-05-31 13:30:00,XLI,Industrials,123.51000213623047
2024-06-03 13:30:00,XLI,Industrials,122.0
2024-06-04 13:30:00,XLI,Industrials,121.69999694824219
2024-06-05 13:30:00,XLI,Industrials,122.93000030517578
2024-06-06 13:30:00,XLI,Industrials,122.19999694824219
2024-06-07 13:30:00,XLI,Industrials,122.33000183105469
2024-06-10 13:30:00,XLI,Industrials,122.70999908447266
2024-06-11 13:30:00,XLI,Industrials,122.01000213623047
2024-06-12 13:30:00,XLI,Industrials,123.16999816894531
2024-06-13 13:30:00,XLI,Industrials,122.37999725341797
2024-06-14 13:30:00,XLI,Industrials,121.1500015258789
2024-06-17 13:30:00,XLI,Industrials,122.48999786376953
2024-06-18 13:30:00,XLI,Industrials,123.1500015258789
2024-06-20 13:30:00,XLI,Industrials,123.2300033569336
2024-06-21 13:30:00,XLI,Industrials,122.97000122070312
2024-06-24 13:30:00,XLI,Industrials,123.06999969482422
2024-06-25 13:30:00,XLI,Industrials,122.0199966430664
2024-06-26 13:30:00,XLI,Industrials,121.69000244140625
2024-06-27 13:30:00,XLI,Industrials,121.81999969482422
2024-06-28 13:30:00,XLI,Industrials,121.87000274658203
2024-07-01 13:30:00,XLI,Industrials,120.55999755859375
2024-07-02 13:30:00,XLI,Industrials,121.22000122070312
2024-07-03 13:30:00,XLI,Industrials,121.66000366210938
2024-07-05 13:30:00,XLI,Industrials,121.22000122070312
2024-07-08 13:30:00,XLI,Industrials,121.37000274658203
2024-07-09 13:30:00,XLI,Industrials,120.83999633789062
2024-07-10 13:30:00,XLI,Industrials,121.91999816894531
2024-07-11 13:30:00,XLI,Industrials,123.47000122070312
2024-07-12 13:30:00,XLI,Industrials,124.18000030517578
2024-07-15 13:30:00,XLI,Industrials,125.06999969482422
2024-07-16 13:30:00,XLI,Industrials,128.19000244140625
2024-07-17 13:30:00,XLI,Industrials,126.55000305175781
2024-07-18 13:30:00,XLI,Industrials,125.55999755859375
2024-07-19 13:30:00,XLI,Industrials,124.87000274658203
2024-07-22 13:30:00,XLI,Industrials,126.13999938964844
2024-07-23 13:30:00,XLI,Industrials,125.9000015258789
2024-07-24 13:30:00,XLI,Industrials,123.19000244140625
2024-07-25 13:30:00,XLI,Industrials,124.18000030517578
2024-07-26 13:30:00,XLI,Industrials,126.30000305175781
2024-07-29 13:30:00,XLI,Industrials,126.08000183105469
2024-07-30 13:30:00,XLI,Industrials,126.44999694824219
2024-07-31 13:30:00,XLI,Industrials,127.86000061035156
2024-08-01 13:30:00,XLI,Industrials,125.48999786376953
2024-08-02 13:30:00,XLI,Industrials,122.7300033569336
2024-08-05 13:30:00,XLI,Industrials,120.5999984741211
2024-08-06 13:30:00,XLI,Industrials,122.05000305175781
2024-08-07 13:30:00,XLI,Industrials,121.45999908447266
2024-08-08 13:30:00,XLI,Industrials,124.26000213623047
2024-08-09 13:30:00,XLI,Industrials,124.27999877929688
2024-08-12 13:30:00,XLI,Industrials,123.6500015258789
2024-08-13 13:30:00,XLI,Industrials,124.94999694824219
2024-08-14 13:30:00,XLI,Industrials,125.45999908447266
2024-08-15 13:30:00,XLI,Industrials,127.1500015258789
2024-08-16 13:30:00,XLI,Industrials,126.97000122070312
2024-08-19 13:30:00,XLI,Industrials,127.73999786376953
2024-08-20 13:30:00,XLI,Industrials,127.38999938964844
2024-08-21 13:30:00,XLI,Industrials,128.16000366210938
2024-08-22 13:30:00,XLI,Industrials,128.0
2024-08-23 13:30:00,XLI,Industrials,129.27999877929688
2024-08-26 13:30:00,XLI,Industrials,129.13999938964844
2024-08-27 13:30:00,XLI,Industrials,129.22000122070312
2024-08-28 13:30:00,XLI,Industrials,129.16000366210938
2024-08-29 13:30:00,XLI,Industrials,130.07000732421875
2024-08-30 13:30:00,XLI,Industrials,131.4600067138672
2024-09-03 13:30:00,XLI,Industrials,128.5500030517578
2024-09-04 13:30:00,XLI,Industrials,128.67999267578125
2024-09-05 13:30:00,XLI,Industrials,127.18000030517578
2024-09-06 13:30:00,XLI,Industrials,125.88999938964844
2024-09-09 13:30:00,XLI,Industrials,127.81999969482422
2024-09-10 13:30:00,XLI,Industrials,128.0399932861328
2024-09-11 13:30:00,XLI,Industrials,128.27000427246094
2024-09-12 13:30:00,XLI,Industrials,129.25999450683594
2024-09-13 13:30:00,XLI,Industrials,130.57000732421875
2024-09-16 13:30:00,XLI,Industrials,131.24000549316406
2024-09-17 13:30:00,XLI,Industrials,131.9600067138672
2024-09-18 13:30:00,XLI,Industrials,131.85000610351562
2024-09-19 13:30:00,XLI,Industrials,134.1199951171875
2024-09-20 13:30:00,XLI,Industrials,133.17999267578125
2024-09-23 13:30:00,XLI,Industrials,133.63999938964844
2024-09-24 13:30:00,XLI,Industrials,134.60000610351562
2024-09-25 13:30:00,XLI,Industrials,133.97000122070312
2024-09-26 13:30:00,XLI,Industrials,134.63999938964844
2024-09-27 13:30:00,XLI,Industrials,134.8300018310547
2024-09-30 13:30:00,XLI,Industrials,135.44000244140625
2024-10-01 13:30:00,XLI,Industrials,135.50999450683594
2024-10-02 13:30:00,XLI,Industrials,135.25999450683594
2024-10-03 13:30:00,XLI,Industrials,134.57000732421875
2024-10-04 13:30:00,XLI,Industrials,135.50999450683594
2024-10-07 13:30:00,XLI,Industrials,135.17999267578125
2024-10-08 13:30:00,XLI,Industrials,135.47999572753906
2024-10-09 13:30:00,XLI,Industrials,136.69000244140625
2024-10-10 13:30:00,XLI,Industrials,135.99000549316406
2024-10-11 13:30:00,XLI,Industrials,138.4199981689453
2024-10-14 13:30:00,XLI,Industrials,139.25
2024-10-15 13:30:00,XLI,Industrials,138.17999267578125
2024-10-16 13:30:00,XLI,Industrials,139.25
2024-10-17 13:30:00,XLI,Industrials,138.85000610351562
2024-10-18 13:30:00,XLI,Industrials,139.27000427246094
2024-10-21 13:30:00,XLI,Industrials,138.77999877929688
2024-10-22 13:30:00,XLI,Industrials,137.10000610351562
2024-10-23 13:30:00,XLI,Industrials,136.6999969482422
2024-10-24 13:30:00,XLI,Industrials,135.75999450683594
2024-10-25 13:30:00,XLI,Industrials,135.39999389648438
2024-10-28 13:30:00,XLI,Industrials,135.8000030517578
2024-10-29 13:30:00,XLI,Industrials,135.6199951171875
2024-10-30 13:30:00,XLI,Industrials,135.38999938964844
2024-10-31 13:30:00,XLI,Industrials,133.8300018310547
2024-11-01 13:30:00,XLI,Industrials,134.00999450683594
2024-11-04 14:30:00,XLI,Industrials,133.86000061035156
2024-11-05 14:30:00,XLI,Industrials,136.10000610351562
2024-11-06 14:30:00,XLI,Industrials,141.42999267578125
2024-11-07 14:30:00,XLI,Industrials,140.5800018310547
2024-11-08 14:30:00,XLI,Industrials,142.08999633789062
2024-11-11 14:30:00,XLI,Industrials,143.19000244140625
2024-11-12 14:30:00,XLI,Industrials,141.9600067138672
2024-11-13 14:30:00,XLI,Industrials,142.25999450683594
2024-11-14 14:30:00,XLI,Industrials,139.86000061035156
2024-11-15 14:30:00,XLI,Industrials,139.11000061035156
2024-11-18 14:30:00,XLI,Industrials,138.9199981689453
2024-11-19 14:30:00,XLI,Industrials,138.8000030517578
2024-11-20 14:30:00,XLI,Industrials,138.9499969482422
2024-11-21 14:30:00,XLI,Industrials,140.69000244140625
2024-11-22 14:30:00,XLI,Industrials,142.64999389648438
2024-11-25 14:30:00,XLI,Industrials,143.5399932861328
2024-11-26 14:30:00,XLI,Industrials,143.7100067138672
2024-11-27 14:30:00,XLI,Industrials,143.17999267578125
2024-11-29 14:30:00,XLI,Industrials,143.99000549316406
2024-12-02 14:30:00,XLI,Industrials,142.92999267578125
2024-12-03 14:30:00,XLI,Industrials,142.02999877929688
2024-12-04 14:30:00,XLI,Industrials,142.64999389648438
2024-12-05 14:30:00,XLI,Industrials,140.9199981689453
2024-12-06 14:30:00,XLI,Industrials,140.55999755859375
2024-12-09 14:30:00,XLI,Industrials,139.33999633789062
2024-12-10 14:30:00,XLI,Industrials,139.0
2024-12-11 14:30:00,XLI,Industrials,138.67999267578125
2024-12-12 14:30:00,XLI,Industrials,137.7899932861328
2024-12-13 14:30:00,XLI,Industrials,137.42999267578125
2024-12-16 14:30:00,XLI,Industrials,137.5500030517578
2024-12-17 14:30:00,XLI,Industrials,136.2899932861328
2024-12-18 14:30:00,XLI,Industrials,132.44000244140625
2024-12-19 14:30:00,XLI,Industrials,132.27000427246094
2024-12-20 14:30:00,XLI,Industrials,133.82000732421875
2024-12-23 14:30:00,XLI,Industrials,133.1199951171875
2024-12-24 14:30:00,XLI,Industrials,134.16000366210938
2024-12-26 14:30:00,XLI,Industrials,134.25999450683594
2024-12-27 14:30:00,XLI,Industrials,133.25999450683594
2024-12-30 14:30:00,XLI,Industrials,131.9199981689453
2024-12-31 14:30:00,XLI,Industrials,131.75999450683594
2025-01-02 14:30:00,XLI,Industrials,131.3000030517578
2025-01-03 14:30:00,XLI,Industrials,132.72000122070312
2025-01-06 14:30:00,XLI,Industrials,132.42999267578125
2025-01-07 14:30:00,XLI,Industrials,132.3000030517578
2025-01-08 14:30:00,XLI,Industrials,132.82000732421875
2025-01-10 14:30:00,XLI,Industrials,131.3300018310547
2025-01-13 14:30:00,XLI,Industrials,132.8699951171875
2025-01-14 14:30:00,XLI,Industrials,134.44000244140625
2025-01-15 14:30:00,XLI,Industrials,135.2899932861328
2025-01-16 14:30:00,XLI,Industrials,136.92999267578125
2025-01-17 14:30:00,XLI,Industrials,137.75
2025-01-21 14:30:00,XLI,Industrials,140.5800018310547
2025-01-22 14:30:00,XLI,Industrials,140.25
2025-01-23 14:30:00,XLI,Industrials,141.6699981689453
2025-01-24 14:30:00,XLI,Industrials,141.07000732421875
2025-01-27 14:30:00,XLI,Industrials,139.17999267578125
2025-01-28 14:30:00,XLI,Industrials,138.25999450683594
2025-01-29 14:30:00,XLI,Industrials,137.7899932861328
2025-01-30 14:30:00,XLI,Industrials,139.3300018310547
2025-01-31 14:30:00,XLI,Industrials,138.35000610351562
2025-02-03 14:30:00,XLI,Industrials,136.97999572753906
2025-02-04 14:30:00,XLI,Industrials,137.02000427246094
2025-02-05 14:30:00,XLI,Industrials,137.1199951171875
2025-02-06 14:30:00,XLI,Industrials,137.74000549316406
2025-02-07 14:30:00,XLI,Industrials,137.3300018310547
2025-02-10 14:30:00,XLI,Industrials,138.55999755859375
2025-02-11 14:30:00,XLI,Industrials,138.61000061035156
2025-02-12 14:30:00,XLI,Industrials,137.75
2025-02-13 14:30:00,XLI,Industrials,137.88999938964844
2025-02-14 14:30:00,XLI,Industrials,137.5500030517578
2025-02-18 14:30:00,XLI,Industrials,138.6300048828125
2025-02-19 14:30:00,XLI,Industrials,138.77000427246094
2025-02-20 14:30:00,XLI,Industrials,137.86000061035156
2025-02-21 14:30:00,XLI,Industrials,134.83999633789062
2025-02-24 14:30:00,XLI,Industrials,134.22999572753906
2025-02-25 14:30:00,XLI,Industrials,134.9199981689453
2025-02-26 14:30:00,XLI,Industrials,135.0
2025-02-27 14:30:00,XLI,Industrials,134.52999877929688
2025-02-28 14:30:00,XLI,Industrials,136.3300018310547
2025-03-03 14:30:00,XLI,Industrials,134.38999938964844
2025-03-04 14:30:00,XLI,Industrials,131.77000427246094
2025-03-05 14:30:00,XLI,Industrials,133.85000610351562
2025-03-06 14:30:00,XLI,Industrials,132.6999969482422
2025-03-07 14:30:00,XLI,Industrials,134.25
2025-03-10 13:30:00,XLI,Industrials,132.14999389648438
2025-03-11 13:30:00,XLI,Industrials,130.1199951171875
2025-03-12 13:30:00,XLI,Industrials,130.11000061035156
2025-03-13 13:30:00,XLI,Industrials,128.77999877929688
2025-03-14 13:30:00,XLI,Industrials,131.1300048828125
2025-03-17 13:30:00,XLI,Industrials,132.94000244140625
2025-03-18 13:30:00,XLI,Industrials,131.8800048828125
2025-03-19 13:30:00,XLI,Industrials,133.6300048828125
2025-03-20 13:30:00,XLI,Industrials,132.9600067138672
2025-03-21 13:30:00,XLI,Industrials,132.25
2025-03-24 13:30:00,XLI,Industrials,134.2899932861328
2025-03-25 13:30:00,XLI,Industrials,134.49000549316406
2025-03-26 13:30:00,XLI,Industrials,133.60000610351562
2025-03-27 13:30:00,XLI,Industrials,132.88999938964844
2025-03-28 13:30:00,XLI,Industrials,130.14999389648438
2025-03-31 13:30:00,XLI,Industrials,131.07000732421875
2025-04-01 13:30:00,XLI,Industrials,131.80999755859375
2025-04-02 13:30:00,XLI,Industrials,133.0500030517578
2025-04-03 13:30:00,XLI,Industrials,125.8499984741211
2025-04-04 13:30:00,XLI,Industrials,117.94000244140625
2025-04-07 13:30:00,XLI,Industrials,117.38999938964844
2025-04-08 13:30:00,XLI,Industrials,116.41999816894531
2025-04-09 13:30:00,XLI,Industrials,126.76000213623047
2025-04-10 13:30:00,XLI,Industrials,123.48999786376953
2025-04-11 13:30:00,XLI,Industrials,125.66999816894531
2025-04-14 13:30:00,XLI,Industrials,126.9800033569336
2025-04-15 13:30:00,XLI,Industrials,126.3499984741211
2025-04-16 13:30:00,XLI,Industrials,124.62000274658203
2025-04-17 13:30:00,XLI,Industrials,125.30000305175781
2025-04-21 13:30:00,XLI,Industrials,122.48999786376953
2025-04-22 13:30:00,XLI,Industrials,124.62999725341797
2025-04-23 13:30:00,XLI,Industrials,126.19000244140625
2025-04-24 13:30:00,XLI,Industrials,129.02000427246094
2025-04-25 13:30:00,XLI,Industrials,129.00999450683594
2025-04-28 13:30:00,XLI,Industrials,129.44000244140625
2025-04-29 13:30:00,XLI,Industrials,130.27999877929688
2025-04-30 13:30:00,XLI,Industrials,131.22000122070312
2025-05-01 13:30:00,XLI,Industrials,132.2100067138672
2025-05-02 13:30:00,XLI,Industrials,134.5800018310547
2025-05-05 13:30:00,XLI,Industrials,134.64999389648438
2025-05-06 13:30:00,XLI,Industrials,133.47000122070312
2025-05-07 13:30:00,XLI,Industrials,134.14999389648438
2025-05-08 13:30:00,XLI,Industrials,136.0
2025-05-09 13:30:00,XLI,Industrials,136.11000061035156
2025-05-12 13:30:00,XLI,Industrials,140.3000030517578
2025-05-13 13:30:00,XLI,Industrials,141.27999877929688
2025-05-14 13:30:00,XLI,Industrials,140.60000610351562
2025-05-15 13:30:00,XLI,Industrials,142.16000366210938
2025-05-16 13:30:00,XLI,Industrials,143.77999877929688
2025-05-19 13:30:00,XLI,Industrials,144.27000427246094
2025-05-20 13:30:00,XLI,Industrials,143.75
2025-05-21 13:30:00,XLI,Industrials,141.32000732421875
2025-05-22 13:30:00,XLI,Industrials,141.2899932861328
2025-05-23 13:30:00,XLI,Industrials,140.8300018310547
2025-05-27 13:30:00,XLI,Industrials,143.30999755859375
2025-05-28 13:30:00,XLI,Industrials,142.60000610351562
2025-05-29 13:30:00,XLI,Industrials,142.72999572753906
2025-05-30 13:30:00,XLI,Industrials,142.82000732421875
2025-06-02 13:30:00,XLI,Industrials,142.63999938964844
2025-06-03 13:30:00,XLI,Industrials,143.74000549316406
2025-06-04 13:30:00,XLI,Industrials,143.82000732421875
2025-06-05 13:30:00,XLI,Industrials,143.72000122070312
2025-06-06 13:30:00,XLI,Industrials,144.92999267578125
2025-06-09 13:30:00,XLI,Industrials,144.8000030517578
2025-06-10 13:30:00,XLI,Industrials,144.1699981689453
2025-06-11 13:30:00,XLI,Industrials,144.24000549316406
2025-06-12 13:30:00,XLI,Industrials,143.86000061035156
2025-06-13 13:30:00,XLI,Industrials,142.64999389648438
2025-06-16 13:30:00,XLI,Industrials,143.6300048828125
2025-06-17 13:30:00,XLI,Industrials,142.5500030517578
2025-06-18 13:30:00,XLI,Industrials,142.2100067138672
2025-06-20 13:30:00,XLI,Industrials,142.3699951171875
2025-06-23 13:30:00,XLI,Industrials,143.86000061035156
2025-06-24 13:30:00,XLI,Industrials,145.05999755859375
2025-06-25 13:30:00,XLI,Industrials,143.77999877929688
2025-06-26 13:30:00,XLI,Industrials,145.33999633789062
2025-06-27 13:30:00,XLI,Industrials,146.7899932861328
2025-06-30 13:30:00,XLI,Industrials,147.52000427246094
2025-07-01 13:30:00,XLI,Industrials,148.00999450683594
2025-07-02 13:30:00,XLI,Industrials,148.16000366210938
2025-07-03 13:30:00,XLI,Industrials,149.4199981689453
2025-07-07 13:30:00,XLI,Industrials,148.89999389648438
2025-07-08 13:30:00,XLI,Industrials,148.86000061035156
2025-07-09 13:30:00,XLI,Industrials,149.89999389648438
2025-07-10 13:30:00,XLI,Industrials,150.74000549316406
2025-07-11 13:30:00,XLI,Industrials,150.1999969482422
2025-07-14 13:30:00,XLI,Industrials,151.00999450683594
2025-07-15 13:30:00,XLI,Industrials,149.8800048828125
2025-07-16 13:30:00,XLI,Industrials,150.41000366210938
2025-07-17 13:30:00,XLI,Industrials,151.8000030517578
2025-07-18 13:30:00,XLI,Industrials,151.4600067138672
2025-07-21 13:30:00,XLI,Industrials,150.66000366210938
2025-07-22 13:30:00,XLI,Industrials,151.02000427246094
2025-07-23 13:30:00,XLI,Industrials,153.72999572753906
2025-07-24 13:30:00,XLI,Industrials,153.47000122070312
2025-07-25 13:30:00,XLI,Industrials,154.99000549316406
2025-07-28 13:30:00,XLI,Industrials,154.50999450683594
2025-07-29 13:30:00,XLI,Industrials,152.75
2025-07-30 13:30:00,XLI,Industrials,152.0
2025-07-31 13:30:00,XLI,Industrials,152.00999450683594
2025-08-01 13:30:00,XLI,Industrials,149.74000549316406
2025-08-04 13:30:00,XLI,Industrials,151.1199951171875
2025-08-05 13:30:00,XLI,Industrials,150.80999755859375
2025-08-06 13:30:00,XLI,Industrials,150.92999267578125
2025-08-07 13:30:00,XLI,Industrials,150.7100067138672
2025-08-08 13:30:00,XLI,Industrials,150.8300018310547
2025-08-11 13:30:00,XLI,Industrials,150.33999633789062
2025-08-12 13:30:00,XLI,Industrials,151.89999389648438
2025-08-13 13:30:00,XLI,Industrials,152.47999572753906
2025-08-14 13:30:00,XLI,Industrials,151.1300048828125
2025-08-15 13:30:00,XLI,Industrials,150.44000244140625
2025-08-18 13:30:00,XLI,Industrials,151.02999877929688
2025-08-19 13:30:00,XLI,Industrials,151.36000061035156
2025-08-20 13:30:00,XLI,Industrials,151.22000122070312
2025-08-21 13:30:00,XLI,Industrials,150.67999267578125
2025-08-22 13:30:00,XLI,Industrials,153.13999938964844
2025-08-25 13:30:00,XLI,Industrials,151.61000061035156
2025-08-26 13:30:00,XLI,Industrials,153.1699981689453
2025-08-27 13:30:00,XLI,Industrials,153.14999389648438
2025-08-28 13:30:00,XLI,Industrials,153.4199981689453
2025-08-29 13:30:00,XLI,Industrials,152.00999450683594
2025-09-02 13:30:00,XLI,Industrials,150.55999755859375
2025-09-03 13:30:00,XLI,Industrials,149.8000030517578
2025-09-04 13:30:00,XLI,Industrials,151.49000549316406
2025-09-05 13:30:00,XLI,Industrials,150.92999267578125
2025-09-08 13:30:00,XLI,Industrials,151.27000427246094
2025-09-09 13:30:00,XLI,Industrials,150.25
2025-09-10 13:30:00,XLI,Industrials,151.36000061035156
2025-09-11 13:30:00,XLI,Industrials,152.8000030517578
2025-09-12 13:30:00,XLI,Industrials,151.5800018310547
2025-09-15 13:30:00,XLI,Industrials,152.27999877929688
2025-09-16 13:30:00,XLI,Industrials,151.8300018310547
2025-09-17 13:30:00,XLI,Industrials,151.13999938964844
2025-09-18 13:30:00,XLI,Industrials,152.75
2025-09-19 13:30:00,XLI,Industrials,153.1199951171875
2025-09-22 13:30:00,XLI,Industrials,153.0
2025-09-23 13:30:00,XLI,Industrials,153.0399932861328
2025-09-24 13:30:00,XLI,Industrials,152.25
2025-09-25 13:30:00,XLI,Industrials,151.22000122070312
2025-09-26 13:30:00,XLI,Industrials,152.5800018310547
2025-09-29 13:30:00,XLI,Industrials,153.0500030517578
2025-09-30 13:30:00,XLI,Industrials,154.22999572753906
2025-10-01 13:30:00,XLI,Industrials,153.8000030517578
2025-10-02 13:30:00,XLI,Industrials,154.1999969482422
2025-10-03 13:30:00,XLI,Industrials,154.41000366210938
2025-10-06 13:30:00,XLI,Industrials,155.1300048828125
2025-10-07 13:30:00,XLI,Industrials,154.25
2025-10-08 13:30:00,XLI,Industrials,155.58999633789062
2025-10-09 13:30:00,XLI,Industrials,153.2899932861328
2025-10-10 13:30:00,XLI,Industrials,149.89999389648438
2025-10-13 13:30:00,XLI,Industrials,151.4600067138672
2025-10-14 13:30:00,XLI,Industrials,153.24000549316406
2025-10-15 13:30:00,XLI,Industrials,152.60000610351562
2025-10-16 13:30:00,XLI,Industrials,151.60000610351562
2025-10-17 13:30:00,XLI,Industrials,151.72999572753906
2025-10-20 13:30:00,XLI,Industrials,153.52000427246094
2025-10-21 13:30:00,XLI,Industrials,154.8800048828125
2025-10-22 13:30:00,XLI,Industrials,152.8699951171875
2025-10-23 13:30:00,XLI,Industrials,154.77999877929688
2025-10-24 13:30:00,XLI,Industrials,154.91000366210938
2025-10-27 13:30:00,XLI,Industrials,155.7899932861328
2025-10-28 13:30:00,XLI,Industrials,154.67999267578125
2025-10-29 13:30:00,XLI,Industrials,155.0800018310547
2025-10-30 13:30:00,XLI,Industrials,154.69000244140625
2025-10-31 13:30:00,XLI,Industrials,155.05999755859375
2025-11-03 14:30:00,XLI,Industrials,154.39999389648438
2025-11-04 14:30:00,XLI,Industrials,152.61000061035156
2025-11-05 14:30:00,XLI,Industrials,153.1999969482422
2025-11-06 14:30:00,XLI,Industrials,152.58999633789062
2025-11-07 14:30:00,XLI,Industrials,153.3300018310547
2025-11-10 14:30:00,XLI,Industrials,154.1999969482422
2025-11-11 14:30:00,XLI,Industrials,154.24000549316406
2025-11-12 14:30:00,XLI,Industrials,154.38999938964844
2025-11-13 14:30:00,XLI,Industrials,152.0
2025-11-14 14:30:00,XLI,Industrials,152.00999450683594
2025-11-17 14:30:00,XLI,Industrials,150.52000427246094
2025-11-18 14:30:00,XLI,Industrials,149.85000610351562
2025-11-19 14:30:00,XLI,Industrials,150.35000610351562
2025-11-20 14:30:00,XLI,Industrials,147.8300018310547
2025-11-21 14:30:00,XLI,Industrials,149.6300048828125
2025-11-24 14:30:00,XLI,Industrials,150.0
2025-11-25 14:30:00,XLI,Industrials,151.9199981689453
2025-11-26 14:30:00,XLI,Industrials,152.8000030517578
2025-11-28 14:30:00,XLI,Industrials,153.69000244140625
2025-12-01 14:30:00,XLI,Industrials,151.44000244140625
2025-12-02 14:30:00,XLI,Industrials,152.75999450683594
2025-12-03 14:30:00,XLI,Industrials,154.2100067138672
2025-12-04 14:30:00,XLI,Industrials,155.00999450683594
2025-12-05 14:30:00,XLI,Industrials,154.5800018310547
2025-12-08 14:30:00,XLI,Industrials,154.38999938964844
2025-12-09 14:30:00,XLI,Industrials,153.25999450683594
2025-12-10 14:30:00,XLI,Industrials,156.05999755859375
2025-12-11 14:30:00,XLI,Industrials,157.72999572753906
2025-12-12 14:30:00,XLI,Industrials,156.74000549316406
2025-12-15 14:30:00,XLI,Industrials,156.99000549316406
2025-12-16 14:30:00,XLI,Industrials,156.05999755859375
2025-12-17 14:30:00,XLI,Industrials,153.52999877929688
2025-12-18 14:30:00,XLI,Industrials,154.52999877929688
2025-12-19 14:30:00,XLI,Industrials,155.86000061035156
2025-12-22 14:30:00,XLI,Industrials,157.0500030517578
2025-12-23 14:30:00,XLI,Industrials,156.99000549316406
2025-12-24 14:30:00,XLI,Industrials,157.5
2025-12-26 14:30:00,XLI,Industrials,157.2100067138672
2025-12-29 14:30:00,XLI,Industrials,156.8699951171875
2025-12-30 14:30:00,XLI,Industrials,156.4199981689453
2025-12-31 14:30:00,XLI,Industrials,155.1199951171875
2026-01-02 14:30:00,XLI,Industrials,157.97999572753906
2026-01-05 14:30:00,XLI,Industrials,159.85000610351562
2026-01-06 14:30:00,XLI,Industrials,162.02000427246094
2026-01-07 14:30:00,XLI,Industrials,158.97000122070312
2026-01-08 14:30:00,XLI,Industrials,160.1699981689453
2026-01-09 14:30:00,XLI,Industrials,161.92999267578125
2026-01-12 14:30:00,XLI,Industrials,163.1699981689453
2026-01-13 14:30:00,XLI,Industrials,164.00999450683594
2026-01-14 14:30:00,XLI,Industrials,164.27000427246094
2026-01-15 14:30:00,XLI,Industrials,165.77999877929688
2026-01-16 14:30:00,XLI,Industrials,166.89999389648438
2026-01-20 14:30:00,XLI,Industrials,163.52999877929688
2026-01-21 14:30:00,XLI,Industrials,166.36000061035156
2026-01-22 14:30:00,XLI,Industrials,165.5
2026-01-23 14:30:00,XLI,Industrials,164.22000122070312
2026-01-26 14:30:00,XLI,Industrials,164.3800048828125
2026-01-27 14:30:00,XLI,Industrials,165.05999755859375
2026-01-28 14:30:00,XLI,Industrials,164.13999938964844
2026-01-29 14:30:00,XLI,Industrials,165.86000061035156
2026-01-30 14:30:00,XLI,Industrials,165.44000244140625
2026-02-02 14:30:00,XLI,Industrials,167.52999877929688
2026-02-03 14:30:00,XLI,Industrials,168.94000244140625
2026-02-04 14:30:00,XLI,Industrials,169.38999938964844
2026-02-05 14:30:00,XLI,Industrials,168.3699951171875
2026-02-06 14:30:00,XLI,Industrials,173.17999267578125
2026-02-09 14:30:00,XLI,Industrials,173.6999969482422
2026-02-10 14:30:00,XLI,Industrials,173.91000366210938
2026-02-11 14:30:00,XLI,Industrials,174.83999633789062
2026-02-12 14:30:00,XLI,Industrials,172.75
2026-02-13 14:30:00,XLI,Industrials,174.1699981689453
2026-02-17 14:30:00,XLI,Industrials,175.0800018310547
2026-02-18 14:30:00,XLI,Industrials,175.0399932861328
2026-02-19 14:30:00,XLI,Industrials,176.33999633789062
2026-02-20 14:30:00,XLI,Industrials,177.22999572753906
2026-02-23 14:30:00,XLI,Industrials,174.8300018310547
2026-02-24 14:30:00,XLI,Industrials,176.97999572753906
2026-02-25 14:30:00,XLI,Industrials,175.60000610351562
2026-02-26 14:30:00,XLI,Industrials,176.6999969482422
2026-02-27 14:30:00,XLI,Industrials,177.13999938964844
2026-03-02 14:30:00,XLI,Industrials,178.89999389648438
2026-03-03 14:30:00,XLI,Industrials,175.44000244140625
2026-03-04 14:30:00,XLI,Industrials,175.97000122070312
2026-03-05 14:30:00,XLI,Industrials,172.05999755859375
2026-03-06 14:30:00,XLI,Industrials,169.94000244140625
2026-03-09 13:30:00,XLI,Industrials,170.94000244140625
2026-03-10 13:30:00,XLI,Industrials,170.02000427246094
2026-03-11 13:30:00,XLI,Industrials,169.49000549316406
2026-03-12 13:30:00,XLI,Industrials,165.24000549316406
2026-03-13 13:30:00,XLI,Industrials,164.64999389648438
2026-03-16 13:30:00,XLI,Industrials,166.05999755859375
2026-03-17 13:30:00,XLI,Industrials,166.5
2026-03-18 13:30:00,XLI,Industrials,165.17999267578125
2026-03-19 13:30:00,XLI,Industrials,164.05999755859375
2026-03-20 13:30:00,XLI,Industrials,161.6699981689453
2026-03-23 13:30:00,XLI,Industrials,163.0500030517578
2026-03-24 13:30:00,XLI,Industrials,164.0
2026-03-25 13:30:00,XLI,Industrials,165.10000610351562
2026-03-26 13:30:00,XLI,Industrials,161.27000427246094
2026-03-27 13:30:00,XLI,Industrials,159.1999969482422
2026-03-30 13:30:00,XLI,Industrials,156.61000061035156
2026-03-31 13:30:00,XLI,Industrials,161.72999572753906
2026-04-01 13:30:00,XLI,Industrials,164.42999267578125
2026-04-02 13:30:00,XLI,Industrials,163.77000427246094
2026-04-06 13:30:00,XLI,Industrials,164.61000061035156
2026-04-07 13:30:00,XLI,Industrials,164.27999877929688
2026-04-08 13:30:00,XLI,Industrials,170.44000244140625
2026-04-09 13:30:00,XLI,Industrials,172.19000244140625
2026-04-10 13:30:00,XLI,Industrials,171.52000427246094
2026-04-13 13:30:00,XLI,Industrials,172.72999572753906
2026-04-14 13:30:00,XLI,Industrials,173.35000610351562
2026-04-15 13:30:00,XLI,Industrials,171.17999267578125
2026-04-16 13:30:00,XLI,Industrials,170.3300018310547
2026-04-17 13:30:00,XLI,Industrials,173.50999450683594
2026-04-20 13:30:00,XLI,Industrials,173.89999389648438
2026-04-21 13:30:00,XLI,Industrials,171.44000244140625
2026-04-22 13:30:00,XLI,Industrials,171.0399932861328
2026-04-23 13:30:00,XLI,Industrials,174.07000732421875
2026-04-24 13:30:00,XLI,Industrials,172.47000122070312
2026-04-27 13:30:00,XLI,Industrials,172.50999450683594
2026-04-28 13:30:00,XLI,Industrials,170.97999572753906
2026-04-29 13:30:00,XLI,Industrials,169.92999267578125
2026-04-30 13:30:00,XLI,Industrials,174.5800018310547
2026-05-01 13:30:00,XLI,Industrials,172.9600067138672
2026-05-04 13:30:00,XLI,Industrials,170.97999572753906
2026-05-05 13:30:00,XLI,Industrials,172.41000366210938
2026-05-06 13:30:00,XLI,Industrials,176.8699951171875
2026-05-07 13:30:00,XLI,Industrials,174.0
2026-05-08 13:30:00,XLI,Industrials,173.1999969482422
2026-05-11 13:30:00,XLI,Industrials,175.0399932861328
2026-05-12 13:30:00,XLI,Industrials,174.35000610351562
2026-05-13 13:30:00,XLI,Industrials,173.6199951171875
2026-05-14 13:30:00,XLI,Industrials,174.50999450683594
2026-05-15 13:30:00,XLI,Industrials,171.39999389648438
2026-05-18 13:30:00,XLI,Industrials,170.75
2026-05-19 13:30:00,XLI,Industrials,168.74000549316406
2026-05-20 13:30:00,XLI,Industrials,170.72999572753906
2026-05-21 13:30:00,XLI,Industrials,170.52999877929688
2026-05-22 13:30:00,XLI,Industrials,171.77000427246094
2026-05-26 13:30:00,XLI,Industrials,174.3000030517578
2026-05-27 13:30:00,XLI,Industrials,174.3000030517578
2026-05-28 13:30:00,XLI,Industrials,173.8000030517578
2026-05-29 13:30:00,XLI,Industrials,173.1300048828125
2026-06-01 13:30:00,XLI,Industrials,172.39999389648438
2026-06-02 13:30:00,XLI,Industrials,174.19000244140625
2026-06-03 13:30:00,XLI,Industrials,174.0500030517578
2026-06-04 13:30:00,XLI,Industrials,176.16000366210938
2026-06-05 13:30:00,XLI,Industrials,174.17999267578125
2026-06-08 13:30:00,XLI,Industrials,173.6300048828125
2026-06-09 13:30:00,XLI,Industrials,175.60000610351562
2026-06-10 13:30:00,XLI,Industrials,169.66000366210938
2026-06-11 13:30:00,XLI,Industrials,175.14999389648438
2026-06-12 13:30:00,XLI,Industrials,176.17999267578125
2026-06-15 13:30:00,XLI,Industrials,178.67999267578125
2026-06-16 13:30:00,XLI,Industrials,179.85000610351562
2026-06-17 13:30:00,XLI,Industrials,179.60000610351562
2026-06-18 13:30:00,XLI,Industrials,180.91000366210938
2026-06-22 13:30:00,XLI,Industrials,181.8000030517578
2026-06-23 13:30:00,XLI,Industrials,178.14999389648438
2026-06-24 13:30:00,XLI,Industrials,180.2100067138672
2026-06-25 13:30:00,XLI,Industrials,184.1199951171875
2026-06-26 13:30:00,XLI,Industrials,181.1999969482422
2026-06-29 13:30:00,XLI,Industrials,182.75999450683594
2026-06-30 13:30:00,XLI,Industrials,185.22999572753906
2026-07-01 13:30:00,XLI,Industrials,183.36000061035156
2026-07-02 13:30:00,XLI,Industrials,183.91000366210938
2026-07-06 13:30:00,XLI,Industrials,185.55999755859375
2026-07-07 13:30:00,XLI,Industrials,182.3800048828125
2026-07-08 13:30:00,XLI,Industrials,180.4199981689453
2026-07-09 13:30:00,XLI,Industrials,181.11000061035156
2026-07-10 13:30:00,XLI,Industrials,181.9199981689453
2026-07-13 13:30:00,XLI,Industrials,180.3699951171875
2026-07-14 13:30:00,XLI,Industrials,180.4499969482422
2026-07-15 13:30:00,XLI,Industrials,180.05999755859375
2026-07-16 13:30:00,XLI,Industrials,180.14999389648438
2026-07-17 13:30:00,XLI,Industrials,179.41000366210938
2026-07-20 13:30:00,XLI,Industrials,178.1199951171875
2026-07-21 13:30:00,XLI,Industrials,178.66000366210938
2026-07-22 13:30:00,XLI,Industrials,178.85000610351562
2026-07-23 13:30:00,XLI,Industrials,181.94000244140625
2026-07-24 13:30:00,XLI,Industrials,182.66000366210938
2026-07-27 13:30:00,XLI,Industrials,183.1999969482422
2026-07-28 13:30:00,XLI,Industrials,182.49000549316406
2026-07-29 13:30:00,XLI,Industrials,176.66000366210938
2026-07-30 13:30:00,XLI,Industrials,178.38999938964844
2026-07-31 13:30:00,XLI,Industrials,179.83999633789062
2026-08-03 13:30:00,XLI,Industrials,183.16000366210938
2026-08-04 13:30:00,XLI,Industrials,186.39999389648438
2026-08-05 13:30:00,XLI,Industrials,186.35000610351562
2026-08-06 13:30:00,XLI,Industrials,184.75999450683594
2026-08-07 13:30:00,XLI,Industrials,185.17999267578125
2026-08-10 13:30:00,XLI,Industrials,184.60000610351562
2026-08-11 13:30:00,XLI,Industrials,185.6999969482422
2026-08-12 13:30:00,XLI,Industrials,185.8800048828125
2026-08-13 13:30:00,XLI,Industrials,185.7899932861328
2026-08-14 13:30:00,XLI,Industrials,186.50999450683594
2026-08-17 13:30:00,XLI,Industrials,186.32000732421875
2026-08-18 13:30:00,XLI,Industrials,183.57000732421875
2026-08-19 13:30:00,XLI,Industrials,181.9499969482422
2026-08-20 13:30:00,XLI,Industrials,179.77000427246094
2026-08-21 13:30:00,XLI,Industrials,180.25
2026-08-24 13:30:00,XLI,Industrials,179.0
2026-08-25 13:30:00,XLI,Industrials,178.39999389648438
2026-08-26 13:30:00,XLI,Industrials,180.33999633789062
2026-08-27 13:30:00,XLI,Industrials,178.8000030517578
2026-08-28 13:30:00,XLI,Industrials,177.13999938964844
2021-08-30 13:30:00,XLK,Information Technology,79.8499984741211
2021-08-31 13:30:00,XLK,Information Technology,79.43000030517578
2021-09-01 13:30:00,XLK,Information Technology,79.44999694824219
2021-09-02 13:30:00,XLK,Information Technology,79.36499786376953
2021-09-03 13:30:00,XLK,Information Technology,79.68000030517578
2021-09-07 13:30:00,XLK,Information Technology,79.69999694824219
2021-09-08 13:30:00,XLK,Information Technology,79.3949966430664
2021-09-09 13:30:00,XLK,Information Technology,79.09500122070312
2021-09-10 13:30:00,XLK,Information Technology,78.31500244140625
2021-09-13 13:30:00,XLK,Information Technology,78.33999633789062
2021-09-14 13:30:00,XLK,Information Technology,78.23999786376953
2021-09-15 13:30:00,XLK,Information Technology,78.92500305175781
2021-09-16 13:30:00,XLK,Information Technology,78.97000122070312
2021-09-17 13:30:00,XLK,Information Technology,77.73999786376953
2021-09-20 13:30:00,XLK,Information Technology,76.19000244140625
2021-09-21 13:30:00,XLK,Information Technology,76.22000122070312
2021-09-22 13:30:00,XLK,Information Technology,77.26499938964844
2021-09-23 13:30:00,XLK,Information Technology,78.30000305175781
2021-09-24 13:30:00,XLK,Information Technology,78.3550033569336
2021-09-27 13:30:00,XLK,Information Technology,77.59500122070312
2021-09-28 13:30:00,XLK,Information Technology,75.29499816894531
2021-09-29 13:30:00,XLK,Information Technology,75.19999694824219
2021-09-30 13:30:00,XLK,Information Technology,74.66000366210938
2021-10-01 13:30:00,XLK,Information Technology,75.78500366210938
2021-10-04 13:30:00,XLK,Information Technology,74.02999877929688
2021-10-05 13:30:00,XLK,Information Technology,75.08499908447266
2021-10-06 13:30:00,XLK,Information Technology,75.57499694824219
2021-10-07 13:30:00,XLK,Information Technology,76.26499938964844
2021-10-08 13:30:00,XLK,Information Technology,75.9800033569336
2021-10-11 13:30:00,XLK,Information Technology,75.55999755859375
2021-10-12 13:30:00,XLK,Information Technology,75.16999816894531
2021-10-13 13:30:00,XLK,Information Technology,75.62999725341797
2021-10-14 13:30:00,XLK,Information Technology,77.33499908447266
2021-10-15 13:30:00,XLK,Information Technology,77.95500183105469
2021-10-18 13:30:00,XLK,Information Technology,78.61499786376953
2021-10-19 13:30:00,XLK,Information Technology,79.3949966430664
2021-10-20 13:30:00,XLK,Information Technology,79.17500305175781
2021-10-21 13:30:00,XLK,Information Technology,79.4800033569336
2021-10-22 13:30:00,XLK,Information Technology,79.20500183105469
2021-10-25 13:30:00,XLK,Information Technology,79.46499633789062
2021-10-26 13:30:00,XLK,Information Technology,79.69000244140625
2021-10-27 13:30:00,XLK,Information Technology,79.62000274658203
2021-10-28 13:30:00,XLK,Information Technology,80.41999816894531
2021-10-29 13:30:00,XLK,Information Technology,80.76499938964844
2021-11-01 13:30:00,XLK,Information Technology,80.6449966430664
2021-11-02 13:30:00,XLK,Information Technology,81.3550033569336
2021-11-03 13:30:00,XLK,Information Technology,81.83000183105469
2021-11-04 13:30:00,XLK,Information Technology,83.11000061035156
2021-11-05 13:30:00,XLK,Information Technology,83.54000091552734
2021-11-08 14:30:00,XLK,Information Technology,83.98999786376953
2021-11-09 14:30:00,XLK,Information Technology,83.6449966430664
2021-11-10 14:30:00,XLK,Information Technology,82.26499938964844
2021-11-11 14:30:00,XLK,Information Technology,82.6500015258789
2021-11-12 14:30:00,XLK,Information Technology,83.65499877929688
2021-11-15 14:30:00,XLK,Information Technology,83.56999969482422
2021-11-16 14:30:00,XLK,Information Technology,84.44999694824219
2021-11-17 14:30:00,XLK,Information Technology,84.19499969482422
2021-11-18 14:30:00,XLK,Information Technology,85.03500366210938
2021-11-19 14:30:00,XLK,Information Technology,85.65499877929688
2021-11-22 14:30:00,XLK,Information Technology,84.69999694824219
2021-11-23 14:30:00,XLK,Information Technology,84.50499725341797
2021-11-24 14:30:00,XLK,Information Technology,85.12000274658203
2021-11-26 14:30:00,XLK,Information Technology,82.99500274658203
2021-11-29 14:30:00,XLK,Information Technology,85.06999969482422
2021-11-30 14:30:00,XLK,Information Technology,84.36000061035156
2021-12-01 14:30:00,XLK,Information Technology,83.20500183105469
2021-12-02 14:30:00,XLK,Information Technology,83.97000122070312
2021-12-03 14:30:00,XLK,Information Technology,82.56500244140625
2021-12-06 14:30:00,XLK,Information Technology,83.3499984741211
2021-12-07 14:30:00,XLK,Information Technology,86.26000213623047
2021-12-08 14:30:00,XLK,Information Technology,86.65499877929688
2021-12-09 14:30:00,XLK,Information Technology,85.72000122070312
2021-12-10 14:30:00,XLK,Information Technology,87.44000244140625
2021-12-13 14:30:00,XLK,Information Technology,86.13999938964844
2021-12-14 14:30:00,XLK,Information Technology,84.7249984741211
2021-12-15 14:30:00,XLK,Information Technology,86.97000122070312
2021-12-16 14:30:00,XLK,Information Technology,84.50499725341797
2021-12-17 14:30:00,XLK,Information Technology,83.94000244140625
2021-12-20 14:30:00,XLK,Information Technology,82.78500366210938
2021-12-21 14:30:00,XLK,Information Technology,84.87999725341797
2021-12-22 14:30:00,XLK,Information Technology,85.98999786376953
2021-12-23 14:30:00,XLK,Information Technology,86.47000122070312
2021-12-27 14:30:00,XLK,Information Technology,88.32499694824219
2021-12-28 14:30:00,XLK,Information Technology,87.86499786376953
2021-12-29 14:30:00,XLK,Information Technology,87.94000244140625
2021-12-30 14:30:00,XLK,Information Technology,87.36000061035156
2021-12-31 14:30:00,XLK,Information Technology,86.93499755859375
2022-01-03 14:30:00,XLK,Information Technology,87.76000213623047
2022-01-04 14:30:00,XLK,Information Technology,86.83000183105469
2022-01-05 14:30:00,XLK,Information Technology,84.16000366210938
2022-01-06 14:30:00,XLK,Information Technology,83.73500061035156
2022-01-07 14:30:00,XLK,Information Technology,82.96499633789062
2022-01-10 14:30:00,XLK,Information Technology,82.9800033569336
2022-01-11 14:30:00,XLK,Information Technology,83.9749984741211
2022-01-12 14:30:00,XLK,Information Technology,84.37000274658203
2022-01-13 14:30:00,XLK,Information Technology,82.18499755859375
2022-01-14 14:30:00,XLK,Information Technology,82.87999725341797
2022-01-18 14:30:00,XLK,Information Technology,80.88999938964844
2022-01-19 14:30:00,XLK,Information Technology,79.76000213623047
2022-01-20 14:30:00,XLK,Information Technology,78.7300033569336
2022-01-21 14:30:00,XLK,Information Technology,77.16500091552734
2022-01-24 14:30:00,XLK,Information Technology,77.56500244140625
2022-01-25 14:30:00,XLK,Information Technology,75.7699966430664
2022-01-26 14:30:00,XLK,Information Technology,76.21499633789062
2022-01-27 14:30:00,XLK,Information Technology,75.69000244140625
2022-01-28 14:30:00,XLK,Information Technology,79.0
2022-01-31 14:30:00,XLK,Information Technology,80.98500061035156
2022-02-01 14:30:00,XLK,Information Technology,81.19499969482422
2022-02-02 14:30:00,XLK,Information Technology,81.8550033569336
2022-02-03 14:30:00,XLK,Information Technology,79.4800033569336
2022-02-04 14:30:00,XLK,Information Technology,79.80000305175781
2022-02-07 14:30:00,XLK,Information Technology,79.2699966430664
2022-02-08 14:30:00,XLK,Information Technology,80.25
2022-02-09 14:30:00,XLK,Information Technology,82.02999877929688
2022-02-10 14:30:00,XLK,Information Technology,79.88500213623047
2022-02-11 14:30:00,XLK,Information Technology,77.44499969482422
2022-02-14 14:30:00,XLK,Information Technology,77.41999816894531
2022-02-15 14:30:00,XLK,Information Technology,79.45500183105469
2022-02-16 14:30:00,XLK,Information Technology,79.375
2022-02-17 14:30:00,XLK,Information Technology,77.0
2022-02-18 14:30:00,XLK,Information Technology,76.22000122070312
2022-02-22 14:30:00,XLK,Information Technology,75.51499938964844
2022-02-23 14:30:00,XLK,Information Technology,73.625
2022-02-24 14:30:00,XLK,Information Technology,76.13999938964844
2022-02-25 14:30:00,XLK,Information Technology,77.17500305175781
2022-02-28 14:30:00,XLK,Information Technology,77.03500366210938
2022-03-01 14:30:00,XLK,Information Technology,75.49500274658203
2022-03-02 14:30:00,XLK,Information Technology,77.12999725341797
2022-03-03 14:30:00,XLK,Information Technology,76.20999908447266
2022-03-04 14:30:00,XLK,Information Technology,74.875
2022-03-07 14:30:00,XLK,Information Technology,72.13500213623047
2022-03-08 14:30:00,XLK,Information Technology,71.78500366210938
2022-03-09 14:30:00,XLK,Information Technology,74.625
2022-03-10 14:30:00,XLK,Information Technology,73.31999969482422
2022-03-11 14:30:00,XLK,Information Technology,72.02999877929688
2022-03-14 13:30:00,XLK,Information Technology,70.69499969482422
2022-03-15 13:30:00,XLK,Information Technology,73.06999969482422
2022-03-16 13:30:00,XLK,Information Technology,75.44499969482422
2022-03-17 13:30:00,XLK,Information Technology,75.9800033569336
2022-03-18 13:30:00,XLK,Information Technology,77.53500366210938
2022-03-21 13:30:00,XLK,Information Technology,77.24500274658203
2022-03-22 13:30:00,XLK,Information Technology,78.3550033569336
2022-03-23 13:30:00,XLK,Information Technology,77.1500015258789
2022-03-24 13:30:00,XLK,Information Technology,79.15499877929688
2022-03-25 13:30:00,XLK,Information Technology,79.11000061035156
2022-03-28 13:30:00,XLK,Information Technology,80.05000305175781
2022-03-29 13:30:00,XLK,Information Technology,81.75
2022-03-30 13:30:00,XLK,Information Technology,80.66000366210938
2022-03-31 13:30:00,XLK,Information Technology,79.46499633789062
2022-04-01 13:30:00,XLK,Information Technology,79.2300033569336
2022-04-04 13:30:00,XLK,Information Technology,80.73500061035156
2022-04-05 13:30:00,XLK,Information Technology,79.03500366210938
2022-04-06 13:30:00,XLK,Information Technology,77.16500091552734
2022-04-07 13:30:00,XLK,Information Technology,77.28500366210938
2022-04-08 13:30:00,XLK,Information Technology,76.20500183105469
2022-04-11 13:30:00,XLK,Information Technology,74.28500366210938
2022-04-12 13:30:00,XLK,Information Technology,73.95500183105469
2022-04-13 13:30:00,XLK,Information Technology,75.1449966430664
2022-04-14 13:30:00,XLK,Information Technology,73.31999969482422
2022-04-18 13:30:00,XLK,Information Technology,73.55999755859375
2022-04-19 13:30:00,XLK,Information Technology,74.94000244140625
2022-04-20 13:30:00,XLK,Information Technology,74.87000274658203
2022-04-21 13:30:00,XLK,Information Technology,73.5999984741211
2022-04-22 13:30:00,XLK,Information Technology,71.54000091552734
2022-04-25 13:30:00,XLK,Information Technology,72.61499786376953
2022-04-26 13:30:00,XLK,Information Technology,69.91000366210938
2022-04-27 13:30:00,XLK,Information Technology,70.94499969482422
2022-04-28 13:30:00,XLK,Information Technology,73.78500366210938
2022-04-29 13:30:00,XLK,Information Technology,70.70999908447266
2022-05-02 13:30:00,XLK,Information Technology,71.78500366210938
2022-05-03 13:30:00,XLK,Information Technology,71.91000366210938
2022-05-04 13:30:00,XLK,Information Technology,74.43499755859375
2022-05-05 13:30:00,XLK,Information Technology,70.8550033569336
2022-05-06 13:30:00,XLK,Information Technology,70.28500366210938
2022-05-09 13:30:00,XLK,Information Technology,67.56500244140625
2022-05-10 13:30:00,XLK,Information Technology,68.59500122070312
2022-05-11 13:30:00,XLK,Information Technology,66.43000030517578
2022-05-12 13:30:00,XLK,Information Technology,65.74500274658203
2022-05-13 13:30:00,XLK,Information Technology,67.93000030517578
2022-05-16 13:30:00,XLK,Information Technology,67.33000183105469
2022-05-17 13:30:00,XLK,Information Technology,69.27999877929688
2022-05-18 13:30:00,XLK,Information Technology,66.11000061035156
2022-05-19 13:30:00,XLK,Information Technology,65.38500213623047
2022-05-20 13:30:00,XLK,Information Technology,65.52999877929688
2022-05-23 13:30:00,XLK,Information Technology,67.03500366210938
2022-05-24 13:30:00,XLK,Information Technology,66.04000091552734
2022-05-25 13:30:00,XLK,Information Technology,66.80999755859375
2022-05-26 13:30:00,XLK,Information Technology,68.41500091552734
2022-05-27 13:30:00,XLK,Information Technology,70.7300033569336
2022-05-31 13:30:00,XLK,Information Technology,70.2249984741211
2022-06-01 13:30:00,XLK,Information Technology,70.01499938964844
2022-06-02 13:30:00,XLK,Information Technology,71.70999908447266
2022-06-03 13:30:00,XLK,Information Technology,69.99500274658203
2022-06-06 13:30:00,XLK,Information Technology,70.0
2022-06-07 13:30:00,XLK,Information Technology,70.83499908447266
2022-06-08 13:30:00,XLK,Information Technology,70.03500366210938
2022-06-09 13:30:00,XLK,Information Technology,68.16500091552734
2022-06-10 13:30:00,XLK,Information Technology,65.54499816894531
2022-06-13 13:30:00,XLK,Information Technology,62.63999938964844
2022-06-14 13:30:00,XLK,Information Technology,63.03499984741211
2022-06-15 13:30:00,XLK,Information Technology,64.36499786376953
2022-06-16 13:30:00,XLK,Information Technology,61.744998931884766
2022-06-17 13:30:00,XLK,Information Technology,62.310001373291016
2022-06-21 13:30:00,XLK,Information Technology,63.72999954223633
2022-06-22 13:30:00,XLK,Information Technology,63.459999084472656
2022-06-23 13:30:00,XLK,Information Technology,64.41000366210938
2022-06-24 13:30:00,XLK,Information Technology,66.7249984741211
2022-06-27 13:30:00,XLK,Information Technology,66.2750015258789
2022-06-28 13:30:00,XLK,Information Technology,64.29000091552734
2022-06-29 13:30:00,XLK,Information Technology,64.41999816894531
2022-06-30 13:30:00,XLK,Information Technology,63.560001373291016
2022-07-01 13:30:00,XLK,Information Technology,63.70500183105469
2022-07-05 13:30:00,XLK,Information Technology,64.50499725341797
2022-07-06 13:30:00,XLK,Information Technology,65.05999755859375
2022-07-07 13:30:00,XLK,Information Technology,66.40499877929688
2022-07-08 13:30:00,XLK,Information Technology,66.43499755859375
2022-07-11 13:30:00,XLK,Information Technology,65.5199966430664
2022-07-12 13:30:00,XLK,Information Technology,64.625
2022-07-13 13:30:00,XLK,Information Technology,64.45500183105469
2022-07-14 13:30:00,XLK,Information Technology,65.04499816894531
2022-07-15 13:30:00,XLK,Information Technology,66.19000244140625
2022-07-18 13:30:00,XLK,Information Technology,65.55000305175781
2022-07-19 13:30:00,XLK,Information Technology,67.55000305175781
2022-07-20 13:30:00,XLK,Information Technology,68.6050033569336
2022-07-21 13:30:00,XLK,Information Technology,69.56999969482422
2022-07-22 13:30:00,XLK,Information Technology,68.61000061035156
2022-07-25 13:30:00,XLK,Information Technology,68.17500305175781
2022-07-26 13:30:00,XLK,Information Technology,67.06999969482422
2022-07-27 13:30:00,XLK,Information Technology,69.95500183105469
2022-07-28 13:30:00,XLK,Information Technology,71.0199966430664
2022-07-29 13:30:00,XLK,Information Technology,72.11000061035156
2022-08-01 13:30:00,XLK,Information Technology,71.95500183105469
2022-08-02 13:30:00,XLK,Information Technology,71.44499969482422
2022-08-03 13:30:00,XLK,Information Technology,73.34500122070312
2022-08-04 13:30:00,XLK,Information Technology,73.68000030517578
2022-08-05 13:30:00,XLK,Information Technology,73.51000213623047
2022-08-08 13:30:00,XLK,Information Technology,72.88500213623047
2022-08-09 13:30:00,XLK,Information Technology,72.15499877929688
2022-08-10 13:30:00,XLK,Information Technology,74.125
2022-08-11 13:30:00,XLK,Information Technology,73.83499908447266
2022-08-12 13:30:00,XLK,Information Technology,75.30500030517578
2022-08-15 13:30:00,XLK,Information Technology,75.77999877929688
2022-08-16 13:30:00,XLK,Information Technology,75.57499694824219
2022-08-17 13:30:00,XLK,Information Technology,75.03500366210938
2022-08-18 13:30:00,XLK,Information Technology,75.42500305175781
2022-08-19 13:30:00,XLK,Information Technology,74.05500030517578
2022-08-22 13:30:00,XLK,Information Technology,71.98999786376953
2022-08-23 13:30:00,XLK,Information Technology,71.80000305175781
2022-08-24 13:30:00,XLK,Information Technology,71.84500122070312
2022-08-25 13:30:00,XLK,Information Technology,73.05999755859375
2022-08-26 13:30:00,XLK,Information Technology,69.94000244140625
2022-08-29 13:30:00,XLK,Information Technology,69.01499938964844
2022-08-30 13:30:00,XLK,Information Technology,68.29499816894531
2022-08-31 13:30:00,XLK,Information Technology,67.62999725341797
2022-09-01 13:30:00,XLK,Information Technology,67.30000305175781
2022-09-02 13:30:00,XLK,Information Technology,66.42500305175781
2022-09-06 13:30:00,XLK,Information Technology,65.98500061035156
2022-09-07 13:30:00,XLK,Information Technology,67.04000091552734
2022-09-08 13:30:00,XLK,Information Technology,67.2699966430664
2022-09-09 13:30:00,XLK,Information Technology,68.5999984741211
2022-09-12 13:30:00,XLK,Information Technology,69.69999694824219
2022-09-13 13:30:00,XLK,Information Technology,66.0
2022-09-14 13:30:00,XLK,Information Technology,66.23999786376953
2022-09-15 13:30:00,XLK,Information Technology,64.71499633789062
2022-09-16 13:30:00,XLK,Information Technology,64.3550033569336
2022-09-19 13:30:00,XLK,Information Technology,64.72000122070312
2022-09-20 13:30:00,XLK,Information Technology,64.33999633789062
2022-09-21 13:30:00,XLK,Information Technology,63.334999084472656
2022-09-22 13:30:00,XLK,Information Technology,62.689998626708984
2022-09-23 13:30:00,XLK,Information Technology,61.869998931884766
2022-09-26 13:30:00,XLK,Information Technology,61.439998626708984
2022-09-27 13:30:00,XLK,Information Technology,61.52000045776367
2022-09-28 13:30:00,XLK,Information Technology,62.16999816894531
2022-09-29 13:30:00,XLK,Information Technology,60.54999923706055
2022-09-30 13:30:00,XLK,Information Technology,59.38999938964844
2022-10-03 13:30:00,XLK,Information Technology,61.22999954223633
2022-10-04 13:30:00,XLK,Information Technology,63.28499984741211
2022-10-05 13:30:00,XLK,Information Technology,63.494998931884766
2022-10-06 13:30:00,XLK,Information Technology,62.974998474121094
2022-10-07 13:30:00,XLK,Information Technology,60.3849983215332
2022-10-10 13:30:00,XLK,Information Technology,59.369998931884766
2022-10-11 13:30:00,XLK,Information Technology,58.459999084472656
2022-10-12 13:30:00,XLK,Information Technology,58.279998779296875
2022-10-13 13:30:00,XLK,Information Technology,60.09000015258789
2022-10-14 13:30:00,XLK,Information Technology,58.400001525878906
2022-10-17 13:30:00,XLK,Information Technology,60.18000030517578
2022-10-18 13:30:00,XLK,Information Technology,60.689998626708984
2022-10-19 13:30:00,XLK,Information Technology,60.51499938964844
2022-10-20 13:30:00,XLK,Information Technology,60.54999923706055
2022-10-21 13:30:00,XLK,Information Technology,62.16999816894531
2022-10-24 13:30:00,XLK,Information Technology,63.029998779296875
2022-10-25 13:30:00,XLK,Information Technology,64.23500061035156
2022-10-26 13:30:00,XLK,Information Technology,62.80500030517578
2022-10-27 13:30:00,XLK,Information Technology,62.09000015258789
2022-10-28 13:30:00,XLK,Information Technology,64.79000091552734
2022-10-31 13:30:00,XLK,Information Technology,63.935001373291016
2022-11-01 13:30:00,XLK,Information Technology,63.400001525878906
2022-11-02 13:30:00,XLK,Information Technology,61.209999084472656
2022-11-03 13:30:00,XLK,Information Technology,59.40999984741211
2022-11-04 13:30:00,XLK,Information Technology,60.494998931884766
2022-11-07 14:30:00,XLK,Information Technology,61.505001068115234
2022-11-08 14:30:00,XLK,Information Technology,62.095001220703125
2022-11-09 14:30:00,XLK,Information Technology,60.47999954223633
2022-11-10 14:30:00,XLK,Information Technology,65.44999694824219
2022-11-11 14:30:00,XLK,Information Technology,66.56999969482422
2022-11-14 14:30:00,XLK,Information Technology,66.0
2022-11-15 14:30:00,XLK,Information Technology,66.80000305175781
2022-11-16 14:30:00,XLK,Information Technology,65.88500213623047
2022-11-17 14:30:00,XLK,Information Technology,65.97000122070312
2022-11-18 14:30:00,XLK,Information Technology,66.04499816894531
2022-11-21 14:30:00,XLK,Information Technology,65.33499908447266
2022-11-22 14:30:00,XLK,Information Technology,66.5999984741211
2022-11-23 14:30:00,XLK,Information Technology,67.19000244140625
2022-11-25 14:30:00,XLK,Information Technology,66.80000305175781
2022-11-28 14:30:00,XLK,Information Technology,65.37000274658203
2022-11-29 14:30:00,XLK,Information Technology,64.7300033569336
2022-11-30 14:30:00,XLK,Information Technology,67.9800033569336
2022-12-01 14:30:00,XLK,Information Technology,68.07499694824219
2022-12-02 14:30:00,XLK,Information Technology,67.68000030517578
2022-12-05 14:30:00,XLK,Information Technology,66.55500030517578
2022-12-06 14:30:00,XLK,Information Technology,65.12999725341797
2022-12-07 14:30:00,XLK,Information Technology,64.80000305175781
2022-12-08 14:30:00,XLK,Information Technology,65.86000061035156
2022-12-09 14:30:00,XLK,Information Technology,65.45500183105469
2022-12-12 14:30:00,XLK,Information Technology,66.88500213623047
2022-12-13 14:30:00,XLK,Information Technology,67.67500305175781
2022-12-14 14:30:00,XLK,Information Technology,67.1050033569336
2022-12-15 14:30:00,XLK,Information Technology,64.59500122070312
2022-12-16 14:30:00,XLK,Information Technology,63.7400016784668
2022-12-19 14:30:00,XLK,Information Technology,62.709999084472656
2022-12-20 14:30:00,XLK,Information Technology,62.80500030517578
2022-12-21 14:30:00,XLK,Information Technology,63.845001220703125
2022-12-22 14:30:00,XLK,Information Technology,62.23500061035156
2022-12-23 14:30:00,XLK,Information Technology,62.29999923706055
2022-12-27 14:30:00,XLK,Information Technology,61.709999084472656
2022-12-28 14:30:00,XLK,Information Technology,60.71500015258789
2022-12-29 14:30:00,XLK,Information Technology,62.30500030517578
2022-12-30 14:30:00,XLK,Information Technology,62.220001220703125
2023-01-03 14:30:00,XLK,Information Technology,61.630001068115234
2023-01-04 14:30:00,XLK,Information Technology,61.790000915527344
2023-01-05 14:30:00,XLK,Information Technology,60.59000015258789
2023-01-06 14:30:00,XLK,Information Technology,62.3650016784668
2023-01-09 14:30:00,XLK,Information Technology,63.09000015258789
2023-01-10 14:30:00,XLK,Information Technology,63.47999954223633
2023-01-11 14:30:00,XLK,Information Technology,64.58000183105469
2023-01-12 14:30:00,XLK,Information Technology,65.05999755859375
2023-01-13 14:30:00,XLK,Information Technology,65.24500274658203
2023-01-17 14:30:00,XLK,Information Technology,65.54000091552734
2023-01-18 14:30:00,XLK,Information Technology,64.69499969482422
2023-01-19 14:30:00,XLK,Information Technology,63.939998626708984
2023-01-20 14:30:00,XLK,Information Technology,65.66999816894531
2023-01-23 14:30:00,XLK,Information Technology,67.16500091552734
2023-01-24 14:30:00,XLK,Information Technology,67.13500213623047
2023-01-25 14:30:00,XLK,Information Technology,66.99500274658203
2023-01-26 14:30:00,XLK,Information Technology,68.06500244140625
2023-01-27 14:30:00,XLK,Information Technology,68.3499984741211
2023-01-30 14:30:00,XLK,Information Technology,67.04499816894531
2023-01-31 14:30:00,XLK,Information Technology,67.9800033569336
2023-02-01 14:30:00,XLK,Information Technology,69.58000183105469
2023-02-02 14:30:00,XLK,Information Technology,71.4800033569336
2023-02-03 14:30:00,XLK,Information Technology,70.88500213623047
2023-02-06 14:30:00,XLK,Information Technology,70.0199966430664
2023-02-07 14:30:00,XLK,Information Technology,71.7699966430664
2023-02-08 14:30:00,XLK,Information Technology,70.90499877929688
2023-02-09 14:30:00,XLK,Information Technology,70.51499938964844
2023-02-10 14:30:00,XLK,Information Technology,70.19000244140625
2023-02-13 14:30:00,XLK,Information Technology,71.40499877929688
2023-02-14 14:30:00,XLK,Information Technology,71.70999908447266
2023-02-15 14:30:00,XLK,Information Technology,72.04499816894531
2023-02-16 14:30:00,XLK,Information Technology,70.79499816894531
2023-02-17 14:30:00,XLK,Information Technology,69.91000366210938
2023-02-21 14:30:00,XLK,Information Technology,68.25
2023-02-22 14:30:00,XLK,Information Technology,68.1500015258789
2023-02-23 14:30:00,XLK,Information Technology,69.27999877929688
2023-02-24 14:30:00,XLK,Information Technology,68.04499816894531
2023-02-27 14:30:00,XLK,Information Technology,68.41000366210938
2023-02-28 14:30:00,XLK,Information Technology,68.26000213623047
2023-03-01 14:30:00,XLK,Information Technology,67.76000213623047
2023-03-02 14:30:00,XLK,Information Technology,68.59500122070312
2023-03-03 14:30:00,XLK,Information Technology,70.06999969482422
2023-03-06 14:30:00,XLK,Information Technology,70.40499877929688
2023-03-07 14:30:00,XLK,Information Technology,69.52999877929688
2023-03-08 14:30:00,XLK,Information Technology,70.1050033569336
2023-03-09 14:30:00,XLK,Information Technology,69.0999984741211
2023-03-10 14:30:00,XLK,Information Technology,67.88500213623047
2023-03-13 13:30:00,XLK,Information Technology,68.25499725341797
2023-03-14 13:30:00,XLK,Information Technology,69.83000183105469
2023-03-15 13:30:00,XLK,Information Technology,69.87000274658203
2023-03-16 13:30:00,XLK,Information Technology,71.83000183105469
2023-03-17 13:30:00,XLK,Information Technology,71.7300033569336
2023-03-20 13:30:00,XLK,Information Technology,71.76499938964844
2023-03-21 13:30:00,XLK,Information Technology,72.34500122070312
2023-03-22 13:30:00,XLK,Information Technology,71.625
2023-03-23 13:30:00,XLK,Information Technology,72.79000091552734
2023-03-24 13:30:00,XLK,Information Technology,72.9800033569336
2023-03-27 13:30:00,XLK,Information Technology,72.41500091552734
2023-03-28 13:30:00,XLK,Information Technology,72.07499694824219
2023-03-29 13:30:00,XLK,Information Technology,73.58499908447266
2023-03-30 13:30:00,XLK,Information Technology,74.44000244140625
2023-03-31 13:30:00,XLK,Information Technology,75.50499725341797
2023-04-03 13:30:00,XLK,Information Technology,75.38500213623047
2023-04-04 13:30:00,XLK,Information Technology,74.97000122070312
2023-04-05 13:30:00,XLK,Information Technology,74.11499786376953
2023-04-06 13:30:00,XLK,Information Technology,74.53500366210938
2023-04-10 13:30:00,XLK,Information Technology,74.49500274658203
2023-04-11 13:30:00,XLK,Information Technology,73.79499816894531
2023-04-12 13:30:00,XLK,Information Technology,73.375
2023-04-13 13:30:00,XLK,Information Technology,74.73999786376953
2023-04-14 13:30:00,XLK,Information Technology,74.32499694824219
2023-04-17 13:30:00,XLK,Information Technology,74.59500122070312
2023-04-18 13:30:00,XLK,Information Technology,74.82499694824219
2023-04-19 13:30:00,XLK,Information Technology,74.61000061035156
2023-04-20 13:30:00,XLK,Information Technology,74.12000274658203
2023-04-21 13:30:00,XLK,Information Technology,73.87999725341797
2023-04-24 13:30:00,XLK,Information Technology,73.55500030517578
2023-04-25 13:30:00,XLK,Information Technology,71.98500061035156
2023-04-26 13:30:00,XLK,Information Technology,73.05500030517578
2023-04-27 13:30:00,XLK,Information Technology,74.6050033569336
2023-04-28 13:30:00,XLK,Information Technology,75.41500091552734
2023-05-01 13:30:00,XLK,Information Technology,75.45999908447266
2023-05-02 13:30:00,XLK,Information Technology,74.75499725341797
2023-05-03 13:30:00,XLK,Information Technology,74.125
2023-05-04 13:30:00,XLK,Information Technology,73.7699966430664
2023-05-05 13:30:00,XLK,Information Technology,75.62000274658203
2023-05-08 13:30:00,XLK,Information Technology,75.58000183105469
2023-05-09 13:30:00,XLK,Information Technology,75.0
2023-05-10 13:30:00,XLK,Information Technology,75.91500091552734
2023-05-11 13:30:00,XLK,Information Technology,75.57499694824219
2023-05-12 13:30:00,XLK,Information Technology,75.4749984741211
2023-05-15 13:30:00,XLK,Information Technology,76.0999984741211
2023-05-16 13:30:00,XLK,Information Technology,76.18000030517578
2023-05-17 13:30:00,XLK,Information Technology,77.19499969482422
2023-05-18 13:30:00,XLK,Information Technology,78.7750015258789
2023-05-19 13:30:00,XLK,Information Technology,78.73999786376953
2023-05-22 13:30:00,XLK,Information Technology,78.88999938964844
2023-05-23 13:30:00,XLK,Information Technology,77.7249984741211
2023-05-24 13:30:00,XLK,Information Technology,77.15499877929688
2023-05-25 13:30:00,XLK,Information Technology,80.11499786376953
2023-05-26 13:30:00,XLK,Information Technology,82.38999938964844
2023-05-30 13:30:00,XLK,Information Technology,82.83000183105469
2023-05-31 13:30:00,XLK,Information Technology,82.13999938964844
2023-06-01 13:30:00,XLK,Information Technology,82.9749984741211
2023-06-02 13:30:00,XLK,Information Technology,83.44999694824219
2023-06-05 13:30:00,XLK,Information Technology,82.97000122070312
2023-06-06 13:30:00,XLK,Information Technology,82.94999694824219
2023-06-07 13:30:00,XLK,Information Technology,81.70999908447266
2023-06-08 13:30:00,XLK,Information Technology,82.59500122070312
2023-06-09 13:30:00,XLK,Information Technology,83.00499725341797
2023-06-12 13:30:00,XLK,Information Technology,84.80999755859375
2023-06-13 13:30:00,XLK,Information Technology,85.32499694824219
2023-06-14 13:30:00,XLK,Information Technology,86.20500183105469
2023-06-15 13:30:00,XLK,Information Technology,87.31500244140625
2023-06-16 13:30:00,XLK,Information Technology,86.59500122070312
2023-06-20 13:30:00,XLK,Information Technology,85.83000183105469
2023-06-21 13:30:00,XLK,Information Technology,84.55999755859375
2023-06-22 13:30:00,XLK,Information Technology,85.25
2023-06-23 13:30:00,XLK,Information Technology,84.32499694824219
2023-06-26 13:30:00,XLK,Information Technology,83.72000122070312
2023-06-27 13:30:00,XLK,Information Technology,85.37000274658203
2023-06-28 13:30:00,XLK,Information Technology,85.41999816894531
2023-06-29 13:30:00,XLK,Information Technology,85.56999969482422
2023-06-30 13:30:00,XLK,Information Technology,86.93000030517578
2023-07-03 13:30:00,XLK,Information Technology,86.74500274658203
2023-07-05 13:30:00,XLK,Information Technology,86.20999908447266
2023-07-06 13:30:00,XLK,Information Technology,85.9800033569336
2023-07-07 13:30:00,XLK,Information Technology,85.6050033569336
2023-07-10 13:30:00,XLK,Information Technology,85.83000183105469
2023-07-11 13:30:00,XLK,Information Technology,86.01499938964844
2023-07-12 13:30:00,XLK,Information Technology,86.98999786376953
2023-07-13 13:30:00,XLK,Information Technology,88.125
2023-07-14 13:30:00,XLK,Information Technology,87.99500274658203
2023-07-17 13:30:00,XLK,Information Technology,89.12000274658203
2023-07-18 13:30:00,XLK,Information Technology,90.12999725341797
2023-07-19 13:30:00,XLK,Information Technology,89.90499877929688
2023-07-20 13:30:00,XLK,Information Technology,88.11000061035156
2023-07-21 13:30:00,XLK,Information Technology,88.06500244140625
2023-07-24 13:30:00,XLK,Information Technology,88.22000122070312
2023-07-25 13:30:00,XLK,Information Technology,89.2300033569336
2023-07-26 13:30:00,XLK,Information Technology,88.02999877929688
2023-07-27 13:30:00,XLK,Information Technology,87.7750015258789
2023-07-28 13:30:00,XLK,Information Technology,88.97000122070312
2023-07-31 13:30:00,XLK,Information Technology,89.17500305175781
2023-08-01 13:30:00,XLK,Information Technology,89.32499694824219
2023-08-02 13:30:00,XLK,Information Technology,87.11499786376953
2023-08-03 13:30:00,XLK,Information Technology,86.76000213623047
2023-08-04 13:30:00,XLK,Information Technology,85.58000183105469
2023-08-07 13:30:00,XLK,Information Technology,85.81999969482422
2023-08-08 13:30:00,XLK,Information Technology,85.16000366210938
2023-08-09 13:30:00,XLK,Information Technology,84.05999755859375
2023-08-10 13:30:00,XLK,Information Technology,84.06999969482422
2023-08-11 13:30:00,XLK,Information Technology,83.44999694824219
2023-08-14 13:30:00,XLK,Information Technology,84.77999877929688
2023-08-15 13:30:00,XLK,Information Technology,83.94499969482422
2023-08-16 13:30:00,XLK,Information Technology,83.1449966430664
2023-08-17 13:30:00,XLK,Information Technology,82.3550033569336
2023-08-18 13:30:00,XLK,Information Technology,82.4800033569336
2023-08-21 13:30:00,XLK,Information Technology,84.05500030517578
2023-08-22 13:30:00,XLK,Information Technology,83.95999908447266
2023-08-23 13:30:00,XLK,Information Technology,85.4749984741211
2023-08-24 13:30:00,XLK,Information Technology,83.50499725341797
2023-08-25 13:30:00,XLK,Information Technology,84.3550033569336
2023-08-28 13:30:00,XLK,Information Technology,85.04499816894531
2023-08-29 13:30:00,XLK,Information Technology,86.75
2023-08-30 13:30:00,XLK,Information Technology,87.40499877929688
2023-08-31 13:30:00,XLK,Information Technology,87.83000183105469
2023-09-01 13:30:00,XLK,Information Technology,88.0999984741211
2023-09-05 13:30:00,XLK,Information Technology,88.41500091552734
2023-09-06 13:30:00,XLK,Information Technology,87.4800033569336
2023-09-07 13:30:00,XLK,Information Technology,86.21499633789062
2023-09-08 13:30:00,XLK,Information Technology,86.3949966430664
2023-09-11 13:30:00,XLK,Information Technology,86.84500122070312
2023-09-12 13:30:00,XLK,Information Technology,85.2699966430664
2023-09-13 13:30:00,XLK,Information Technology,85.48500061035156
2023-09-14 13:30:00,XLK,Information Technology,86.1050033569336
2023-09-15 13:30:00,XLK,Information Technology,84.44999694824219
2023-09-18 13:30:00,XLK,Information Technology,84.67500305175781
2023-09-19 13:30:00,XLK,Information Technology,84.62999725341797
2023-09-20 13:30:00,XLK,Information Technology,83.30000305175781
2023-09-21 13:30:00,XLK,Information Technology,82.02999877929688
2023-09-22 13:30:00,XLK,Information Technology,82.20500183105469
2023-09-25 13:30:00,XLK,Information Technology,82.47000122070312
2023-09-26 13:30:00,XLK,Information Technology,80.98500061035156
2023-09-27 13:30:00,XLK,Information Technology,81.11000061035156
2023-09-28 13:30:00,XLK,Information Technology,81.68499755859375
2023-09-29 13:30:00,XLK,Information Technology,81.96499633789062
2023-10-02 13:30:00,XLK,Information Technology,82.84500122070312
2023-10-03 13:30:00,XLK,Information Technology,81.44000244140625
2023-10-04 13:30:00,XLK,Information Technology,82.45500183105469
2023-10-05 13:30:00,XLK,Information Technology,82.56500244140625
2023-10-06 13:30:00,XLK,Information Technology,84.11000061035156
2023-10-09 13:30:00,XLK,Information Technology,84.54499816894531
2023-10-10 13:30:00,XLK,Information Technology,84.67500305175781
2023-10-11 13:30:00,XLK,Information Technology,85.45999908447266
2023-10-12 13:30:00,XLK,Information Technology,85.54000091552734
2023-10-13 13:30:00,XLK,Information Technology,84.31500244140625
2023-10-16 13:30:00,XLK,Information Technology,85.125
2023-10-17 13:30:00,XLK,Information Technology,84.7300033569336
2023-10-18 13:30:00,XLK,Information Technology,83.86000061035156
2023-10-19 13:30:00,XLK,Information Technology,83.37999725341797
2023-10-20 13:30:00,XLK,Information Technology,81.97000122070312
2023-10-23 13:30:00,XLK,Information Technology,82.06500244140625
2023-10-24 13:30:00,XLK,Information Technology,82.62999725341797
2023-10-25 13:30:00,XLK,Information Technology,81.65499877929688
2023-10-26 13:30:00,XLK,Information Technology,80.09500122070312
2023-10-27 13:30:00,XLK,Information Technology,80.55999755859375
2023-10-30 13:30:00,XLK,Information Technology,81.42500305175781
2023-10-31 13:30:00,XLK,Information Technology,82.00499725341797
2023-11-01 13:30:00,XLK,Information Technology,83.58999633789062
2023-11-02 13:30:00,XLK,Information Technology,85.00499725341797
2023-11-03 13:30:00,XLK,Information Technology,85.87999725341797
2023-11-06 14:30:00,XLK,Information Technology,86.44499969482422
2023-11-07 14:30:00,XLK,Information Technology,87.38999938964844
2023-11-08 14:30:00,XLK,Information Technology,87.88500213623047
2023-11-09 14:30:00,XLK,Information Technology,87.4749984741211
2023-11-10 14:30:00,XLK,Information Technology,89.76000213623047
2023-11-13 14:30:00,XLK,Information Technology,89.23500061035156
2023-11-14 14:30:00,XLK,Information Technology,91.0199966430664
2023-11-15 14:30:00,XLK,Information Technology,91.13500213623047
2023-11-16 14:30:00,XLK,Information Technology,91.58999633789062
2023-11-17 14:30:00,XLK,Information Technology,91.4000015258789
2023-11-20 14:30:00,XLK,Information Technology,92.7249984741211
2023-11-21 14:30:00,XLK,Information Technology,91.9749984741211
2023-11-22 14:30:00,XLK,Information Technology,92.38500213623047
2023-11-24 14:30:00,XLK,Information Technology,92.20500183105469
2023-11-27 14:30:00,XLK,Information Technology,92.19999694824219
2023-11-28 14:30:00,XLK,Information Technology,92.375
2023-11-29 14:30:00,XLK,Information Technology,92.44499969482422
2023-11-30 14:30:00,XLK,Information Technology,92.58000183105469
2023-12-01 14:30:00,XLK,Information Technology,92.79000091552734
2023-12-04 14:30:00,XLK,Information Technology,91.66000366210938
2023-12-05 14:30:00,XLK,Information Technology,92.20999908447266
2023-12-06 14:30:00,XLK,Information Technology,91.43000030517578
2023-12-07 14:30:00,XLK,Information Technology,92.54000091552734
2023-12-08 14:30:00,XLK,Information Technology,93.33000183105469
2023-12-11 14:30:00,XLK,Information Technology,94.1449966430664
2023-12-12 14:30:00,XLK,Information Technology,94.7699966430664
2023-12-13 14:30:00,XLK,Information Technology,95.6050033569336
2023-12-14 14:30:00,XLK,Information Technology,95.37000274658203
2023-12-15 14:30:00,XLK,Information Technology,95.8499984741211
2023-12-18 14:30:00,XLK,Information Technology,95.92500305175781
2023-12-19 14:30:00,XLK,Information Technology,96.29000091552734
2023-12-20 14:30:00,XLK,Information Technology,94.83499908447266
2023-12-21 14:30:00,XLK,Information Technology,95.9000015258789
2023-12-22 14:30:00,XLK,Information Technology,96.0250015258789
2023-12-26 14:30:00,XLK,Information Technology,96.42500305175781
2023-12-27 14:30:00,XLK,Information Technology,96.41999816894531
2023-12-28 14:30:00,XLK,Information Technology,96.53500366210938
2023-12-29 14:30:00,XLK,Information Technology,96.23999786376953
2024-01-02 14:30:00,XLK,Information Technology,93.72000122070312
2024-01-03 14:30:00,XLK,Information Technology,92.76499938964844
2024-01-04 14:30:00,XLK,Information Technology,92.08499908447266
2024-01-05 14:30:00,XLK,Information Technology,92.05999755859375
2024-01-08 14:30:00,XLK,Information Technology,94.37000274658203
2024-01-09 14:30:00,XLK,Information Technology,94.5199966430664
2024-01-10 14:30:00,XLK,Information Technology,95.32499694824219
2024-01-11 14:30:00,XLK,Information Technology,95.80999755859375
2024-01-12 14:30:00,XLK,Information Technology,96.12000274658203
2024-01-16 14:30:00,XLK,Information Technology,96.36000061035156
2024-01-17 14:30:00,XLK,Information Technology,95.88500213623047
2024-01-18 14:30:00,XLK,Information Technology,97.83000183105469
2024-01-19 14:30:00,XLK,Information Technology,100.08499908447266
2024-01-22 14:30:00,XLK,Information Technology,100.5250015258789
2024-01-23 14:30:00,XLK,Information Technology,100.93000030517578
2024-01-24 14:30:00,XLK,Information Technology,101.625
2024-01-25 14:30:00,XLK,Information Technology,102.05000305175781
2024-01-26 14:30:00,XLK,Information Technology,100.875
2024-01-29 14:30:00,XLK,Information Technology,101.80000305175781
2024-01-30 14:30:00,XLK,Information Technology,100.95999908447266
2024-01-31 14:30:00,XLK,Information Technology,98.83999633789062
2024-02-01 14:30:00,XLK,Information Technology,100.08499908447266
2024-02-02 14:30:00,XLK,Information Technology,101.12000274658203
2024-02-05 14:30:00,XLK,Information Technology,101.3499984741211
2024-02-06 14:30:00,XLK,Information Technology,100.88500213623047
2024-02-07 14:30:00,XLK,Information Technology,102.22000122070312
2024-02-08 14:30:00,XLK,Information Technology,102.54000091552734
2024-02-09 14:30:00,XLK,Information Technology,103.91999816894531
2024-02-12 14:30:00,XLK,Information Technology,103.12999725341797
2024-02-13 14:30:00,XLK,Information Technology,101.37999725341797
2024-02-14 14:30:00,XLK,Information Technology,102.44000244140625
2024-02-15 14:30:00,XLK,Information Technology,102.2249984741211
2024-02-16 14:30:00,XLK,Information Technology,101.28500366210938
2024-02-20 14:30:00,XLK,Information Technology,100.25499725341797
2024-02-21 14:30:00,XLK,Information Technology,99.625
2024-02-22 14:30:00,XLK,Information Technology,102.88500213623047
2024-02-23 14:30:00,XLK,Information Technology,102.6449966430664
2024-02-26 14:30:00,XLK,Information Technology,102.74500274658203
2024-02-27 14:30:00,XLK,Information Technology,102.83499908447266
2024-02-28 14:30:00,XLK,Information Technology,102.3499984741211
2024-02-29 14:30:00,XLK,Information Technology,103.48999786376953
2024-03-01 14:30:00,XLK,Information Technology,105.37999725341797
2024-03-04 14:30:00,XLK,Information Technology,105.37999725341797
2024-03-05 14:30:00,XLK,Information Technology,102.79000091552734
2024-03-06 14:30:00,XLK,Information Technology,103.6050033569336
2024-03-07 14:30:00,XLK,Information Technology,105.23999786376953
2024-03-08 14:30:00,XLK,Information Technology,103.67500305175781
2024-03-11 13:30:00,XLK,Information Technology,103.38999938964844
2024-03-12 13:30:00,XLK,Information Technology,105.51000213623047
2024-03-13 13:30:00,XLK,Information Technology,104.37000274658203
2024-03-14 13:30:00,XLK,Information Technology,104.38999938964844
2024-03-15 13:30:00,XLK,Information Technology,102.81500244140625
2024-03-18 13:30:00,XLK,Information Technology,103.1500015258789
2024-03-19 13:30:00,XLK,Information Technology,103.68499755859375
2024-03-20 13:30:00,XLK,Information Technology,104.84500122070312
2024-03-21 13:30:00,XLK,Information Technology,104.91999816894531
2024-03-22 13:30:00,XLK,Information Technology,104.95500183105469
2024-03-25 13:30:00,XLK,Information Technology,104.26000213623047
2024-03-26 13:30:00,XLK,Information Technology,103.83000183105469
2024-03-27 13:30:00,XLK,Information Technology,104.36000061035156
2024-03-28 13:30:00,XLK,Information Technology,104.13500213623047
2024-04-01 13:30:00,XLK,Information Technology,104.42500305175781
2024-04-02 13:30:00,XLK,Information Technology,103.41999816894531
2024-04-03 13:30:00,XLK,Information Technology,103.69499969482422
2024-04-04 13:30:00,XLK,Information Technology,102.05500030517578
2024-04-05 13:30:00,XLK,Information Technology,103.2249984741211
2024-04-08 13:30:00,XLK,Information Technology,103.1050033569336
2024-04-09 13:30:00,XLK,Information Technology,103.625
2024-04-10 13:30:00,XLK,Information Technology,102.3550033569336
2024-04-11 13:30:00,XLK,Information Technology,104.4000015258789
2024-04-12 13:30:00,XLK,Information Technology,102.70999908447266
2024-04-15 13:30:00,XLK,Information Technology,100.76000213623047
2024-04-16 13:30:00,XLK,Information Technology,100.87999725341797
2024-04-17 13:30:00,XLK,Information Technology,99.42500305175781
2024-04-18 13:30:00,XLK,Information Technology,98.29000091552734
2024-04-19 13:30:00,XLK,Information Technology,96.26499938964844
2024-04-22 13:30:00,XLK,Information Technology,97.125
2024-04-23 13:30:00,XLK,Information Technology,98.56500244140625
2024-04-24 13:30:00,XLK,Information Technology,99.01499938964844
2024-04-25 13:30:00,XLK,Information Technology,98.80000305175781
2024-04-26 13:30:00,XLK,Information Technology,99.91500091552734
2024-04-29 13:30:00,XLK,Information Technology,100.34500122070312
2024-04-30 13:30:00,XLK,Information Technology,98.13500213623047
2024-05-01 13:30:00,XLK,Information Technology,97.12999725341797
2024-05-02 13:30:00,XLK,Information Technology,98.52999877929688
2024-05-03 13:30:00,XLK,Information Technology,101.2750015258789
2024-05-06 13:30:00,XLK,Information Technology,102.46499633789062
2024-05-07 13:30:00,XLK,Information Technology,102.12999725341797
2024-05-08 13:30:00,XLK,Information Technology,102.41999816894531
2024-05-09 13:30:00,XLK,Information Technology,102.38999938964844
2024-05-10 13:30:00,XLK,Information Technology,102.7699966430664
2024-05-13 13:30:00,XLK,Information Technology,103.25499725341797
2024-05-14 13:30:00,XLK,Information Technology,104.16999816894531
2024-05-15 13:30:00,XLK,Information Technology,106.51499938964844
2024-05-16 13:30:00,XLK,Information Technology,106.1449966430664
2024-05-17 13:30:00,XLK,Information Technology,105.91000366210938
2024-05-20 13:30:00,XLK,Information Technology,107.15499877929688
2024-05-21 13:30:00,XLK,Information Technology,107.33000183105469
2024-05-22 13:30:00,XLK,Information Technology,107.56999969482422
2024-05-23 13:30:00,XLK,Information Technology,106.69499969482422
2024-05-24 13:30:00,XLK,Information Technology,107.59500122070312
2024-05-28 13:30:00,XLK,Information Technology,108.05000305175781
2024-05-29 13:30:00,XLK,Information Technology,107.36499786376953
2024-05-30 13:30:00,XLK,Information Technology,104.91500091552734
2024-05-31 13:30:00,XLK,Information Technology,105.08000183105469
2024-06-03 13:30:00,XLK,Information Technology,105.34500122070312
2024-06-04 13:30:00,XLK,Information Technology,105.56500244140625
2024-06-05 13:30:00,XLK,Information Technology,107.91000366210938
2024-06-06 13:30:00,XLK,Information Technology,107.55000305175781
2024-06-07 13:30:00,XLK,Information Technology,107.80000305175781
2024-06-10 13:30:00,XLK,Information Technology,108.07499694824219
2024-06-11 13:30:00,XLK,Information Technology,110.08499908447266
2024-06-12 13:30:00,XLK,Information Technology,112.5199966430664
2024-06-13 13:30:00,XLK,Information Technology,113.41000366210938
2024-06-14 13:30:00,XLK,Information Technology,113.83499908447266
2024-06-17 13:30:00,XLK,Information Technology,115.55999755859375
2024-06-18 13:30:00,XLK,Information Technology,115.70500183105469
2024-06-20 13:30:00,XLK,Information Technology,114.40499877929688
2024-06-21 13:30:00,XLK,Information Technology,114.20500183105469
2024-06-24 13:30:00,XLK,Information Technology,111.20999908447266
2024-06-25 13:30:00,XLK,Information Technology,113.25
2024-06-26 13:30:00,XLK,Information Technology,113.12000274658203
2024-06-27 13:30:00,XLK,Information Technology,113.17500305175781
2024-06-28 13:30:00,XLK,Information Technology,113.11499786376953
2024-07-01 13:30:00,XLK,Information Technology,113.97000122070312
2024-07-02 13:30:00,XLK,Information Technology,114.54000091552734
2024-07-03 13:30:00,XLK,Information Technology,116.08499908447266
2024-07-05 13:30:00,XLK,Information Technology,116.44000244140625
2024-07-08 13:30:00,XLK,Information Technology,117.23500061035156
2024-07-09 13:30:00,XLK,Information Technology,117.13999938964844
2024-07-10 13:30:00,XLK,Information Technology,118.83999633789062
2024-07-11 13:30:00,XLK,Information Technology,115.86499786376953
2024-07-12 13:30:00,XLK,Information Technology,116.9000015258789
2024-07-15 13:30:00,XLK,Information Technology,117.11000061035156
2024-07-16 13:30:00,XLK,Information Technology,116.72000122070312
2024-07-17 13:30:00,XLK,Information Technology,112.18000030517578
2024-07-18 13:30:00,XLK,Information Technology,112.19000244140625
2024-07-19 13:30:00,XLK,Information Technology,110.43499755859375
2024-07-22 13:30:00,XLK,Information Technology,113.05000305175781
2024-07-23 13:30:00,XLK,Information Technology,112.5999984741211
2024-07-24 13:30:00,XLK,Information Technology,107.94000244140625
2024-07-25 13:30:00,XLK,Information Technology,106.78500366210938
2024-07-26 13:30:00,XLK,Information Technology,108.13999938964844
2024-07-29 13:30:00,XLK,Information Technology,107.66000366210938
2024-07-30 13:30:00,XLK,Information Technology,104.95500183105469
2024-07-31 13:30:00,XLK,Information Technology,109.4000015258789
2024-08-01 13:30:00,XLK,Information Technology,105.31999969482422
2024-08-02 13:30:00,XLK,Information Technology,102.36000061035156
2024-08-05 13:30:00,XLK,Information Technology,98.94999694824219
2024-08-06 13:30:00,XLK,Information Technology,100.29499816894531
2024-08-07 13:30:00,XLK,Information Technology,98.66999816894531
2024-08-08 13:30:00,XLK,Information Technology,102.3550033569336
2024-08-09 13:30:00,XLK,Information Technology,102.81500244140625
2024-08-12 13:30:00,XLK,Information Technology,103.65499877929688
2024-08-13 13:30:00,XLK,Information Technology,106.83999633789062
2024-08-14 13:30:00,XLK,Information Technology,107.42500305175781
2024-08-15 13:30:00,XLK,Information Technology,110.51499938964844
2024-08-16 13:30:00,XLK,Information Technology,110.69999694824219
2024-08-19 13:30:00,XLK,Information Technology,112.5250015258789
2024-08-20 13:30:00,XLK,Information Technology,112.12999725341797
2024-08-21 13:30:00,XLK,Information Technology,112.79000091552734
2024-08-22 13:30:00,XLK,Information Technology,110.19499969482422
2024-08-23 13:30:00,XLK,Information Technology,111.9800033569336
2024-08-26 13:30:00,XLK,Information Technology,110.57499694824219
2024-08-27 13:30:00,XLK,Information Technology,111.24500274658203
2024-08-28 13:30:00,XLK,Information Technology,109.70999908447266
2024-08-29 13:30:00,XLK,Information Technology,108.72000122070312
2024-08-30 13:30:00,XLK,Information Technology,110.16500091552734
2024-09-03 13:30:00,XLK,Information Technology,105.1050033569336
2024-09-04 13:30:00,XLK,Information Technology,104.83499908447266
2024-09-05 13:30:00,XLK,Information Technology,104.67500305175781
2024-09-06 13:30:00,XLK,Information Technology,101.95999908447266
2024-09-09 13:30:00,XLK,Information Technology,103.62999725341797
2024-09-10 13:30:00,XLK,Information Technology,105.18000030517578
2024-09-11 13:30:00,XLK,Information Technology,108.7699966430664
2024-09-12 13:30:00,XLK,Information Technology,109.66999816894531
2024-09-13 13:30:00,XLK,Information Technology,110.22000122070312
2024-09-16 13:30:00,XLK,Information Technology,109.80000305175781
2024-09-17 13:30:00,XLK,Information Technology,109.58499908447266
2024-09-18 13:30:00,XLK,Information Technology,108.58499908447266
2024-09-19 13:30:00,XLK,Information Technology,111.80999755859375
2024-09-20 13:30:00,XLK,Information Technology,111.26499938964844
2024-09-23 13:30:00,XLK,Information Technology,111.04499816894531
2024-09-24 13:30:00,XLK,Information Technology,111.80500030517578
2024-09-25 13:30:00,XLK,Information Technology,112.125
2024-09-26 13:30:00,XLK,Information Technology,113.61000061035156
2024-09-27 13:30:00,XLK,Information Technology,112.55000305175781
2024-09-30 13:30:00,XLK,Information Technology,112.87999725341797
2024-10-01 13:30:00,XLK,Information Technology,110.12999725341797
2024-10-02 13:30:00,XLK,Information Technology,110.94499969482422
2024-10-03 13:30:00,XLK,Information Technology,111.40499877929688
2024-10-04 13:30:00,XLK,Information Technology,112.6449966430664
2024-10-07 13:30:00,XLK,Information Technology,111.87000274658203
2024-10-08 13:30:00,XLK,Information Technology,113.95999908447266
2024-10-09 13:30:00,XLK,Information Technology,115.23500061035156
2024-10-10 13:30:00,XLK,Information Technology,115.20500183105469
2024-10-11 13:30:00,XLK,Information Technology,115.40499877929688
2024-10-14 13:30:00,XLK,Information Technology,116.91000366210938
2024-10-15 13:30:00,XLK,Information Technology,114.33999633789062
2024-10-16 13:30:00,XLK,Information Technology,114.69499969482422
2024-10-17 13:30:00,XLK,Information Technology,115.04499816894531
2024-10-18 13:30:00,XLK,Information Technology,115.45500183105469
2024-10-21 13:30:00,XLK,Information Technology,115.99500274658203
2024-10-22 13:30:00,XLK,Information Technology,115.875
2024-10-23 13:30:00,XLK,Information Technology,114.21499633789062
2024-10-24 13:30:00,XLK,Information Technology,114.55000305175781
2024-10-25 13:30:00,XLK,Information Technology,115.1449966430664
2024-10-28 13:30:00,XLK,Information Technology,115.11000061035156
2024-10-29 13:30:00,XLK,Information Technology,116.66000366210938
2024-10-30 13:30:00,XLK,Information Technology,114.80500030517578
2024-10-31 13:30:00,XLK,Information Technology,111.12000274658203
2024-11-01 13:30:00,XLK,Information Technology,111.95500183105469
2024-11-04 14:30:00,XLK,Information Technology,111.87000274658203
2024-11-05 14:30:00,XLK,Information Technology,113.44499969482422
2024-11-06 14:30:00,XLK,Information Technology,116.67500305175781
2024-11-07 14:30:00,XLK,Information Technology,118.70999908447266
2024-11-08 14:30:00,XLK,Information Technology,118.58000183105469
2024-11-11 14:30:00,XLK,Information Technology,117.92500305175781
2024-11-12 14:30:00,XLK,Information Technology,118.07499694824219
2024-11-13 14:30:00,XLK,Information Technology,117.66500091552734
2024-11-14 14:30:00,XLK,Information Technology,117.26499938964844
2024-11-15 14:30:00,XLK,Information Technology,114.3550033569336
2024-11-18 14:30:00,XLK,Information Technology,114.7249984741211
2024-11-19 14:30:00,XLK,Information Technology,115.66500091552734
2024-11-20 14:30:00,XLK,Information Technology,115.56500244140625
2024-11-21 14:30:00,XLK,Information Technology,116.73999786376953
2024-11-22 14:30:00,XLK,Information Technology,116.80000305175781
2024-11-25 14:30:00,XLK,Information Technology,116.79499816894531
2024-11-26 14:30:00,XLK,Information Technology,117.37999725341797
2024-11-27 14:30:00,XLK,Information Technology,115.79000091552734
2024-11-29 14:30:00,XLK,Information Technology,116.86499786376953
2024-12-02 14:30:00,XLK,Information Technology,117.9749984741211
2024-12-03 14:30:00,XLK,Information Technology,118.4000015258789
2024-12-04 14:30:00,XLK,Information Technology,120.56500244140625
2024-12-05 14:30:00,XLK,Information Technology,119.95500183105469
2024-12-06 14:30:00,XLK,Information Technology,120.41999816894531
2024-12-09 14:30:00,XLK,Information Technology,119.63500213623047
2024-12-10 14:30:00,XLK,Information Technology,117.9749984741211
2024-12-11 14:30:00,XLK,Information Technology,119.68499755859375
2024-12-12 14:30:00,XLK,Information Technology,119.01499938964844
2024-12-13 14:30:00,XLK,Information Technology,119.5250015258789
2024-12-16 14:30:00,XLK,Information Technology,120.72000122070312
2024-12-17 14:30:00,XLK,Information Technology,119.98999786376953
2024-12-18 14:30:00,XLK,Information Technology,116.12000274658203
2024-12-19 14:30:00,XLK,Information Technology,116.24500274658203
2024-12-20 14:30:00,XLK,Information Technology,117.9800033569336
2024-12-23 14:30:00,XLK,Information Technology,119.03500366210938
2024-12-24 14:30:00,XLK,Information Technology,120.26499938964844
2024-12-26 14:30:00,XLK,Information Technology,120.34500122070312
2024-12-27 14:30:00,XLK,Information Technology,118.74500274658203
2024-12-30 14:30:00,XLK,Information Technology,117.23500061035156
2024-12-31 14:30:00,XLK,Information Technology,116.26000213623047
2025-01-02 14:30:00,XLK,Information Technology,115.98500061035156
2025-01-03 14:30:00,XLK,Information Technology,117.875
2025-01-06 14:30:00,XLK,Information Technology,119.375
2025-01-07 14:30:00,XLK,Information Technology,116.9800033569336
2025-01-08 14:30:00,XLK,Information Technology,116.94000244140625
2025-01-10 14:30:00,XLK,Information Technology,114.38999938964844
2025-01-13 14:30:00,XLK,Information Technology,113.58000183105469
2025-01-14 14:30:00,XLK,Information Technology,113.87999725341797
2025-01-15 14:30:00,XLK,Information Technology,116.1449966430664
2025-01-16 14:30:00,XLK,Information Technology,115.25
2025-01-17 14:30:00,XLK,Information Technology,117.05500030517578
2025-01-21 14:30:00,XLK,Information Technology,118.02999877929688
2025-01-22 14:30:00,XLK,Information Technology,120.69499969482422
2025-01-23 14:30:00,XLK,Information Technology,120.91000366210938
2025-01-24 14:30:00,XLK,Information Technology,119.6500015258789
2025-01-27 14:30:00,XLK,Information Technology,113.78500366210938
2025-01-28 14:30:00,XLK,Information Technology,116.81999969482422
2025-01-29 14:30:00,XLK,Information Technology,115.87000274658203
2025-01-30 14:30:00,XLK,Information Technology,116.08499908447266
2025-01-31 14:30:00,XLK,Information Technology,115.40499877929688
2025-02-03 14:30:00,XLK,Information Technology,113.8499984741211
2025-02-04 14:30:00,XLK,Information Technology,115.48999786376953
2025-02-05 14:30:00,XLK,Information Technology,117.09500122070312
2025-02-06 14:30:00,XLK,Information Technology,117.41500091552734
2025-02-07 14:30:00,XLK,Information Technology,116.41000366210938
2025-02-10 14:30:00,XLK,Information Technology,118.11000061035156
2025-02-11 14:30:00,XLK,Information Technology,118.16500091552734
2025-02-12 14:30:00,XLK,Information Technology,117.91000366210938
2025-02-13 14:30:00,XLK,Information Technology,119.58000183105469
2025-02-14 14:30:00,XLK,Information Technology,119.98500061035156
2025-02-18 14:30:00,XLK,Information Technology,121.08000183105469
2025-02-19 14:30:00,XLK,Information Technology,121.08999633789062
2025-02-20 14:30:00,XLK,Information Technology,120.70500183105469
2025-02-21 14:30:00,XLK,Information Technology,117.43499755859375
2025-02-24 14:30:00,XLK,Information Technology,115.75499725341797
2025-02-25 14:30:00,XLK,Information Technology,114.25499725341797
2025-02-26 14:30:00,XLK,Information Technology,115.5
2025-02-27 14:30:00,XLK,Information Technology,111.29499816894531
2025-02-28 14:30:00,XLK,Information Technology,112.76499938964844
2025-03-03 14:30:00,XLK,Information Technology,109.33499908447266
2025-03-04 14:30:00,XLK,Information Technology,109.25
2025-03-05 14:30:00,XLK,Information Technology,110.78500366210938
2025-03-06 14:30:00,XLK,Information Technology,107.70999908447266
2025-03-07 14:30:00,XLK,Information Technology,109.2699966430664
2025-03-10 13:30:00,XLK,Information Technology,104.625
2025-03-11 13:30:00,XLK,Information Technology,104.19999694824219
2025-03-12 13:30:00,XLK,Information Technology,105.83999633789062
2025-03-13 13:30:00,XLK,Information Technology,103.83000183105469
2025-03-14 13:30:00,XLK,Information Technology,106.97000122070312
2025-03-17 13:30:00,XLK,Information Technology,107.71499633789062
2025-03-18 13:30:00,XLK,Information Technology,106.07499694824219
2025-03-19 13:30:00,XLK,Information Technology,107.45500183105469
2025-03-20 13:30:00,XLK,Information Technology,106.69000244140625
2025-03-21 13:30:00,XLK,Information Technology,106.9800033569336
2025-03-24 13:30:00,XLK,Information Technology,108.81500244140625
2025-03-25 13:30:00,XLK,Information Technology,109.17500305175781
2025-03-26 13:30:00,XLK,Information Technology,106.73999786376953
2025-03-27 13:30:00,XLK,Information Technology,105.75499725341797
2025-03-28 13:30:00,XLK,Information Technology,103.19000244140625
2025-03-31 13:30:00,XLK,Information Technology,103.23999786376953
2025-04-01 13:30:00,XLK,Information Technology,103.99500274658203
2025-04-02 13:30:00,XLK,Information Technology,104.76499938964844
2025-04-03 13:30:00,XLK,Information Technology,97.61499786376953
2025-04-04 13:30:00,XLK,Information Technology,91.18499755859375
2025-04-07 13:30:00,XLK,Information Technology,91.7300033569336
2025-04-08 13:30:00,XLK,Information Technology,89.86499786376953
2025-04-09 13:30:00,XLK,Information Technology,101.93000030517578
2025-04-10 13:30:00,XLK,Information Technology,97.18499755859375
2025-04-11 13:30:00,XLK,Information Technology,99.17500305175781
2025-04-14 13:30:00,XLK,Information Technology,100.08000183105469
2025-04-15 13:30:00,XLK,Information Technology,100.44499969482422
2025-04-16 13:30:00,XLK,Information Technology,96.95500183105469
2025-04-17 13:30:00,XLK,Information Technology,96.43000030517578
2025-04-21 13:30:00,XLK,Information Technology,93.94000244140625
2025-04-22 13:30:00,XLK,Information Technology,96.2300033569336
2025-04-23 13:30:00,XLK,Information Technology,99.0199966430664
2025-04-24 13:30:00,XLK,Information Technology,102.71499633789062
2025-04-25 13:30:00,XLK,Information Technology,104.23500061035156
2025-04-28 13:30:00,XLK,Information Technology,104.06500244140625
2025-04-29 13:30:00,XLK,Information Technology,104.55000305175781
2025-04-30 13:30:00,XLK,Information Technology,104.98500061035156
2025-05-01 13:30:00,XLK,Information Technology,106.5250015258789
2025-05-02 13:30:00,XLK,Information Technology,108.30500030517578
2025-05-05 13:30:00,XLK,Information Technology,107.7300033569336
2025-05-06 13:30:00,XLK,Information Technology,106.83499908447266
2025-05-07 13:30:00,XLK,Information Technology,107.90499877929688
2025-05-08 13:30:00,XLK,Information Technology,108.93499755859375
2025-05-09 13:30:00,XLK,Information Technology,108.80000305175781
2025-05-12 13:30:00,XLK,Information Technology,113.8499984741211
2025-05-13 13:30:00,XLK,Information Technology,116.30999755859375
2025-05-14 13:30:00,XLK,Information Technology,117.06500244140625
2025-05-15 13:30:00,XLK,Information Technology,117.2249984741211
2025-05-16 13:30:00,XLK,Information Technology,117.44499969482422
2025-05-19 13:30:00,XLK,Information Technology,117.2750015258789
2025-05-20 13:30:00,XLK,Information Technology,116.83499908447266
2025-05-21 13:30:00,XLK,Information Technology,114.63999938964844
2025-05-22 13:30:00,XLK,Information Technology,114.66999816894531
2025-05-23 13:30:00,XLK,Information Technology,113.40499877929688
2025-05-27 13:30:00,XLK,Information Technology,116.0999984741211
2025-05-28 13:30:00,XLK,Information Technology,115.62000274658203
2025-05-29 13:30:00,XLK,Information Technology,115.81500244140625
2025-05-30 13:30:00,XLK,Information Technology,115.45500183105469
2025-06-02 13:30:00,XLK,Information Technology,116.4749984741211
2025-06-03 13:30:00,XLK,Information Technology,118.2249984741211
2025-06-04 13:30:00,XLK,Information Technology,118.4000015258789
2025-06-05 13:30:00,XLK,Information Technology,118.06500244140625
2025-06-06 13:30:00,XLK,Information Technology,119.18000030517578
2025-06-09 13:30:00,XLK,Information Technology,119.76499938964844
2025-06-10 13:30:00,XLK,Information Technology,120.43499755859375
2025-06-11 13:30:00,XLK,Information Technology,120.16999816894531
2025-06-12 13:30:00,XLK,Information Technology,121.28500366210938
2025-06-13 13:30:00,XLK,Information Technology,119.58499908447266
2025-06-16 13:30:00,XLK,Information Technology,121.5199966430664
2025-06-17 13:30:00,XLK,Information Technology,120.66000366210938
2025-06-18 13:30:00,XLK,Information Technology,120.80500030517578
2025-06-20 13:30:00,XLK,Information Technology,120.2699966430664
2025-06-23 13:30:00,XLK,Information Technology,121.44000244140625
2025-06-24 13:30:00,XLK,Information Technology,123.62000274658203
2025-06-25 13:30:00,XLK,Information Technology,124.67500305175781
2025-06-26 13:30:00,XLK,Information Technology,125.53500366210938
2025-06-27 13:30:00,XLK,Information Technology,125.38500213623047
2025-06-30 13:30:00,XLK,Information Technology,126.61499786376953
2025-07-01 13:30:00,XLK,Information Technology,125.48500061035156
2025-07-02 13:30:00,XLK,Information Technology,126.80999755859375
2025-07-03 13:30:00,XLK,Information Technology,128.47999572753906
2025-07-07 13:30:00,XLK,Information Technology,127.45999908447266
2025-07-08 13:30:00,XLK,Information Technology,128.14500427246094
2025-07-09 13:30:00,XLK,Information Technology,128.9149932861328
2025-07-10 13:30:00,XLK,Information Technology,128.49000549316406
2025-07-11 13:30:00,XLK,Information Technology,127.92500305175781
2025-07-14 13:30:00,XLK,Information Technology,127.81999969482422
2025-07-15 13:30:00,XLK,Information Technology,128.9550018310547
2025-07-16 13:30:00,XLK,Information Technology,129.35499572753906
2025-07-17 13:30:00,XLK,Information Technology,130.52999877929688
2025-07-18 13:30:00,XLK,Information Technology,130.44500732421875
2025-07-21 13:30:00,XLK,Information Technology,130.61500549316406
2025-07-22 13:30:00,XLK,Information Technology,129.40499877929688
2025-07-23 13:30:00,XLK,Information Technology,130.14500427246094
2025-07-24 13:30:00,XLK,Information Technology,130.69500732421875
2025-07-25 13:30:00,XLK,Information Technology,130.9949951171875
2025-07-28 13:30:00,XLK,Information Technology,132.0399932861328
2025-07-29 13:30:00,XLK,Information Technology,132.0449981689453
2025-07-30 13:30:00,XLK,Information Technology,132.33999633789062
2025-07-31 13:30:00,XLK,Information Technology,131.3699951171875
2025-08-01 13:30:00,XLK,Information Technology,128.53500366210938
2025-08-04 13:30:00,XLK,Information Technology,131.14500427246094
2025-08-05 13:30:00,XLK,Information Technology,130.05999755859375
2025-08-06 13:30:00,XLK,Information Technology,131.52499389648438
2025-08-07 13:30:00,XLK,Information Technology,131.64500427246094
2025-08-08 13:30:00,XLK,Information Technology,132.9600067138672
2025-08-11 13:30:00,XLK,Information Technology,132.05999755859375
2025-08-12 13:30:00,XLK,Information Technology,134.10499572753906
2025-08-13 13:30:00,XLK,Information Technology,134.15499877929688
2025-08-14 13:30:00,XLK,Information Technology,133.86500549316406
2025-08-15 13:30:00,XLK,Information Technology,132.85000610351562
2025-08-18 13:30:00,XLK,Information Technology,133.13499450683594
2025-08-19 13:30:00,XLK,Information Technology,130.80999755859375
2025-08-20 13:30:00,XLK,Information Technology,129.9250030517578
2025-08-21 13:30:00,XLK,Information Technology,129.4550018310547
2025-08-22 13:30:00,XLK,Information Technology,131.2100067138672
2025-08-25 13:30:00,XLK,Information Technology,130.9149932861328
2025-08-26 13:30:00,XLK,Information Technology,131.51499938964844
2025-08-27 13:30:00,XLK,Information Technology,132.22500610351562
2025-08-28 13:30:00,XLK,Information Technology,133.27000427246094
2025-08-29 13:30:00,XLK,Information Technology,131.22500610351562
2025-09-02 13:30:00,XLK,Information Technology,129.89999389648438
2025-09-03 13:30:00,XLK,Information Technology,130.6750030517578
2025-09-04 13:30:00,XLK,Information Technology,131.32000732421875
2025-09-05 13:30:00,XLK,Information Technology,131.42999267578125
2025-09-08 13:30:00,XLK,Information Technology,132.4149932861328
2025-09-09 13:30:00,XLK,Information Technology,132.6699981689453
2025-09-10 13:30:00,XLK,Information Technology,135.0749969482422
2025-09-11 13:30:00,XLK,Information Technology,135.52999877929688
2025-09-12 13:30:00,XLK,Information Technology,135.44000244140625
2025-09-15 13:30:00,XLK,Information Technology,136.66000366210938
2025-09-16 13:30:00,XLK,Information Technology,136.18499755859375
2025-09-17 13:30:00,XLK,Information Technology,135.71499633789062
2025-09-18 13:30:00,XLK,Information Technology,138.05999755859375
2025-09-19 13:30:00,XLK,Information Technology,139.4600067138672
2025-09-22 13:30:00,XLK,Information Technology,141.3300018310547
2025-09-23 13:30:00,XLK,Information Technology,140.11000061035156
2025-09-24 13:30:00,XLK,Information Technology,139.2449951171875
2025-09-25 13:30:00,XLK,Information Technology,139.0
2025-09-26 13:30:00,XLK,Information Technology,139.4199981689453
2025-09-29 13:30:00,XLK,Information Technology,140.1649932861328
2025-09-30 13:30:00,XLK,Information Technology,140.92999267578125
2025-10-01 13:30:00,XLK,Information Technology,142.30999755859375
2025-10-02 13:30:00,XLK,Information Technology,143.0800018310547
2025-10-03 13:30:00,XLK,Information Technology,142.36000061035156
2025-10-06 13:30:00,XLK,Information Technology,143.8000030517578
2025-10-07 13:30:00,XLK,Information Technology,142.83999633789062
2025-10-08 13:30:00,XLK,Information Technology,145.34500122070312
2025-10-09 13:30:00,XLK,Information Technology,145.10000610351562
2025-10-10 13:30:00,XLK,Information Technology,139.19500732421875
2025-10-13 13:30:00,XLK,Information Technology,142.5850067138672
2025-10-14 13:30:00,XLK,Information Technology,140.7550048828125
2025-10-15 13:30:00,XLK,Information Technology,142.14999389648438
2025-10-16 13:30:00,XLK,Information Technology,142.2550048828125
2025-10-17 13:30:00,XLK,Information Technology,142.5050048828125
2025-10-20 13:30:00,XLK,Information Technology,144.09500122070312
2025-10-21 13:30:00,XLK,Information Technology,144.1699981689453
2025-10-22 13:30:00,XLK,Information Technology,142.7449951171875
2025-10-23 13:30:00,XLK,Information Technology,144.5449981689453
2025-10-24 13:30:00,XLK,Information Technology,146.7899932861328
2025-10-27 13:30:00,XLK,Information Technology,149.5
2025-10-28 13:30:00,XLK,Information Technology,150.97999572753906
2025-10-29 13:30:00,XLK,Information Technology,152.06500244140625
2025-10-30 13:30:00,XLK,Information Technology,150.19500732421875
2025-10-31 13:30:00,XLK,Information Technology,150.33999633789062
2025-11-03 14:30:00,XLK,Information Technology,150.9550018310547
2025-11-04 14:30:00,XLK,Information Technology,146.97000122070312
2025-11-05 14:30:00,XLK,Information Technology,147.5449981689453
2025-11-06 14:30:00,XLK,Information Technology,144.5800018310547
2025-11-07 14:30:00,XLK,Information Technology,144.0800018310547
2025-11-10 14:30:00,XLK,Information Technology,147.76499938964844
2025-11-11 14:30:00,XLK,Information Technology,146.5050048828125
2025-11-12 14:30:00,XLK,Information Technology,146.9600067138672
2025-11-13 14:30:00,XLK,Information Technology,143.2949981689453
2025-11-14 14:30:00,XLK,Information Technology,144.0749969482422
2025-11-17 14:30:00,XLK,Information Technology,141.82000732421875
2025-11-18 14:30:00,XLK,Information Technology,139.51499938964844
2025-11-19 14:30:00,XLK,Information Technology,140.48500061035156
2025-11-20 14:30:00,XLK,Information Technology,136.0749969482422
2025-11-21 14:30:00,XLK,Information Technology,136.60000610351562
2025-11-24 14:30:00,XLK,Information Technology,139.85499572753906
2025-11-25 14:30:00,XLK,Information Technology,140.22999572753906
2025-11-26 14:30:00,XLK,Information Technology,141.88999938964844
2025-11-28 14:30:00,XLK,Information Technology,143.11000061035156
2025-12-01 14:30:00,XLK,Information Technology,143.1750030517578
2025-12-02 14:30:00,XLK,Information Technology,144.64999389648438
2025-12-03 14:30:00,XLK,Information Technology,144.9949951171875
2025-12-04 14:30:00,XLK,Information Technology,145.53500366210938
2025-12-05 14:30:00,XLK,Information Technology,146.60000610351562
2025-12-08 14:30:00,XLK,Information Technology,147.6300048828125
2025-12-09 14:30:00,XLK,Information Technology,148.02000427246094
2025-12-10 14:30:00,XLK,Information Technology,148.72999572753906
2025-12-11 14:30:00,XLK,Information Technology,147.97000122070312
2025-12-12 14:30:00,XLK,Information Technology,143.69000244140625
2025-12-15 14:30:00,XLK,Information Technology,142.3000030517578
2025-12-16 14:30:00,XLK,Information Technology,142.55999755859375
2025-12-17 14:30:00,XLK,Information Technology,139.38999938964844
2025-12-18 14:30:00,XLK,Information Technology,141.5399932861328
2025-12-19 14:30:00,XLK,Information Technology,144.60000610351562
2025-12-22 14:30:00,XLK,Information Technology,145.16000366210938
2025-12-23 14:30:00,XLK,Information Technology,145.9499969482422
2025-12-24 14:30:00,XLK,Information Technology,146.3000030517578
2025-12-26 14:30:00,XLK,Information Technology,146.52999877929688
2025-12-29 14:30:00,XLK,Information Technology,145.8699951171875
2025-12-30 14:30:00,XLK,Information Technology,145.41000366210938
2025-12-31 14:30:00,XLK,Information Technology,143.97000122070312
2026-01-02 14:30:00,XLK,Information Technology,144.3000030517578
2026-01-05 14:30:00,XLK,Information Technology,144.6199951171875
2026-01-06 14:30:00,XLK,Information Technology,146.64999389648438
2026-01-07 14:30:00,XLK,Information Technology,146.52999877929688
2026-01-08 14:30:00,XLK,Information Technology,144.24000549316406
2026-01-09 14:30:00,XLK,Information Technology,146.14999389648438
2026-01-12 14:30:00,XLK,Information Technology,146.7899932861328
2026-01-13 14:30:00,XLK,Information Technology,146.47999572753906
2026-01-14 14:30:00,XLK,Information Technology,144.6999969482422
2026-01-15 14:30:00,XLK,Information Technology,145.4600067138672
2026-01-16 14:30:00,XLK,Information Technology,145.6199951171875
2026-01-20 14:30:00,XLK,Information Technology,141.83999633789062
2026-01-21 14:30:00,XLK,Information Technology,143.80999755859375
2026-01-22 14:30:00,XLK,Information Technology,144.8800048828125
2026-01-23 14:30:00,XLK,Information Technology,145.08999633789062
2026-01-26 14:30:00,XLK,Information Technology,146.0800018310547
2026-01-27 14:30:00,XLK,Information Technology,148.0500030517578
2026-01-28 14:30:00,XLK,Information Technology,149.22999572753906
2026-01-29 14:30:00,XLK,Information Technology,146.8699951171875
2026-01-30 14:30:00,XLK,Information Technology,143.8800048828125
2026-02-02 14:30:00,XLK,Information Technology,145.25999450683594
2026-02-03 14:30:00,XLK,Information Technology,142.0800018310547
2026-02-04 14:30:00,XLK,Information Technology,138.1199951171875
2026-02-05 14:30:00,XLK,Information Technology,135.6300048828125
2026-02-06 14:30:00,XLK,Information Technology,141.1300048828125
2026-02-09 14:30:00,XLK,Information Technology,143.35000610351562
2026-02-10 14:30:00,XLK,Information Technology,142.5500030517578
2026-02-11 14:30:00,XLK,Information Technology,142.97000122070312
2026-02-12 14:30:00,XLK,Information Technology,139.2100067138672
2026-02-13 14:30:00,XLK,Information Technology,139.55999755859375
2026-02-17 14:30:00,XLK,Information Technology,139.47999572753906
2026-02-18 14:30:00,XLK,Information Technology,140.91000366210938
2026-02-19 14:30:00,XLK,Information Technology,140.2100067138672
2026-02-20 14:30:00,XLK,Information Technology,140.8800048828125
2026-02-23 14:30:00,XLK,Information Technology,138.52000427246094
2026-02-24 14:30:00,XLK,Information Technology,140.32000732421875
2026-02-25 14:30:00,XLK,Information Technology,143.00999450683594
2026-02-26 14:30:00,XLK,Information Technology,141.00999450683594
2026-02-27 14:30:00,XLK,Information Technology,138.75999450683594
2026-03-02 14:30:00,XLK,Information Technology,139.5399932861328
2026-03-03 14:30:00,XLK,Information Technology,137.5
2026-03-04 14:30:00,XLK,Information Technology,139.83999633789062
2026-03-05 14:30:00,XLK,Information Technology,140.17999267578125
2026-03-06 14:30:00,XLK,Information Technology,137.2899932861328
2026-03-09 13:30:00,XLK,Information Technology,139.75999450683594
2026-03-10 13:30:00,XLK,Information Technology,139.75999450683594
2026-03-11 13:30:00,XLK,Information Technology,140.42999267578125
2026-03-12 13:30:00,XLK,Information Technology,137.83999633789062
2026-03-13 13:30:00,XLK,Information Technology,136.8000030517578
2026-03-16 13:30:00,XLK,Information Technology,138.77999877929688
2026-03-17 13:30:00,XLK,Information Technology,139.5399932861328
2026-03-18 13:30:00,XLK,Information Technology,137.9600067138672
2026-03-19 13:30:00,XLK,Information Technology,138.42999267578125
2026-03-20 13:30:00,XLK,Information Technology,135.2899932861328
2026-03-23 13:30:00,XLK,Information Technology,136.9499969482422
2026-03-24 13:30:00,XLK,Information Technology,136.14999389648438
2026-03-25 13:30:00,XLK,Information Technology,136.75999450683594
2026-03-26 13:30:00,XLK,Information Technology,132.5
2026-03-27 13:30:00,XLK,Information Technology,129.9199981689453
2026-03-30 13:30:00,XLK,Information Technology,127.5
2026-03-31 13:30:00,XLK,Information Technology,132.89999389648438
2026-04-01 13:30:00,XLK,Information Technology,134.91000366210938
2026-04-02 13:30:00,XLK,Information Technology,135.99000549316406
2026-04-06 13:30:00,XLK,Information Technology,136.77999877929688
2026-04-07 13:30:00,XLK,Information Technology,137.42999267578125
2026-04-08 13:30:00,XLK,Information Technology,141.69000244140625
2026-04-09 13:30:00,XLK,Information Technology,142.07000732421875
2026-04-10 13:30:00,XLK,Information Technology,142.6199951171875
2026-04-13 13:30:00,XLK,Information Technology,145.61000061035156
2026-04-14 13:30:00,XLK,Information Technology,147.94000244140625
2026-04-15 13:30:00,XLK,Information Technology,150.3000030517578
2026-04-16 13:30:00,XLK,Information Technology,152.02000427246094
2026-04-17 13:30:00,XLK,Information Technology,154.35000610351562
2026-04-20 13:30:00,XLK,Information Technology,154.55999755859375
2026-04-21 13:30:00,XLK,Information Technology,154.69000244140625
2026-04-22 13:30:00,XLK,Information Technology,158.08999633789062
2026-04-23 13:30:00,XLK,Information Technology,155.83999633789062
2026-04-24 13:30:00,XLK,Information Technology,160.22000122070312
2026-04-27 13:30:00,XLK,Information Technology,160.57000732421875
2026-04-28 13:30:00,XLK,Information Technology,157.85000610351562
2026-04-29 13:30:00,XLK,Information Technology,159.11000061035156
2026-04-30 13:30:00,XLK,Information Technology,159.5
2026-05-01 13:30:00,XLK,Information Technology,161.8699951171875
2026-05-04 13:30:00,XLK,Information Technology,162.0500030517578
2026-05-05 13:30:00,XLK,Information Technology,165.6300048828125
2026-05-06 13:30:00,XLK,Information Technology,170.02999877929688
2026-05-07 13:30:00,XLK,Information Technology,169.69000244140625
2026-05-08 13:30:00,XLK,Information Technology,175.52000427246094
2026-05-11 13:30:00,XLK,Information Technology,177.8800048828125
2026-05-12 13:30:00,XLK,Information Technology,175.1999969482422
2026-05-13 13:30:00,XLK,Information Technology,176.85000610351562
2026-05-14 13:30:00,XLK,Information Technology,179.5
2026-05-15 13:30:00,XLK,Information Technology,176.25999450683594
2026-05-18 13:30:00,XLK,Information Technology,174.36000061035156
2026-05-19 13:30:00,XLK,Information Technology,173.24000549316406
2026-05-20 13:30:00,XLK,Information Technology,177.13999938964844
2026-05-21 13:30:00,XLK,Information Technology,178.60000610351562
2026-05-22 13:30:00,XLK,Information Technology,180.38999938964844
2026-05-26 13:30:00,XLK,Information Technology,185.13999938964844
2026-05-27 13:30:00,XLK,Information Technology,184.42999267578125
2026-05-28 13:30:00,XLK,Information Technology,186.85000610351562
2026-05-29 13:30:00,XLK,Information Technology,191.02000427246094
2026-06-01 13:30:00,XLK,Information Technology,195.75999450683594
2026-06-02 13:30:00,XLK,Information Technology,198.2100067138672
2026-06-03 13:30:00,XLK,Information Technology,196.22999572753906
2026-06-04 13:30:00,XLK,Information Technology,193.1699981689453
2026-06-05 13:30:00,XLK,Information Technology,180.3000030517578
2026-06-08 13:30:00,XLK,Information Technology,184.17999267578125
2026-06-09 13:30:00,XLK,Information Technology,180.77000427246094
2026-06-10 13:30:00,XLK,Information Technology,176.6300048828125
2026-06-11 13:30:00,XLK,Information Technology,183.2100067138672
2026-06-12 13:30:00,XLK,Information Technology,184.8000030517578
2026-06-15 13:30:00,XLK,Information Technology,191.7899932861328
2026-06-16 13:30:00,XLK,Information Technology,186.44000244140625
2026-06-17 13:30:00,XLK,Information Technology,185.8000030517578
2026-06-18 13:30:00,XLK,Information Technology,191.44000244140625
2026-06-22 13:30:00,XLK,Information Technology,192.14999389648438
2026-06-23 13:30:00,XLK,Information Technology,184.19000244140625
2026-06-24 13:30:00,XLK,Information Technology,183.0500030517578
2026-06-25 13:30:00,XLK,Information Technology,184.57000732421875
2026-06-26 13:30:00,XLK,Information Technology,181.11000061035156
2026-06-29 13:30:00,XLK,Information Technology,185.41000366210938
2026-06-30 13:30:00,XLK,Information Technology,190.52000427246094
2026-07-01 13:30:00,XLK,Information Technology,185.6199951171875
2026-07-02 13:30:00,XLK,Information Technology,180.58999633789062
2026-07-06 13:30:00,XLK,Information Technology,183.57000732421875
2026-07-07 13:30:00,XLK,Information Technology,179.17999267578125
2026-07-08 13:30:00,XLK,Information Technology,181.39999389648438
2026-07-09 13:30:00,XLK,Information Technology,185.35000610351562
2026-07-10 13:30:00,XLK,Information Technology,185.77999877929688
2026-07-13 13:30:00,XLK,Information Technology,181.27999877929688
2026-07-14 13:30:00,XLK,Information Technology,183.6199951171875
2026-07-15 13:30:00,XLK,Information Technology,181.5800018310547
2026-07-16 13:30:00,XLK,Information Technology,177.52000427246094
2026-07-17 13:30:00,XLK,Information Technology,175.58999633789062
2026-07-20 13:30:00,XLK,Information Technology,175.7100067138672
2026-07-21 13:30:00,XLK,Information Technology,180.77999877929688
2026-07-22 13:30:00,XLK,Information Technology,180.27000427246094
2026-07-23 13:30:00,XLK,Information Technology,178.4499969482422
2026-07-24 13:30:00,XLK,Information Technology,175.8800048828125
2026-07-27 13:30:00,XLK,Information Technology,174.3000030517578
2026-07-28 13:30:00,XLK,Information Technology,171.08999633789062
2026-07-29 13:30:00,XLK,Information Technology,166.57000732421875
2026-07-30 13:30:00,XLK,Information Technology,175.72999572753906
2026-07-31 13:30:00,XLK,Information Technology,175.35000610351562
2026-08-03 13:30:00,XLK,Information Technology,178.0399932861328
2026-08-04 13:30:00,XLK,Information Technology,186.89999389648438
2026-08-05 13:30:00,XLK,Information Technology,185.91000366210938
2026-08-06 13:30:00,XLK,Information Technology,185.3300018310547
2026-08-07 13:30:00,XLK,Information Technology,187.97000122070312
2026-08-10 13:30:00,XLK,Information Technology,186.32000732421875
2026-08-11 13:30:00,XLK,Information Technology,186.08999633789062
2026-08-12 13:30:00,XLK,Information Technology,188.86000061035156
2026-08-13 13:30:00,XLK,Information Technology,190.77000427246094
2026-08-14 13:30:00,XLK,Information Technology,190.00999450683594
2026-08-17 13:30:00,XLK,Information Technology,190.32000732421875
2026-08-18 13:30:00,XLK,Information Technology,185.6199951171875
2026-08-19 13:30:00,XLK,Information Technology,183.63999938964844
2026-08-20 13:30:00,XLK,Information Technology,183.10000610351562
2026-08-21 13:30:00,XLK,Information Technology,183.30999755859375
2026-08-24 13:30:00,XLK,Information Technology,180.0500030517578
2026-08-25 13:30:00,XLK,Information Technology,181.74000549316406
2026-08-26 13:30:00,XLK,Information Technology,182.83999633789062
2026-08-27 13:30:00,XLK,Information Technology,188.61000061035156
2026-08-28 13:30:00,XLK,Information Technology,185.69000244140625
2021-08-30 13:30:00,XLB,Materials,42.93000030517578
2021-08-31 13:30:00,XLB,Materials,42.80500030517578
2021-09-01 13:30:00,XLB,Materials,42.69499969482422
2021-09-02 13:30:00,XLB,Materials,42.970001220703125
2021-09-03 13:30:00,XLB,Materials,42.685001373291016
2021-09-07 13:30:00,XLB,Materials,42.404998779296875
2021-09-08 13:30:00,XLB,Materials,42.0
2021-09-09 13:30:00,XLB,Materials,42.01499938964844
2021-09-10 13:30:00,XLB,Materials,42.005001068115234
2021-09-13 13:30:00,XLB,Materials,41.994998931884766
2021-09-14 13:30:00,XLB,Materials,41.53499984741211
2021-09-15 13:30:00,XLB,Materials,41.974998474121094
2021-09-16 13:30:00,XLB,Materials,41.52000045776367
2021-09-17 13:30:00,XLB,Materials,40.665000915527344
2021-09-20 13:30:00,XLB,Materials,39.709999084472656
2021-09-21 13:30:00,XLB,Materials,39.6150016784668
2021-09-22 13:30:00,XLB,Materials,40.025001525878906
2021-09-23 13:30:00,XLB,Materials,40.595001220703125
2021-09-24 13:30:00,XLB,Materials,40.53499984741211
2021-09-27 13:30:00,XLB,Materials,40.849998474121094
2021-09-28 13:30:00,XLB,Materials,40.345001220703125
2021-09-29 13:30:00,XLB,Materials,40.18000030517578
2021-09-30 13:30:00,XLB,Materials,39.55500030517578
2021-10-01 13:30:00,XLB,Materials,40.185001373291016
2021-10-04 13:30:00,XLB,Materials,40.0099983215332
2021-10-05 13:30:00,XLB,Materials,40.3650016784668
2021-10-06 13:30:00,XLB,Materials,40.290000915527344
2021-10-07 13:30:00,XLB,Materials,40.814998626708984
2021-10-08 13:30:00,XLB,Materials,40.59000015258789
2021-10-11 13:30:00,XLB,Materials,40.595001220703125
2021-10-12 13:30:00,XLB,Materials,40.650001525878906
2021-10-13 13:30:00,XLB,Materials,40.95500183105469
2021-10-14 13:30:00,XLB,Materials,41.95000076293945
2021-10-15 13:30:00,XLB,Materials,42.07500076293945
2021-10-18 13:30:00,XLB,Materials,42.04499816894531
2021-10-19 13:30:00,XLB,Materials,42.26499938964844
2021-10-20 13:30:00,XLB,Materials,42.60499954223633
2021-10-21 13:30:00,XLB,Materials,42.494998931884766
2021-10-22 13:30:00,XLB,Materials,42.415000915527344
2021-10-25 13:30:00,XLB,Materials,42.84000015258789
2021-10-26 13:30:00,XLB,Materials,42.959999084472656
2021-10-27 13:30:00,XLB,Materials,42.345001220703125
2021-10-28 13:30:00,XLB,Materials,42.76499938964844
2021-10-29 13:30:00,XLB,Materials,42.560001373291016
2021-11-01 13:30:00,XLB,Materials,42.65999984741211
2021-11-02 13:30:00,XLB,Materials,43.14500045776367
2021-11-03 13:30:00,XLB,Materials,43.595001220703125
2021-11-04 13:30:00,XLB,Materials,43.56999969482422
2021-11-05 13:30:00,XLB,Materials,43.90999984741211
2021-11-08 14:30:00,XLB,Materials,44.459999084472656
2021-11-09 14:30:00,XLB,Materials,44.665000915527344
2021-11-10 14:30:00,XLB,Materials,44.36000061035156
2021-11-11 14:30:00,XLB,Materials,44.71500015258789
2021-11-12 14:30:00,XLB,Materials,45.04999923706055
2021-11-15 14:30:00,XLB,Materials,44.845001220703125
2021-11-16 14:30:00,XLB,Materials,44.720001220703125
2021-11-17 14:30:00,XLB,Materials,44.42499923706055
2021-11-18 14:30:00,XLB,Materials,44.23500061035156
2021-11-19 14:30:00,XLB,Materials,44.154998779296875
2021-11-22 14:30:00,XLB,Materials,44.224998474121094
2021-11-23 14:30:00,XLB,Materials,44.27000045776367
2021-11-24 14:30:00,XLB,Materials,43.95500183105469
2021-11-26 14:30:00,XLB,Materials,43.20000076293945
2021-11-29 14:30:00,XLB,Materials,43.400001525878906
2021-11-30 14:30:00,XLB,Materials,42.32500076293945
2021-12-01 14:30:00,XLB,Materials,41.89500045776367
2021-12-02 14:30:00,XLB,Materials,42.75
2021-12-03 14:30:00,XLB,Materials,42.654998779296875
2021-12-06 14:30:00,XLB,Materials,43.279998779296875
2021-12-07 14:30:00,XLB,Materials,43.939998626708984
2021-12-08 14:30:00,XLB,Materials,44.125
2021-12-09 14:30:00,XLB,Materials,43.880001068115234
2021-12-10 14:30:00,XLB,Materials,44.150001525878906
2021-12-13 14:30:00,XLB,Materials,43.8849983215332
2021-12-14 14:30:00,XLB,Materials,43.84000015258789
2021-12-15 14:30:00,XLB,Materials,43.935001373291016
2021-12-16 14:30:00,XLB,Materials,44.3849983215332
2021-12-17 14:30:00,XLB,Materials,43.83000183105469
2021-12-20 14:30:00,XLB,Materials,42.83000183105469
2021-12-21 14:30:00,XLB,Materials,43.369998931884766
2021-12-22 14:30:00,XLB,Materials,43.71500015258789
2021-12-23 14:30:00,XLB,Materials,44.154998779296875
2021-12-27 14:30:00,XLB,Materials,44.81999969482422
2021-12-28 14:30:00,XLB,Materials,45.08000183105469
2021-12-29 14:30:00,XLB,Materials,45.26499938964844
2021-12-30 14:30:00,XLB,Materials,45.10499954223633
2021-12-31 14:30:00,XLB,Materials,45.30500030517578
2022-01-03 14:30:00,XLB,Materials,44.71500015258789
2022-01-04 14:30:00,XLB,Materials,45.26499938964844
2022-01-05 14:30:00,XLB,Materials,45.2599983215332
2022-01-06 14:30:00,XLB,Materials,44.689998626708984
2022-01-07 14:30:00,XLB,Materials,44.650001525878906
2022-01-10 14:30:00,XLB,Materials,44.19499969482422
2022-01-11 14:30:00,XLB,Materials,44.68000030517578
2022-01-12 14:30:00,XLB,Materials,45.130001068115234
2022-01-13 14:30:00,XLB,Materials,44.779998779296875
2022-01-14 14:30:00,XLB,Materials,44.400001525878906
2022-01-18 14:30:00,XLB,Materials,43.814998626708984
2022-01-19 14:30:00,XLB,Materials,43.70500183105469
2022-01-20 14:30:00,XLB,Materials,43.06999969482422
2022-01-21 14:30:00,XLB,Materials,42.02000045776367
2022-01-24 14:30:00,XLB,Materials,42.04499816894531
2022-01-25 14:30:00,XLB,Materials,41.665000915527344
2022-01-26 14:30:00,XLB,Materials,41.22999954223633
2022-01-27 14:30:00,XLB,Materials,41.369998931884766
2022-01-28 14:30:00,XLB,Materials,41.61000061035156
2022-01-31 14:30:00,XLB,Materials,42.224998474121094
2022-02-01 14:30:00,XLB,Materials,42.875
2022-02-02 14:30:00,XLB,Materials,43.0099983215332
2022-02-03 14:30:00,XLB,Materials,42.2599983215332
2022-02-04 14:30:00,XLB,Materials,41.560001373291016
2022-02-07 14:30:00,XLB,Materials,41.35499954223633
2022-02-08 14:30:00,XLB,Materials,41.994998931884766
2022-02-09 14:30:00,XLB,Materials,42.90999984741211
2022-02-10 14:30:00,XLB,Materials,42.65999984741211
2022-02-11 14:30:00,XLB,Materials,42.0
2022-02-14 14:30:00,XLB,Materials,41.654998779296875
2022-02-15 14:30:00,XLB,Materials,42.41999816894531
2022-02-16 14:30:00,XLB,Materials,42.72999954223633
2022-02-17 14:30:00,XLB,Materials,42.0
2022-02-18 14:30:00,XLB,Materials,41.93000030517578
2022-02-22 14:30:00,XLB,Materials,41.334999084472656
2022-02-23 14:30:00,XLB,Materials,40.80500030517578
2022-02-24 14:30:00,XLB,Materials,40.685001373291016
2022-02-25 14:30:00,XLB,Materials,42.16999816894531
2022-02-28 14:30:00,XLB,Materials,41.689998626708984
2022-03-01 14:30:00,XLB,Materials,40.72999954223633
2022-03-02 14:30:00,XLB,Materials,41.625
2022-03-03 14:30:00,XLB,Materials,41.67499923706055
2022-03-04 14:30:00,XLB,Materials,41.529998779296875
2022-03-07 14:30:00,XLB,Materials,40.09000015258789
2022-03-08 14:30:00,XLB,Materials,39.8849983215332
2022-03-09 14:30:00,XLB,Materials,41.119998931884766
2022-03-10 14:30:00,XLB,Materials,41.22999954223633
2022-03-11 14:30:00,XLB,Materials,40.92499923706055
2022-03-14 13:30:00,XLB,Materials,40.8650016784668
2022-03-15 13:30:00,XLB,Materials,41.334999084472656
2022-03-16 13:30:00,XLB,Materials,41.98500061035156
2022-03-17 13:30:00,XLB,Materials,42.790000915527344
2022-03-18 13:30:00,XLB,Materials,43.04999923706055
2022-03-21 13:30:00,XLB,Materials,43.244998931884766
2022-03-22 13:30:00,XLB,Materials,43.47999954223633
2022-03-23 13:30:00,XLB,Materials,43.279998779296875
2022-03-24 13:30:00,XLB,Materials,44.150001525878906
2022-03-25 13:30:00,XLB,Materials,44.64500045776367
2022-03-28 13:30:00,XLB,Materials,44.44499969482422
2022-03-29 13:30:00,XLB,Materials,44.81999969482422
2022-03-30 13:30:00,XLB,Materials,44.66999816894531
2022-03-31 13:30:00,XLB,Materials,44.07500076293945
2022-04-01 13:30:00,XLB,Materials,44.540000915527344
2022-04-04 13:30:00,XLB,Materials,44.54999923706055
2022-04-05 13:30:00,XLB,Materials,44.19499969482422
2022-04-06 13:30:00,XLB,Materials,43.685001373291016
2022-04-07 13:30:00,XLB,Materials,43.970001220703125
2022-04-08 13:30:00,XLB,Materials,44.2400016784668
2022-04-11 13:30:00,XLB,Materials,44.02000045776367
2022-04-12 13:30:00,XLB,Materials,44.029998779296875
2022-04-13 13:30:00,XLB,Materials,44.68000030517578
2022-04-14 13:30:00,XLB,Materials,44.529998779296875
2022-04-18 13:30:00,XLB,Materials,44.56999969482422
2022-04-19 13:30:00,XLB,Materials,44.9900016784668
2022-04-20 13:30:00,XLB,Materials,45.275001525878906
2022-04-21 13:30:00,XLB,Materials,44.53499984741211
2022-04-22 13:30:00,XLB,Materials,42.869998931884766
2022-04-25 13:30:00,XLB,Materials,42.75
2022-04-26 13:30:00,XLB,Materials,42.09000015258789
2022-04-27 13:30:00,XLB,Materials,42.709999084472656
2022-04-28 13:30:00,XLB,Materials,43.3849983215332
2022-04-29 13:30:00,XLB,Materials,42.51499938964844
2022-05-02 13:30:00,XLB,Materials,42.3849983215332
2022-05-03 13:30:00,XLB,Materials,42.86000061035156
2022-05-04 13:30:00,XLB,Materials,44.25
2022-05-05 13:30:00,XLB,Materials,42.880001068115234
2022-05-06 13:30:00,XLB,Materials,42.26499938964844
2022-05-09 13:30:00,XLB,Materials,40.93000030517578
2022-05-10 13:30:00,XLB,Materials,40.67499923706055
2022-05-11 13:30:00,XLB,Materials,40.69499969482422
2022-05-12 13:30:00,XLB,Materials,40.619998931884766
2022-05-13 13:30:00,XLB,Materials,41.244998931884766
2022-05-16 13:30:00,XLB,Materials,41.16999816894531
2022-05-17 13:30:00,XLB,Materials,42.334999084472656
2022-05-18 13:30:00,XLB,Materials,41.02000045776367
2022-05-19 13:30:00,XLB,Materials,41.310001373291016
2022-05-20 13:30:00,XLB,Materials,41.209999084472656
2022-05-23 13:30:00,XLB,Materials,41.96500015258789
2022-05-24 13:30:00,XLB,Materials,41.724998474121094
2022-05-25 13:30:00,XLB,Materials,41.90999984741211
2022-05-26 13:30:00,XLB,Materials,42.68000030517578
2022-05-27 13:30:00,XLB,Materials,43.68000030517578
2022-05-31 13:30:00,XLB,Materials,43.01499938964844
2022-06-01 13:30:00,XLB,Materials,42.584999084472656
2022-06-02 13:30:00,XLB,Materials,43.7599983215332
2022-06-03 13:30:00,XLB,Materials,43.334999084472656
2022-06-06 13:30:00,XLB,Materials,43.744998931884766
2022-06-07 13:30:00,XLB,Materials,44.060001373291016
2022-06-08 13:30:00,XLB,Materials,43.14500045776367
2022-06-09 13:30:00,XLB,Materials,42.125
2022-06-10 13:30:00,XLB,Materials,40.834999084472656
2022-06-13 13:30:00,XLB,Materials,39.2400016784668
2022-06-14 13:30:00,XLB,Materials,38.939998626708984
2022-06-15 13:30:00,XLB,Materials,38.93000030517578
2022-06-16 13:30:00,XLB,Materials,37.525001525878906
2022-06-17 13:30:00,XLB,Materials,37.459999084472656
2022-06-21 13:30:00,XLB,Materials,37.76499938964844
2022-06-22 13:30:00,XLB,Materials,37.279998779296875
2022-06-23 13:30:00,XLB,Materials,36.77000045776367
2022-06-24 13:30:00,XLB,Materials,38.22999954223633
2022-06-27 13:30:00,XLB,Materials,37.915000915527344
2022-06-28 13:30:00,XLB,Materials,37.5099983215332
2022-06-29 13:30:00,XLB,Materials,37.2400016784668
2022-06-30 13:30:00,XLB,Materials,36.79999923706055
2022-07-01 13:30:00,XLB,Materials,37.060001373291016
2022-07-05 13:30:00,XLB,Materials,36.314998626708984
2022-07-06 13:30:00,XLB,Materials,36.54499816894531
2022-07-07 13:30:00,XLB,Materials,36.869998931884766
2022-07-08 13:30:00,XLB,Materials,36.5099983215332
2022-07-11 13:30:00,XLB,Materials,36.40999984741211
2022-07-12 13:30:00,XLB,Materials,36.34000015258789
2022-07-13 13:30:00,XLB,Materials,36.130001068115234
2022-07-14 13:30:00,XLB,Materials,35.46500015258789
2022-07-15 13:30:00,XLB,Materials,36.02000045776367
2022-07-18 13:30:00,XLB,Materials,36.10499954223633
2022-07-19 13:30:00,XLB,Materials,37.20500183105469
2022-07-20 13:30:00,XLB,Materials,37.27000045776367
2022-07-21 13:30:00,XLB,Materials,37.79999923706055
2022-07-22 13:30:00,XLB,Materials,37.529998779296875
2022-07-25 13:30:00,XLB,Materials,37.685001373291016
2022-07-26 13:30:00,XLB,Materials,37.43000030517578
2022-07-27 13:30:00,XLB,Materials,37.880001068115234
2022-07-28 13:30:00,XLB,Materials,38.54999923706055
2022-07-29 13:30:00,XLB,Materials,39.064998626708984
2022-08-01 13:30:00,XLB,Materials,38.75
2022-08-02 13:30:00,XLB,Materials,38.35499954223633
2022-08-03 13:30:00,XLB,Materials,38.39500045776367
2022-08-04 13:30:00,XLB,Materials,38.41999816894531
2022-08-05 13:30:00,XLB,Materials,38.55500030517578
2022-08-08 13:30:00,XLB,Materials,38.77000045776367
2022-08-09 13:30:00,XLB,Materials,38.58000183105469
2022-08-10 13:30:00,XLB,Materials,39.67499923706055
2022-08-11 13:30:00,XLB,Materials,39.810001373291016
2022-08-12 13:30:00,XLB,Materials,40.560001373291016
2022-08-15 13:30:00,XLB,Materials,40.53499984741211
2022-08-16 13:30:00,XLB,Materials,40.7599983215332
2022-08-17 13:30:00,XLB,Materials,40.20000076293945
2022-08-18 13:30:00,XLB,Materials,40.32500076293945
2022-08-19 13:30:00,XLB,Materials,39.584999084472656
2022-08-22 13:30:00,XLB,Materials,38.95500183105469
2022-08-23 13:30:00,XLB,Materials,39.34000015258789
2022-08-24 13:30:00,XLB,Materials,39.42499923706055
2022-08-25 13:30:00,XLB,Materials,40.31999969482422
2022-08-26 13:30:00,XLB,Materials,39.084999084472656
2022-08-29 13:30:00,XLB,Materials,38.810001373291016
2022-08-30 13:30:00,XLB,Materials,38.17499923706055
2022-08-31 13:30:00,XLB,Materials,37.70500183105469
2022-09-01 13:30:00,XLB,Materials,37.209999084472656
2022-09-02 13:30:00,XLB,Materials,37.17499923706055
2022-09-06 13:30:00,XLB,Materials,37.060001373291016
2022-09-07 13:30:00,XLB,Materials,38.084999084472656
2022-09-08 13:30:00,XLB,Materials,38.45500183105469
2022-09-09 13:30:00,XLB,Materials,39.03499984741211
2022-09-12 13:30:00,XLB,Materials,39.400001525878906
2022-09-13 13:30:00,XLB,Materials,37.994998931884766
2022-09-14 13:30:00,XLB,Materials,37.529998779296875
2022-09-15 13:30:00,XLB,Materials,37.03499984741211
2022-09-16 13:30:00,XLB,Materials,36.45000076293945
2022-09-19 13:30:00,XLB,Materials,36.845001220703125
2022-09-20 13:30:00,XLB,Materials,36.14500045776367
2022-09-21 13:30:00,XLB,Materials,35.35499954223633
2022-09-22 13:30:00,XLB,Materials,34.93000030517578
2022-09-23 13:30:00,XLB,Materials,34.21500015258789
2022-09-26 13:30:00,XLB,Materials,33.65999984741211
2022-09-27 13:30:00,XLB,Materials,33.73500061035156
2022-09-28 13:30:00,XLB,Materials,34.60499954223633
2022-09-29 13:30:00,XLB,Materials,34.095001220703125
2022-09-30 13:30:00,XLB,Materials,34.005001068115234
2022-10-03 13:30:00,XLB,Materials,35.11000061035156
2022-10-04 13:30:00,XLB,Materials,36.400001525878906
2022-10-05 13:30:00,XLB,Materials,35.9900016784668
2022-10-06 13:30:00,XLB,Materials,35.61000061035156
2022-10-07 13:30:00,XLB,Materials,34.72999954223633
2022-10-10 13:30:00,XLB,Materials,34.80500030517578
2022-10-11 13:30:00,XLB,Materials,34.53499984741211
2022-10-12 13:30:00,XLB,Materials,34.275001525878906
2022-10-13 13:30:00,XLB,Materials,35.279998779296875
2022-10-14 13:30:00,XLB,Materials,34.09000015258789
2022-10-17 13:30:00,XLB,Materials,34.939998626708984
2022-10-18 13:30:00,XLB,Materials,35.625
2022-10-19 13:30:00,XLB,Materials,35.20500183105469
2022-10-20 13:30:00,XLB,Materials,34.95000076293945
2022-10-21 13:30:00,XLB,Materials,36.15999984741211
2022-10-24 13:30:00,XLB,Materials,35.95000076293945
2022-10-25 13:30:00,XLB,Materials,36.84000015258789
2022-10-26 13:30:00,XLB,Materials,37.099998474121094
2022-10-27 13:30:00,XLB,Materials,37.005001068115234
2022-10-28 13:30:00,XLB,Materials,37.375
2022-10-31 13:30:00,XLB,Materials,37.040000915527344
2022-11-01 13:30:00,XLB,Materials,37.1349983215332
2022-11-02 13:30:00,XLB,Materials,36.16999816894531
2022-11-03 13:30:00,XLB,Materials,36.44499969482422
2022-11-04 13:30:00,XLB,Materials,37.709999084472656
2022-11-07 14:30:00,XLB,Materials,38.005001068115234
2022-11-08 14:30:00,XLB,Materials,38.65999984741211
2022-11-09 14:30:00,XLB,Materials,38.03499984741211
2022-11-10 14:30:00,XLB,Materials,40.13999938964844
2022-11-11 14:30:00,XLB,Materials,40.625
2022-11-14 14:30:00,XLB,Materials,40.56999969482422
2022-11-15 14:30:00,XLB,Materials,40.5099983215332
2022-11-16 14:30:00,XLB,Materials,40.1150016784668
2022-11-17 14:30:00,XLB,Materials,39.72999954223633
2022-11-18 14:30:00,XLB,Materials,39.994998931884766
2022-11-21 14:30:00,XLB,Materials,40.130001068115234
2022-11-22 14:30:00,XLB,Materials,41.040000915527344
2022-11-23 14:30:00,XLB,Materials,41.20000076293945
2022-11-25 14:30:00,XLB,Materials,41.185001373291016
2022-11-28 14:30:00,XLB,Materials,40.26499938964844
2022-11-29 14:30:00,XLB,Materials,40.400001525878906
2022-11-30 14:30:00,XLB,Materials,41.375
2022-12-01 14:30:00,XLB,Materials,41.42499923706055
2022-12-02 14:30:00,XLB,Materials,41.880001068115234
2022-12-05 14:30:00,XLB,Materials,41.04999923706055
2022-12-06 14:30:00,XLB,Materials,40.685001373291016
2022-12-07 14:30:00,XLB,Materials,40.595001220703125
2022-12-08 14:30:00,XLB,Materials,40.89500045776367
2022-12-09 14:30:00,XLB,Materials,40.4900016784668
2022-12-12 14:30:00,XLB,Materials,40.84000015258789
2022-12-13 14:30:00,XLB,Materials,41.404998779296875
2022-12-14 14:30:00,XLB,Materials,40.959999084472656
2022-12-15 14:30:00,XLB,Materials,39.709999084472656
2022-12-16 14:30:00,XLB,Materials,39.540000915527344
2022-12-19 14:30:00,XLB,Materials,38.775001525878906
2022-12-20 14:30:00,XLB,Materials,39.029998779296875
2022-12-21 14:30:00,XLB,Materials,39.369998931884766
2022-12-22 14:30:00,XLB,Materials,38.9900016784668
2022-12-23 14:30:00,XLB,Materials,39.2599983215332
2022-12-27 14:30:00,XLB,Materials,39.29499816894531
2022-12-28 14:30:00,XLB,Materials,38.69499969482422
2022-12-29 14:30:00,XLB,Materials,39.1150016784668
2022-12-30 14:30:00,XLB,Materials,38.84000015258789
2023-01-03 14:30:00,XLB,Materials,38.79999923706055
2023-01-04 14:30:00,XLB,Materials,39.474998474121094
2023-01-05 14:30:00,XLB,Materials,38.849998474121094
2023-01-06 14:30:00,XLB,Materials,40.185001373291016
2023-01-09 14:30:00,XLB,Materials,40.439998626708984
2023-01-10 14:30:00,XLB,Materials,40.845001220703125
2023-01-11 14:30:00,XLB,Materials,41.48500061035156
2023-01-12 14:30:00,XLB,Materials,41.63999938964844
2023-01-13 14:30:00,XLB,Materials,41.89500045776367
2023-01-17 14:30:00,XLB,Materials,41.474998474121094
2023-01-18 14:30:00,XLB,Materials,40.88999938964844
2023-01-19 14:30:00,XLB,Materials,40.57500076293945
2023-01-20 14:30:00,XLB,Materials,41.38999938964844
2023-01-23 14:30:00,XLB,Materials,41.525001525878906
2023-01-24 14:30:00,XLB,Materials,41.54999923706055
2023-01-25 14:30:00,XLB,Materials,41.6349983215332
2023-01-26 14:30:00,XLB,Materials,41.834999084472656
2023-01-27 14:30:00,XLB,Materials,41.70000076293945
2023-01-30 14:30:00,XLB,Materials,41.415000915527344
2023-01-31 14:30:00,XLB,Materials,42.32500076293945
2023-02-01 14:30:00,XLB,Materials,42.60499954223633
2023-02-02 14:30:00,XLB,Materials,42.470001220703125
2023-02-03 14:30:00,XLB,Materials,41.70500183105469
2023-02-06 14:30:00,XLB,Materials,41.244998931884766
2023-02-07 14:30:00,XLB,Materials,41.79999923706055
2023-02-08 14:30:00,XLB,Materials,41.46500015258789
2023-02-09 14:30:00,XLB,Materials,40.8650016784668
2023-02-10 14:30:00,XLB,Materials,41.01499938964844
2023-02-13 14:30:00,XLB,Materials,41.22999954223633
2023-02-14 14:30:00,XLB,Materials,41.32500076293945
2023-02-15 14:30:00,XLB,Materials,41.505001068115234
2023-02-16 14:30:00,XLB,Materials,41.03499984741211
2023-02-17 14:30:00,XLB,Materials,40.650001525878906
2023-02-21 14:30:00,XLB,Materials,39.97999954223633
2023-02-22 14:30:00,XLB,Materials,40.279998779296875
2023-02-23 14:30:00,XLB,Materials,40.32500076293945
2023-02-24 14:30:00,XLB,Materials,40.595001220703125
2023-02-27 14:30:00,XLB,Materials,40.72999954223633
2023-02-28 14:30:00,XLB,Materials,40.915000915527344
2023-03-01 14:30:00,XLB,Materials,41.23500061035156
2023-03-02 14:30:00,XLB,Materials,41.70500183105469
2023-03-03 14:30:00,XLB,Materials,42.29999923706055
2023-03-06 14:30:00,XLB,Materials,41.6150016784668
2023-03-07 14:30:00,XLB,Materials,40.79499816894531
2023-03-08 14:30:00,XLB,Materials,40.994998931884766
2023-03-09 14:30:00,XLB,Materials,39.939998626708984
2023-03-10 14:30:00,XLB,Materials,39.09000015258789
2023-03-13 13:30:00,XLB,Materials,38.689998626708984
2023-03-14 13:30:00,XLB,Materials,39.185001373291016
2023-03-15 13:30:00,XLB,Materials,37.915000915527344
2023-03-16 13:30:00,XLB,Materials,38.349998474121094
2023-03-17 13:30:00,XLB,Materials,37.755001068115234
2023-03-20 13:30:00,XLB,Materials,38.3650016784668
2023-03-21 13:30:00,XLB,Materials,38.83000183105469
2023-03-22 13:30:00,XLB,Materials,38.13999938964844
2023-03-23 13:30:00,XLB,Materials,38.095001220703125
2023-03-24 13:30:00,XLB,Materials,38.404998779296875
2023-03-27 13:30:00,XLB,Materials,38.689998626708984
2023-03-28 13:30:00,XLB,Materials,38.875
2023-03-29 13:30:00,XLB,Materials,39.415000915527344
2023-03-30 13:30:00,XLB,Materials,39.685001373291016
2023-03-31 13:30:00,XLB,Materials,40.33000183105469
2023-04-03 13:30:00,XLB,Materials,40.584999084472656
2023-04-04 13:30:00,XLB,Materials,40.0
2023-04-05 13:30:00,XLB,Materials,39.90999984741211
2023-04-06 13:30:00,XLB,Materials,39.814998626708984
2023-04-10 13:30:00,XLB,Materials,40.005001068115234
2023-04-11 13:30:00,XLB,Materials,40.314998626708984
2023-04-12 13:30:00,XLB,Materials,40.345001220703125
2023-04-13 13:30:00,XLB,Materials,40.7599983215332
2023-04-14 13:30:00,XLB,Materials,40.46500015258789
2023-04-17 13:30:00,XLB,Materials,40.70000076293945
2023-04-18 13:30:00,XLB,Materials,40.869998931884766
2023-04-19 13:30:00,XLB,Materials,40.755001068115234
2023-04-20 13:30:00,XLB,Materials,40.709999084472656
2023-04-21 13:30:00,XLB,Materials,40.349998474121094
2023-04-24 13:30:00,XLB,Materials,40.625
2023-04-25 13:30:00,XLB,Materials,39.744998931884766
2023-04-26 13:30:00,XLB,Materials,39.275001525878906
2023-04-27 13:30:00,XLB,Materials,39.810001373291016
2023-04-28 13:30:00,XLB,Materials,40.275001525878906
2023-05-01 13:30:00,XLB,Materials,40.255001068115234
2023-05-02 13:30:00,XLB,Materials,39.8650016784668
2023-05-03 13:30:00,XLB,Materials,39.42499923706055
2023-05-04 13:30:00,XLB,Materials,39.16999816894531
2023-05-05 13:30:00,XLB,Materials,39.83000183105469
2023-05-08 13:30:00,XLB,Materials,39.70000076293945
2023-05-09 13:30:00,XLB,Materials,39.34000015258789
2023-05-10 13:30:00,XLB,Materials,39.3650016784668
2023-05-11 13:30:00,XLB,Materials,38.97999954223633
2023-05-12 13:30:00,XLB,Materials,39.04999923706055
2023-05-15 13:30:00,XLB,Materials,39.380001068115234
2023-05-16 13:30:00,XLB,Materials,38.72999954223633
2023-05-17 13:30:00,XLB,Materials,38.98500061035156
2023-05-18 13:30:00,XLB,Materials,39.21500015258789
2023-05-19 13:30:00,XLB,Materials,39.314998626708984
2023-05-22 13:30:00,XLB,Materials,39.11000061035156
2023-05-23 13:30:00,XLB,Materials,38.505001068115234
2023-05-24 13:30:00,XLB,Materials,38.064998626708984
2023-05-25 13:30:00,XLB,Materials,37.93000030517578
2023-05-26 13:30:00,XLB,Materials,38.119998931884766
2023-05-30 13:30:00,XLB,Materials,37.915000915527344
2023-05-31 13:30:00,XLB,Materials,37.5099983215332
2023-06-01 13:30:00,XLB,Materials,38.0099983215332
2023-06-02 13:30:00,XLB,Materials,39.28499984741211
2023-06-05 13:30:00,XLB,Materials,39.255001068115234
2023-06-06 13:30:00,XLB,Materials,39.505001068115234
2023-06-07 13:30:00,XLB,Materials,39.974998474121094
2023-06-08 13:30:00,XLB,Materials,39.83000183105469
2023-06-09 13:30:00,XLB,Materials,39.5
2023-06-12 13:30:00,XLB,Materials,39.68000030517578
2023-06-13 13:30:00,XLB,Materials,40.599998474121094
2023-06-14 13:30:00,XLB,Materials,40.43000030517578
2023-06-15 13:30:00,XLB,Materials,40.775001525878906
2023-06-16 13:30:00,XLB,Materials,40.875
2023-06-20 13:30:00,XLB,Materials,40.125
2023-06-21 13:30:00,XLB,Materials,40.255001068115234
2023-06-22 13:30:00,XLB,Materials,40.15999984741211
2023-06-23 13:30:00,XLB,Materials,39.834999084472656
2023-06-26 13:30:00,XLB,Materials,40.25
2023-06-27 13:30:00,XLB,Materials,40.81999969482422
2023-06-28 13:30:00,XLB,Materials,40.540000915527344
2023-06-29 13:30:00,XLB,Materials,41.04999923706055
2023-06-30 13:30:00,XLB,Materials,41.435001373291016
2023-07-03 13:30:00,XLB,Materials,41.59000015258789
2023-07-05 13:30:00,XLB,Materials,40.564998626708984
2023-07-06 13:30:00,XLB,Materials,40.27000045776367
2023-07-07 13:30:00,XLB,Materials,40.619998931884766
2023-07-10 13:30:00,XLB,Materials,40.61000061035156
2023-07-11 13:30:00,XLB,Materials,41.0099983215332
2023-07-12 13:30:00,XLB,Materials,41.54999923706055
2023-07-13 13:30:00,XLB,Materials,41.875
2023-07-14 13:30:00,XLB,Materials,41.630001068115234
2023-07-17 13:30:00,XLB,Materials,41.66999816894531
2023-07-18 13:30:00,XLB,Materials,41.994998931884766
2023-07-19 13:30:00,XLB,Materials,41.77000045776367
2023-07-20 13:30:00,XLB,Materials,41.869998931884766
2023-07-21 13:30:00,XLB,Materials,41.875
2023-07-24 13:30:00,XLB,Materials,42.005001068115234
2023-07-25 13:30:00,XLB,Materials,42.7599983215332
2023-07-26 13:30:00,XLB,Materials,42.6150016784668
2023-07-27 13:30:00,XLB,Materials,42.34000015258789
2023-07-28 13:30:00,XLB,Materials,42.6349983215332
2023-07-31 13:30:00,XLB,Materials,42.86000061035156
2023-08-01 13:30:00,XLB,Materials,42.66999816894531
2023-08-02 13:30:00,XLB,Materials,42.13999938964844
2023-08-03 13:30:00,XLB,Materials,41.880001068115234
2023-08-04 13:30:00,XLB,Materials,41.78499984741211
2023-08-07 13:30:00,XLB,Materials,42.060001373291016
2023-08-08 13:30:00,XLB,Materials,41.6150016784668
2023-08-09 13:30:00,XLB,Materials,41.44499969482422
2023-08-10 13:30:00,XLB,Materials,41.474998474121094
2023-08-11 13:30:00,XLB,Materials,41.36000061035156
2023-08-14 13:30:00,XLB,Materials,41.45000076293945
2023-08-15 13:30:00,XLB,Materials,40.775001525878906
2023-08-16 13:30:00,XLB,Materials,40.5
2023-08-17 13:30:00,XLB,Materials,40.41999816894531
2023-08-18 13:30:00,XLB,Materials,40.415000915527344
2023-08-21 13:30:00,XLB,Materials,40.41999816894531
2023-08-22 13:30:00,XLB,Materials,40.3849983215332
2023-08-23 13:30:00,XLB,Materials,40.45000076293945
2023-08-24 13:30:00,XLB,Materials,40.279998779296875
2023-08-25 13:30:00,XLB,Materials,40.400001525878906
2023-08-28 13:30:00,XLB,Materials,40.69499969482422
2023-08-29 13:30:00,XLB,Materials,41.369998931884766
2023-08-30 13:30:00,XLB,Materials,41.46500015258789
2023-08-31 13:30:00,XLB,Materials,41.44499969482422
2023-09-01 13:30:00,XLB,Materials,41.90999984741211
2023-09-05 13:30:00,XLB,Materials,41.1349983215332
2023-09-06 13:30:00,XLB,Materials,41.04499816894531
2023-09-07 13:30:00,XLB,Materials,40.86000061035156
2023-09-08 13:30:00,XLB,Materials,40.900001525878906
2023-09-11 13:30:00,XLB,Materials,41.07500076293945
2023-09-12 13:30:00,XLB,Materials,40.97999954223633
2023-09-13 13:30:00,XLB,Materials,40.7400016784668
2023-09-14 13:30:00,XLB,Materials,41.314998626708984
2023-09-15 13:30:00,XLB,Materials,40.85499954223633
2023-09-18 13:30:00,XLB,Materials,40.4900016784668
2023-09-19 13:30:00,XLB,Materials,40.45500183105469
2023-09-20 13:30:00,XLB,Materials,40.029998779296875
2023-09-21 13:30:00,XLB,Materials,39.224998474121094
2023-09-22 13:30:00,XLB,Materials,39.185001373291016
2023-09-25 13:30:00,XLB,Materials,39.494998931884766
2023-09-26 13:30:00,XLB,Materials,38.92499923706055
2023-09-27 13:30:00,XLB,Materials,38.91999816894531
2023-09-28 13:30:00,XLB,Materials,39.34000015258789
2023-09-29 13:30:00,XLB,Materials,39.275001525878906
2023-10-02 13:30:00,XLB,Materials,38.755001068115234
2023-10-03 13:30:00,XLB,Materials,38.650001525878906
2023-10-04 13:30:00,XLB,Materials,39.10499954223633
2023-10-05 13:30:00,XLB,Materials,38.630001068115234
2023-10-06 13:30:00,XLB,Materials,38.994998931884766
2023-10-09 13:30:00,XLB,Materials,39.04499816894531
2023-10-10 13:30:00,XLB,Materials,39.459999084472656
2023-10-11 13:30:00,XLB,Materials,39.55500030517578
2023-10-12 13:30:00,XLB,Materials,38.96500015258789
2023-10-13 13:30:00,XLB,Materials,38.81999969482422
2023-10-16 13:30:00,XLB,Materials,39.20000076293945
2023-10-17 13:30:00,XLB,Materials,39.584999084472656
2023-10-18 13:30:00,XLB,Materials,38.560001373291016
2023-10-19 13:30:00,XLB,Materials,38.11000061035156
2023-10-20 13:30:00,XLB,Materials,37.650001525878906
2023-10-23 13:30:00,XLB,Materials,37.22999954223633
2023-10-24 13:30:00,XLB,Materials,37.66999816894531
2023-10-25 13:30:00,XLB,Materials,37.22999954223633
2023-10-26 13:30:00,XLB,Materials,37.4900016784668
2023-10-27 13:30:00,XLB,Materials,37.474998474121094
2023-10-30 13:30:00,XLB,Materials,37.86000061035156
2023-10-31 13:30:00,XLB,Materials,38.029998779296875
2023-11-01 13:30:00,XLB,Materials,38.04999923706055
2023-11-02 13:30:00,XLB,Materials,38.78499984741211
2023-11-03 13:30:00,XLB,Materials,39.39500045776367
2023-11-06 14:30:00,XLB,Materials,39.20000076293945
2023-11-07 14:30:00,XLB,Materials,38.439998626708984
2023-11-08 14:30:00,XLB,Materials,38.560001373291016
2023-11-09 14:30:00,XLB,Materials,38.22999954223633
2023-11-10 14:30:00,XLB,Materials,38.68000030517578
2023-11-13 14:30:00,XLB,Materials,38.625
2023-11-14 14:30:00,XLB,Materials,39.76499938964844
2023-11-15 14:30:00,XLB,Materials,39.939998626708984
2023-11-16 14:30:00,XLB,Materials,40.060001373291016
2023-11-17 14:30:00,XLB,Materials,40.1349983215332
2023-11-20 14:30:00,XLB,Materials,40.20500183105469
2023-11-21 14:30:00,XLB,Materials,40.36000061035156
2023-11-22 14:30:00,XLB,Materials,40.3849983215332
2023-11-24 14:30:00,XLB,Materials,40.560001373291016
2023-11-27 14:30:00,XLB,Materials,40.5099983215332
2023-11-28 14:30:00,XLB,Materials,40.59000015258789
2023-11-29 14:30:00,XLB,Materials,40.79999923706055
2023-11-30 14:30:00,XLB,Materials,41.20500183105469
2023-12-01 14:30:00,XLB,Materials,41.67499923706055
2023-12-04 14:30:00,XLB,Materials,41.189998626708984
2023-12-05 14:30:00,XLB,Materials,40.625
2023-12-06 14:30:00,XLB,Materials,40.540000915527344
2023-12-07 14:30:00,XLB,Materials,40.814998626708984
2023-12-08 14:30:00,XLB,Materials,40.96500015258789
2023-12-11 14:30:00,XLB,Materials,41.255001068115234
2023-12-12 14:30:00,XLB,Materials,41.494998931884766
2023-12-13 14:30:00,XLB,Materials,42.0
2023-12-14 14:30:00,XLB,Materials,42.69499969482422
2023-12-15 14:30:00,XLB,Materials,42.584999084472656
2023-12-18 14:30:00,XLB,Materials,42.35499954223633
2023-12-19 14:30:00,XLB,Materials,42.744998931884766
2023-12-20 14:30:00,XLB,Materials,42.09000015258789
2023-12-21 14:30:00,XLB,Materials,42.53499984741211
2023-12-22 14:30:00,XLB,Materials,42.79999923706055
2023-12-26 14:30:00,XLB,Materials,43.0
2023-12-27 14:30:00,XLB,Materials,43.10499954223633
2023-12-28 14:30:00,XLB,Materials,42.939998626708984
2023-12-29 14:30:00,XLB,Materials,42.77000045776367
2024-01-02 14:30:00,XLB,Materials,42.69499969482422
2024-01-03 14:30:00,XLB,Materials,42.23500061035156
2024-01-04 14:30:00,XLB,Materials,42.099998474121094
2024-01-05 14:30:00,XLB,Materials,42.16999816894531
2024-01-08 14:30:00,XLB,Materials,42.349998474121094
2024-01-09 14:30:00,XLB,Materials,41.8650016784668
2024-01-10 14:30:00,XLB,Materials,41.810001373291016
2024-01-11 14:30:00,XLB,Materials,41.685001373291016
2024-01-12 14:30:00,XLB,Materials,41.724998474121094
2024-01-16 14:30:00,XLB,Materials,41.244998931884766
2024-01-17 14:30:00,XLB,Materials,40.94499969482422
2024-01-18 14:30:00,XLB,Materials,41.07500076293945
2024-01-19 14:30:00,XLB,Materials,41.1150016784668
2024-01-22 14:30:00,XLB,Materials,41.23500061035156
2024-01-23 14:30:00,XLB,Materials,41.369998931884766
2024-01-24 14:30:00,XLB,Materials,40.810001373291016
2024-01-25 14:30:00,XLB,Materials,41.2400016784668
2024-01-26 14:30:00,XLB,Materials,41.255001068115234
2024-01-29 14:30:00,XLB,Materials,41.459999084472656
2024-01-30 14:30:00,XLB,Materials,41.650001525878906
2024-01-31 14:30:00,XLB,Materials,41.10499954223633
2024-02-01 14:30:00,XLB,Materials,41.790000915527344
2024-02-02 14:30:00,XLB,Materials,41.54499816894531
2024-02-05 14:30:00,XLB,Materials,40.4900016784668
2024-02-06 14:30:00,XLB,Materials,41.20500183105469
2024-02-07 14:30:00,XLB,Materials,41.53499984741211
2024-02-08 14:30:00,XLB,Materials,41.47999954223633
2024-02-09 14:30:00,XLB,Materials,41.56999969482422
2024-02-12 14:30:00,XLB,Materials,41.900001525878906
2024-02-13 14:30:00,XLB,Materials,41.310001373291016
2024-02-14 14:30:00,XLB,Materials,41.57500076293945
2024-02-15 14:30:00,XLB,Materials,42.36000061035156
2024-02-16 14:30:00,XLB,Materials,42.584999084472656
2024-02-20 14:30:00,XLB,Materials,42.494998931884766
2024-02-21 14:30:00,XLB,Materials,42.72999954223633
2024-02-22 14:30:00,XLB,Materials,43.15999984741211
2024-02-23 14:30:00,XLB,Materials,43.415000915527344
2024-02-26 14:30:00,XLB,Materials,43.154998779296875
2024-02-27 14:30:00,XLB,Materials,43.314998626708984
2024-02-28 14:30:00,XLB,Materials,43.45000076293945
2024-02-29 14:30:00,XLB,Materials,43.779998779296875
2024-03-01 14:30:00,XLB,Materials,43.97999954223633
2024-03-04 14:30:00,XLB,Materials,44.29999923706055
2024-03-05 14:30:00,XLB,Materials,44.064998626708984
2024-03-06 14:30:00,XLB,Materials,44.38999938964844
2024-03-07 14:30:00,XLB,Materials,44.935001373291016
2024-03-08 14:30:00,XLB,Materials,44.67499923706055
2024-03-11 13:30:00,XLB,Materials,45.18000030517578
2024-03-12 13:30:00,XLB,Materials,45.17499923706055
2024-03-13 13:30:00,XLB,Materials,45.619998931884766
2024-03-14 13:30:00,XLB,Materials,45.380001068115234
2024-03-15 13:30:00,XLB,Materials,45.400001525878906
2024-03-18 13:30:00,XLB,Materials,45.31999969482422
2024-03-19 13:30:00,XLB,Materials,45.32500076293945
2024-03-20 13:30:00,XLB,Materials,45.779998779296875
2024-03-21 13:30:00,XLB,Materials,45.970001220703125
2024-03-22 13:30:00,XLB,Materials,45.685001373291016
2024-03-25 13:30:00,XLB,Materials,45.70000076293945
2024-03-26 13:30:00,XLB,Materials,45.665000915527344
2024-03-27 13:30:00,XLB,Materials,46.31999969482422
2024-03-28 13:30:00,XLB,Materials,46.44499969482422
2024-04-01 13:30:00,XLB,Materials,46.334999084472656
2024-04-02 13:30:00,XLB,Materials,46.165000915527344
2024-04-03 13:30:00,XLB,Materials,46.439998626708984
2024-04-04 13:30:00,XLB,Materials,45.970001220703125
2024-04-05 13:30:00,XLB,Materials,46.3849983215332
2024-04-08 13:30:00,XLB,Materials,46.41999816894531
2024-04-09 13:30:00,XLB,Materials,46.529998779296875
2024-04-10 13:30:00,XLB,Materials,45.80500030517578
2024-04-11 13:30:00,XLB,Materials,45.77000045776367
2024-04-12 13:30:00,XLB,Materials,44.959999084472656
2024-04-15 13:30:00,XLB,Materials,44.744998931884766
2024-04-16 13:30:00,XLB,Materials,44.400001525878906
2024-04-17 13:30:00,XLB,Materials,44.5
2024-04-18 13:30:00,XLB,Materials,44.51499938964844
2024-04-19 13:30:00,XLB,Materials,44.47999954223633
2024-04-22 13:30:00,XLB,Materials,44.525001525878906
2024-04-23 13:30:00,XLB,Materials,44.13999938964844
2024-04-24 13:30:00,XLB,Materials,44.16999816894531
2024-04-25 13:30:00,XLB,Materials,44.48500061035156
2024-04-26 13:30:00,XLB,Materials,44.7599983215332
2024-04-29 13:30:00,XLB,Materials,45.1349983215332
2024-04-30 13:30:00,XLB,Materials,44.314998626708984
2024-05-01 13:30:00,XLB,Materials,44.54499816894531
2024-05-02 13:30:00,XLB,Materials,44.314998626708984
2024-05-03 13:30:00,XLB,Materials,44.76499938964844
2024-05-06 13:30:00,XLB,Materials,45.03499984741211
2024-05-07 13:30:00,XLB,Materials,45.56999969482422
2024-05-08 13:30:00,XLB,Materials,45.36000061035156
2024-05-09 13:30:00,XLB,Materials,45.8650016784668
2024-05-10 13:30:00,XLB,Materials,45.91999816894531
2024-05-13 13:30:00,XLB,Materials,45.88999938964844
2024-05-14 13:30:00,XLB,Materials,45.935001373291016
2024-05-15 13:30:00,XLB,Materials,46.01499938964844
2024-05-16 13:30:00,XLB,Materials,45.685001373291016
2024-05-17 13:30:00,XLB,Materials,46.07500076293945
2024-05-20 13:30:00,XLB,Materials,46.13999938964844
2024-05-21 13:30:00,XLB,Materials,46.13999938964844
2024-05-22 13:30:00,XLB,Materials,45.689998626708984
2024-05-23 13:30:00,XLB,Materials,45.28499984741211
2024-05-24 13:30:00,XLB,Materials,45.68000030517578
2024-05-28 13:30:00,XLB,Materials,45.505001068115234
2024-05-29 13:30:00,XLB,Materials,44.85499954223633
2024-05-30 13:30:00,XLB,Materials,45.220001220703125
2024-05-31 13:30:00,XLB,Materials,45.76499938964844
2024-06-03 13:30:00,XLB,Materials,45.494998931884766
2024-06-04 13:30:00,XLB,Materials,44.9900016784668
2024-06-05 13:30:00,XLB,Materials,45.29999923706055
2024-06-06 13:30:00,XLB,Materials,45.349998474121094
2024-06-07 13:30:00,XLB,Materials,44.89500045776367
2024-06-10 13:30:00,XLB,Materials,44.849998474121094
2024-06-11 13:30:00,XLB,Materials,44.834999084472656
2024-06-12 13:30:00,XLB,Materials,44.91999816894531
2024-06-13 13:30:00,XLB,Materials,44.904998779296875
2024-06-14 13:30:00,XLB,Materials,44.4900016784668
2024-06-17 13:30:00,XLB,Materials,44.81999969482422
2024-06-18 13:30:00,XLB,Materials,44.77000045776367
2024-06-20 13:30:00,XLB,Materials,44.814998626708984
2024-06-21 13:30:00,XLB,Materials,44.81999969482422
2024-06-24 13:30:00,XLB,Materials,44.89500045776367
2024-06-25 13:30:00,XLB,Materials,44.32500076293945
2024-06-26 13:30:00,XLB,Materials,44.29499816894531
2024-06-27 13:30:00,XLB,Materials,44.16999816894531
2024-06-28 13:30:00,XLB,Materials,44.154998779296875
2024-07-01 13:30:00,XLB,Materials,43.474998474121094
2024-07-02 13:30:00,XLB,Materials,43.55500030517578
2024-07-03 13:30:00,XLB,Materials,43.880001068115234
2024-07-05 13:30:00,XLB,Materials,43.95000076293945
2024-07-08 13:30:00,XLB,Materials,44.08000183105469
2024-07-09 13:30:00,XLB,Materials,43.630001068115234
2024-07-10 13:30:00,XLB,Materials,44.21500015258789
2024-07-11 13:30:00,XLB,Materials,44.81999969482422
2024-07-12 13:30:00,XLB,Materials,45.25
2024-07-15 13:30:00,XLB,Materials,45.1349983215332
2024-07-16 13:30:00,XLB,Materials,46.0099983215332
2024-07-17 13:30:00,XLB,Materials,45.915000915527344
2024-07-18 13:30:00,XLB,Materials,45.459999084472656
2024-07-19 13:30:00,XLB,Materials,45.05500030517578
2024-07-22 13:30:00,XLB,Materials,45.20500183105469
2024-07-23 13:30:00,XLB,Materials,45.3849983215332
2024-07-24 13:30:00,XLB,Materials,44.80500030517578
2024-07-25 13:30:00,XLB,Materials,44.93000030517578
2024-07-26 13:30:00,XLB,Materials,45.665000915527344
2024-07-29 13:30:00,XLB,Materials,45.744998931884766
2024-07-30 13:30:00,XLB,Materials,45.595001220703125
2024-07-31 13:30:00,XLB,Materials,46.06999969482422
2024-08-01 13:30:00,XLB,Materials,45.8849983215332
2024-08-02 13:30:00,XLB,Materials,45.02000045776367
2024-08-05 13:30:00,XLB,Materials,44.01499938964844
2024-08-06 13:30:00,XLB,Materials,44.2400016784668
2024-08-07 13:30:00,XLB,Materials,43.63999938964844
2024-08-08 13:30:00,XLB,Materials,44.314998626708984
2024-08-09 13:30:00,XLB,Materials,44.279998779296875
2024-08-12 13:30:00,XLB,Materials,44.084999084472656
2024-08-13 13:30:00,XLB,Materials,44.525001525878906
2024-08-14 13:30:00,XLB,Materials,44.525001525878906
2024-08-15 13:30:00,XLB,Materials,45.22999954223633
2024-08-16 13:30:00,XLB,Materials,45.28499984741211
2024-08-19 13:30:00,XLB,Materials,45.5
2024-08-20 13:30:00,XLB,Materials,45.334999084472656
2024-08-21 13:30:00,XLB,Materials,45.85499954223633
2024-08-22 13:30:00,XLB,Materials,45.7599983215332
2024-08-23 13:30:00,XLB,Materials,46.3650016784668
2024-08-26 13:30:00,XLB,Materials,46.56999969482422
2024-08-27 13:30:00,XLB,Materials,46.57500076293945
2024-08-28 13:30:00,XLB,Materials,46.375
2024-08-29 13:30:00,XLB,Materials,46.630001068115234
2024-08-30 13:30:00,XLB,Materials,47.13999938964844
2024-09-03 13:30:00,XLB,Materials,46.06999969482422
2024-09-04 13:30:00,XLB,Materials,45.880001068115234
2024-09-05 13:30:00,XLB,Materials,45.52000045776367
2024-09-06 13:30:00,XLB,Materials,44.94499969482422
2024-09-09 13:30:00,XLB,Materials,45.380001068115234
2024-09-10 13:30:00,XLB,Materials,45.400001525878906
2024-09-11 13:30:00,XLB,Materials,45.5099983215332
2024-09-12 13:30:00,XLB,Materials,45.93000030517578
2024-09-13 13:30:00,XLB,Materials,46.345001220703125
2024-09-16 13:30:00,XLB,Materials,46.775001525878906
2024-09-17 13:30:00,XLB,Materials,46.8650016784668
2024-09-18 13:30:00,XLB,Materials,46.665000915527344
2024-09-19 13:30:00,XLB,Materials,47.369998931884766
2024-09-20 13:30:00,XLB,Materials,47.03499984741211
2024-09-23 13:30:00,XLB,Materials,47.23500061035156
2024-09-24 13:30:00,XLB,Materials,47.880001068115234
2024-09-25 13:30:00,XLB,Materials,47.560001373291016
2024-09-26 13:30:00,XLB,Materials,48.54499816894531
2024-09-27 13:30:00,XLB,Materials,48.459999084472656
2024-09-30 13:30:00,XLB,Materials,48.189998626708984
2024-10-01 13:30:00,XLB,Materials,48.06999969482422
2024-10-02 13:30:00,XLB,Materials,47.8849983215332
2024-10-03 13:30:00,XLB,Materials,47.35499954223633
2024-10-04 13:30:00,XLB,Materials,47.584999084472656
2024-10-07 13:30:00,XLB,Materials,47.44499969482422
2024-10-08 13:30:00,XLB,Materials,47.224998474121094
2024-10-09 13:30:00,XLB,Materials,47.525001525878906
2024-10-10 13:30:00,XLB,Materials,47.6349983215332
2024-10-11 13:30:00,XLB,Materials,47.94499969482422
2024-10-14 13:30:00,XLB,Materials,48.220001220703125
2024-10-15 13:30:00,XLB,Materials,48.16999816894531
2024-10-16 13:30:00,XLB,Materials,48.54499816894531
2024-10-17 13:30:00,XLB,Materials,48.619998931884766
2024-10-18 13:30:00,XLB,Materials,48.814998626708984
2024-10-21 13:30:00,XLB,Materials,48.439998626708984
2024-10-22 13:30:00,XLB,Materials,47.994998931884766
2024-10-23 13:30:00,XLB,Materials,47.8650016784668
2024-10-24 13:30:00,XLB,Materials,47.279998779296875
2024-10-25 13:30:00,XLB,Materials,46.97999954223633
2024-10-28 13:30:00,XLB,Materials,47.369998931884766
2024-10-29 13:30:00,XLB,Materials,47.064998626708984
2024-10-30 13:30:00,XLB,Materials,47.31999969482422
2024-10-31 13:30:00,XLB,Materials,46.69499969482422
2024-11-01 13:30:00,XLB,Materials,46.564998626708984
2024-11-04 14:30:00,XLB,Materials,46.77000045776367
2024-11-05 14:30:00,XLB,Materials,46.84000015258789
2024-11-06 14:30:00,XLB,Materials,47.48500061035156
2024-11-07 14:30:00,XLB,Materials,47.66999816894531
2024-11-08 14:30:00,XLB,Materials,47.23500061035156
2024-11-11 14:30:00,XLB,Materials,47.029998779296875
2024-11-12 14:30:00,XLB,Materials,46.22999954223633
2024-11-13 14:30:00,XLB,Materials,46.34000015258789
2024-11-14 14:30:00,XLB,Materials,45.959999084472656
2024-11-15 14:30:00,XLB,Materials,45.63999938964844
2024-11-18 14:30:00,XLB,Materials,45.994998931884766
2024-11-19 14:30:00,XLB,Materials,45.845001220703125
2024-11-20 14:30:00,XLB,Materials,46.220001220703125
2024-11-21 14:30:00,XLB,Materials,46.78499984741211
2024-11-22 14:30:00,XLB,Materials,47.04499816894531
2024-11-25 14:30:00,XLB,Materials,47.529998779296875
2024-11-26 14:30:00,XLB,Materials,47.17499923706055
2024-11-27 14:30:00,XLB,Materials,47.150001525878906
2024-11-29 14:30:00,XLB,Materials,47.38999938964844
2024-12-02 14:30:00,XLB,Materials,47.36000061035156
2024-12-03 14:30:00,XLB,Materials,47.209999084472656
2024-12-04 14:30:00,XLB,Materials,46.75
2024-12-05 14:30:00,XLB,Materials,46.1349983215332
2024-12-06 14:30:00,XLB,Materials,45.95500183105469
2024-12-09 14:30:00,XLB,Materials,45.94499969482422
2024-12-10 14:30:00,XLB,Materials,45.474998474121094
2024-12-11 14:30:00,XLB,Materials,45.314998626708984
2024-12-12 14:30:00,XLB,Materials,45.0
2024-12-13 14:30:00,XLB,Materials,44.6150016784668
2024-12-16 14:30:00,XLB,Materials,44.220001220703125
2024-12-17 14:30:00,XLB,Materials,43.974998474121094
2024-12-18 14:30:00,XLB,Materials,42.724998474121094
2024-12-19 14:30:00,XLB,Materials,42.26499938964844
2024-12-20 14:30:00,XLB,Materials,42.790000915527344
2024-12-23 14:30:00,XLB,Materials,42.53499984741211
2024-12-24 14:30:00,XLB,Materials,42.76499938964844
2024-12-26 14:30:00,XLB,Materials,42.70000076293945
2024-12-27 14:30:00,XLB,Materials,42.470001220703125
2024-12-30 14:30:00,XLB,Materials,41.900001525878906
2024-12-31 14:30:00,XLB,Materials,42.06999969482422
2025-01-02 14:30:00,XLB,Materials,41.60499954223633
2025-01-03 14:30:00,XLB,Materials,41.595001220703125
2025-01-06 14:30:00,XLB,Materials,41.875
2025-01-07 14:30:00,XLB,Materials,41.849998474121094
2025-01-08 14:30:00,XLB,Materials,42.08000183105469
2025-01-10 14:30:00,XLB,Materials,41.650001525878906
2025-01-13 14:30:00,XLB,Materials,42.58000183105469
2025-01-14 14:30:00,XLB,Materials,43.11000061035156
2025-01-15 14:30:00,XLB,Materials,43.52000045776367
2025-01-16 14:30:00,XLB,Materials,43.880001068115234
2025-01-17 14:30:00,XLB,Materials,44.165000915527344
2025-01-21 14:30:00,XLB,Materials,44.72999954223633
2025-01-22 14:30:00,XLB,Materials,44.369998931884766
2025-01-23 14:30:00,XLB,Materials,44.6150016784668
2025-01-24 14:30:00,XLB,Materials,44.5
2025-01-27 14:30:00,XLB,Materials,44.525001525878906
2025-01-28 14:30:00,XLB,Materials,44.380001068115234
2025-01-29 14:30:00,XLB,Materials,44.29999923706055
2025-01-30 14:30:00,XLB,Materials,44.720001220703125
2025-01-31 14:30:00,XLB,Materials,44.39500045776367
2025-02-03 14:30:00,XLB,Materials,44.439998626708984
2025-02-04 14:30:00,XLB,Materials,44.56999969482422
2025-02-05 14:30:00,XLB,Materials,44.53499984741211
2025-02-06 14:30:00,XLB,Materials,44.689998626708984
2025-02-07 14:30:00,XLB,Materials,44.14500045776367
2025-02-10 14:30:00,XLB,Materials,44.369998931884766
2025-02-11 14:30:00,XLB,Materials,44.630001068115234
2025-02-12 14:30:00,XLB,Materials,44.310001373291016
2025-02-13 14:30:00,XLB,Materials,45.08000183105469
2025-02-14 14:30:00,XLB,Materials,44.92499923706055
2025-02-18 14:30:00,XLB,Materials,45.494998931884766
2025-02-19 14:30:00,XLB,Materials,44.959999084472656
2025-02-20 14:30:00,XLB,Materials,44.85499954223633
2025-02-21 14:30:00,XLB,Materials,44.03499984741211
2025-02-24 14:30:00,XLB,Materials,43.98500061035156
2025-02-25 14:30:00,XLB,Materials,44.32500076293945
2025-02-26 14:30:00,XLB,Materials,44.30500030517578
2025-02-27 14:30:00,XLB,Materials,44.005001068115234
2025-02-28 14:30:00,XLB,Materials,44.380001068115234
2025-03-03 14:30:00,XLB,Materials,43.4900016784668
2025-03-04 14:30:00,XLB,Materials,42.900001525878906
2025-03-05 14:30:00,XLB,Materials,44.02000045776367
2025-03-06 14:30:00,XLB,Materials,43.790000915527344
2025-03-07 14:30:00,XLB,Materials,43.90999984741211
2025-03-10 13:30:00,XLB,Materials,42.994998931884766
2025-03-11 13:30:00,XLB,Materials,42.665000915527344
2025-03-12 13:30:00,XLB,Materials,42.46500015258789
2025-03-13 13:30:00,XLB,Materials,42.435001373291016
2025-03-14 13:30:00,XLB,Materials,42.9900016784668
2025-03-17 13:30:00,XLB,Materials,43.529998779296875
2025-03-18 13:30:00,XLB,Materials,43.45500183105469
2025-03-19 13:30:00,XLB,Materials,43.599998474121094
2025-03-20 13:30:00,XLB,Materials,43.32500076293945
2025-03-21 13:30:00,XLB,Materials,42.89500045776367
2025-03-24 13:30:00,XLB,Materials,43.27000045776367
2025-03-25 13:30:00,XLB,Materials,43.2599983215332
2025-03-26 13:30:00,XLB,Materials,43.34000015258789
2025-03-27 13:30:00,XLB,Materials,43.31999969482422
2025-03-28 13:30:00,XLB,Materials,42.525001525878906
2025-03-31 13:30:00,XLB,Materials,42.9900016784668
2025-04-01 13:30:00,XLB,Materials,43.150001525878906
2025-04-02 13:30:00,XLB,Materials,43.505001068115234
2025-04-03 13:30:00,XLB,Materials,41.540000915527344
2025-04-04 13:30:00,XLB,Materials,38.939998626708984
2025-04-07 13:30:00,XLB,Materials,38.314998626708984
2025-04-08 13:30:00,XLB,Materials,37.1349983215332
2025-04-09 13:30:00,XLB,Materials,40.380001068115234
2025-04-10 13:30:00,XLB,Materials,39.09000015258789
2025-04-11 13:30:00,XLB,Materials,40.25
2025-04-14 13:30:00,XLB,Materials,40.73500061035156
2025-04-15 13:30:00,XLB,Materials,40.415000915527344
2025-04-16 13:30:00,XLB,Materials,40.099998474121094
2025-04-17 13:30:00,XLB,Materials,40.375
2025-04-21 13:30:00,XLB,Materials,39.7599983215332
2025-04-22 13:30:00,XLB,Materials,40.689998626708984
2025-04-23 13:30:00,XLB,Materials,40.7400016784668
2025-04-24 13:30:00,XLB,Materials,41.619998931884766
2025-04-25 13:30:00,XLB,Materials,41.310001373291016
2025-04-28 13:30:00,XLB,Materials,41.3849983215332
2025-04-29 13:30:00,XLB,Materials,41.72999954223633
2025-04-30 13:30:00,XLB,Materials,41.94499969482422
2025-05-01 13:30:00,XLB,Materials,41.7599983215332
2025-05-02 13:30:00,XLB,Materials,42.46500015258789
2025-05-05 13:30:00,XLB,Materials,42.150001525878906
2025-05-06 13:30:00,XLB,Materials,41.845001220703125
2025-05-07 13:30:00,XLB,Materials,41.6150016784668
2025-05-08 13:30:00,XLB,Materials,42.16999816894531
2025-05-09 13:30:00,XLB,Materials,42.279998779296875
2025-05-12 13:30:00,XLB,Materials,43.2599983215332
2025-05-13 13:30:00,XLB,Materials,43.04499816894531
2025-05-14 13:30:00,XLB,Materials,42.650001525878906
2025-05-15 13:30:00,XLB,Materials,43.084999084472656
2025-05-16 13:30:00,XLB,Materials,43.525001525878906
2025-05-19 13:30:00,XLB,Materials,43.6349983215332
2025-05-20 13:30:00,XLB,Materials,43.560001373291016
2025-05-21 13:30:00,XLB,Materials,42.97999954223633
2025-05-22 13:30:00,XLB,Materials,42.935001373291016
2025-05-23 13:30:00,XLB,Materials,42.849998474121094
2025-05-27 13:30:00,XLB,Materials,43.599998474121094
2025-05-28 13:30:00,XLB,Materials,43.005001068115234
2025-05-29 13:30:00,XLB,Materials,43.165000915527344
2025-05-30 13:30:00,XLB,Materials,43.16999816894531
2025-06-02 13:30:00,XLB,Materials,43.42499923706055
2025-06-03 13:30:00,XLB,Materials,43.869998931884766
2025-06-04 13:30:00,XLB,Materials,44.03499984741211
2025-06-05 13:30:00,XLB,Materials,43.775001525878906
2025-06-06 13:30:00,XLB,Materials,43.88999938964844
2025-06-09 13:30:00,XLB,Materials,44.185001373291016
2025-06-10 13:30:00,XLB,Materials,44.459999084472656
2025-06-11 13:30:00,XLB,Materials,44.02000045776367
2025-06-12 13:30:00,XLB,Materials,44.20500183105469
2025-06-13 13:30:00,XLB,Materials,43.689998626708984
2025-06-16 13:30:00,XLB,Materials,44.060001373291016
2025-06-17 13:30:00,XLB,Materials,43.630001068115234
2025-06-18 13:30:00,XLB,Materials,43.505001068115234
2025-06-20 13:30:00,XLB,Materials,43.209999084472656
2025-06-23 13:30:00,XLB,Materials,43.470001220703125
2025-06-24 13:30:00,XLB,Materials,43.83000183105469
2025-06-25 13:30:00,XLB,Materials,43.40999984741211
2025-06-26 13:30:00,XLB,Materials,43.88999938964844
2025-06-27 13:30:00,XLB,Materials,43.94499969482422
2025-06-30 13:30:00,XLB,Materials,43.904998779296875
2025-07-01 13:30:00,XLB,Materials,45.040000915527344
2025-07-02 13:30:00,XLB,Materials,45.71500015258789
2025-07-03 13:30:00,XLB,Materials,45.685001373291016
2025-07-07 13:30:00,XLB,Materials,45.244998931884766
2025-07-08 13:30:00,XLB,Materials,45.6150016784668
2025-07-09 13:30:00,XLB,Materials,45.88999938964844
2025-07-10 13:30:00,XLB,Materials,46.1349983215332
2025-07-11 13:30:00,XLB,Materials,45.7599983215332
2025-07-14 13:30:00,XLB,Materials,45.505001068115234
2025-07-15 13:30:00,XLB,Materials,44.56999969482422
2025-07-16 13:30:00,XLB,Materials,44.689998626708984
2025-07-17 13:30:00,XLB,Materials,45.005001068115234
2025-07-18 13:30:00,XLB,Materials,45.11000061035156
2025-07-21 13:30:00,XLB,Materials,45.34000015258789
2025-07-22 13:30:00,XLB,Materials,45.96500015258789
2025-07-23 13:30:00,XLB,Materials,46.119998931884766
2025-07-24 13:30:00,XLB,Materials,45.64500045776367
2025-07-25 13:30:00,XLB,Materials,46.185001373291016
2025-07-28 13:30:00,XLB,Materials,45.51499938964844
2025-07-29 13:30:00,XLB,Materials,45.34000015258789
2025-07-30 13:30:00,XLB,Materials,44.42499923706055
2025-07-31 13:30:00,XLB,Materials,43.8650016784668
2025-08-01 13:30:00,XLB,Materials,43.36000061035156
2025-08-04 13:30:00,XLB,Materials,43.935001373291016
2025-08-05 13:30:00,XLB,Materials,44.244998931884766
2025-08-06 13:30:00,XLB,Materials,43.76499938964844
2025-08-07 13:30:00,XLB,Materials,43.95500183105469
2025-08-08 13:30:00,XLB,Materials,44.17499923706055
2025-08-11 13:30:00,XLB,Materials,44.07500076293945
2025-08-12 13:30:00,XLB,Materials,44.650001525878906
2025-08-13 13:30:00,XLB,Materials,45.4900016784668
2025-08-14 13:30:00,XLB,Materials,45.01499938964844
2025-08-15 13:30:00,XLB,Materials,45.01499938964844
2025-08-18 13:30:00,XLB,Materials,44.755001068115234
2025-08-19 13:30:00,XLB,Materials,45.025001525878906
2025-08-20 13:30:00,XLB,Materials,45.060001373291016
2025-08-21 13:30:00,XLB,Materials,45.19499969482422
2025-08-22 13:30:00,XLB,Materials,46.09000015258789
2025-08-25 13:30:00,XLB,Materials,45.834999084472656
2025-08-26 13:30:00,XLB,Materials,45.959999084472656
2025-08-27 13:30:00,XLB,Materials,46.07500076293945
2025-08-28 13:30:00,XLB,Materials,46.07500076293945
2025-08-29 13:30:00,XLB,Materials,46.13999938964844
2025-09-02 13:30:00,XLB,Materials,45.79499816894531
2025-09-03 13:30:00,XLB,Materials,45.48500061035156
2025-09-04 13:30:00,XLB,Materials,45.65999984741211
2025-09-05 13:30:00,XLB,Materials,45.97999954223633
2025-09-08 13:30:00,XLB,Materials,46.02000045776367
2025-09-09 13:30:00,XLB,Materials,45.27000045776367
2025-09-10 13:30:00,XLB,Materials,45.35499954223633
2025-09-11 13:30:00,XLB,Materials,46.30500030517578
2025-09-12 13:30:00,XLB,Materials,45.84000015258789
2025-09-15 13:30:00,XLB,Materials,45.470001220703125
2025-09-16 13:30:00,XLB,Materials,45.33000183105469
2025-09-17 13:30:00,XLB,Materials,45.435001373291016
2025-09-18 13:30:00,XLB,Materials,45.435001373291016
2025-09-19 13:30:00,XLB,Materials,45.415000915527344
2025-09-22 13:30:00,XLB,Materials,45.185001373291016
2025-09-23 13:30:00,XLB,Materials,45.040000915527344
2025-09-24 13:30:00,XLB,Materials,44.4900016784668
2025-09-25 13:30:00,XLB,Materials,43.90999984741211
2025-09-26 13:30:00,XLB,Materials,44.41999816894531
2025-09-29 13:30:00,XLB,Materials,44.59000015258789
2025-09-30 13:30:00,XLB,Materials,44.810001373291016
2025-10-01 13:30:00,XLB,Materials,44.34000015258789
2025-10-02 13:30:00,XLB,Materials,44.85499954223633
2025-10-03 13:30:00,XLB,Materials,44.93000030517578
2025-10-06 13:30:00,XLB,Materials,44.88999938964844
2025-10-07 13:30:00,XLB,Materials,44.709999084472656
2025-10-08 13:30:00,XLB,Materials,44.95000076293945
2025-10-09 13:30:00,XLB,Materials,44.334999084472656
2025-10-10 13:30:00,XLB,Materials,43.42499923706055
2025-10-13 13:30:00,XLB,Materials,44.1150016784668
2025-10-14 13:30:00,XLB,Materials,44.55500030517578
2025-10-15 13:30:00,XLB,Materials,44.35499954223633
2025-10-16 13:30:00,XLB,Materials,44.025001525878906
2025-10-17 13:30:00,XLB,Materials,43.939998626708984
2025-10-20 13:30:00,XLB,Materials,44.46500015258789
2025-10-21 13:30:00,XLB,Materials,44.29499816894531
2025-10-22 13:30:00,XLB,Materials,44.15999984741211
2025-10-23 13:30:00,XLB,Materials,44.689998626708984
2025-10-24 13:30:00,XLB,Materials,44.505001068115234
2025-10-27 13:30:00,XLB,Materials,44.48500061035156
2025-10-28 13:30:00,XLB,Materials,44.54499816894531
2025-10-29 13:30:00,XLB,Materials,43.66999816894531
2025-10-30 13:30:00,XLB,Materials,43.084999084472656
2025-10-31 13:30:00,XLB,Materials,42.834999084472656
2025-11-03 14:30:00,XLB,Materials,42.56999969482422
2025-11-04 14:30:00,XLB,Materials,42.36000061035156
2025-11-05 14:30:00,XLB,Materials,42.61000061035156
2025-11-06 14:30:00,XLB,Materials,42.400001525878906
2025-11-07 14:30:00,XLB,Materials,42.90999984741211
2025-11-10 14:30:00,XLB,Materials,43.314998626708984
2025-11-11 14:30:00,XLB,Materials,43.76499938964844
2025-11-12 14:30:00,XLB,Materials,44.07500076293945
2025-11-13 14:30:00,XLB,Materials,43.78499984741211
2025-11-14 14:30:00,XLB,Materials,43.3849983215332
2025-11-17 14:30:00,XLB,Materials,42.724998474121094
2025-11-18 14:30:00,XLB,Materials,42.7599983215332
2025-11-19 14:30:00,XLB,Materials,42.869998931884766
2025-11-20 14:30:00,XLB,Materials,42.22999954223633
2025-11-21 14:30:00,XLB,Materials,43.17499923706055
2025-11-24 14:30:00,XLB,Materials,43.2599983215332
2025-11-25 14:30:00,XLB,Materials,43.904998779296875
2025-11-26 14:30:00,XLB,Materials,44.44499969482422
2025-11-28 14:30:00,XLB,Materials,44.70000076293945
2025-12-01 14:30:00,XLB,Materials,44.59000015258789
2025-12-02 14:30:00,XLB,Materials,44.185001373291016
2025-12-03 14:30:00,XLB,Materials,44.494998931884766
2025-12-04 14:30:00,XLB,Materials,44.23500061035156
2025-12-05 14:30:00,XLB,Materials,44.09000015258789
2025-12-08 14:30:00,XLB,Materials,43.47999954223633
2025-12-09 14:30:00,XLB,Materials,43.38999938964844
2025-12-10 14:30:00,XLB,Materials,44.2400016784668
2025-12-11 14:30:00,XLB,Materials,45.119998931884766
2025-12-12 14:30:00,XLB,Materials,45.150001525878906
2025-12-15 14:30:00,XLB,Materials,45.119998931884766
2025-12-16 14:30:00,XLB,Materials,45.0
2025-12-17 14:30:00,XLB,Materials,45.189998626708984
2025-12-18 14:30:00,XLB,Materials,45.16999816894531
2025-12-19 14:30:00,XLB,Materials,45.369998931884766
2025-12-22 14:30:00,XLB,Materials,45.66999816894531
2025-12-23 14:30:00,XLB,Materials,45.75
2025-12-24 14:30:00,XLB,Materials,45.84000015258789
2025-12-26 14:30:00,XLB,Materials,46.11000061035156
2025-12-29 14:30:00,XLB,Materials,45.7400016784668
2025-12-30 14:30:00,XLB,Materials,45.72999954223633
2025-12-31 14:30:00,XLB,Materials,45.349998474121094
2026-01-02 14:30:00,XLB,Materials,46.119998931884766
2026-01-05 14:30:00,XLB,Materials,46.58000183105469
2026-01-06 14:30:00,XLB,Materials,47.5
2026-01-07 14:30:00,XLB,Materials,46.68000030517578
2026-01-08 14:30:00,XLB,Materials,47.5
2026-01-09 14:30:00,XLB,Materials,48.2599983215332
2026-01-12 14:30:00,XLB,Materials,48.52000045776367
2026-01-13 14:30:00,XLB,Materials,48.72999954223633
2026-01-14 14:30:00,XLB,Materials,48.75
2026-01-15 14:30:00,XLB,Materials,48.959999084472656
2026-01-16 14:30:00,XLB,Materials,48.68000030517578
2026-01-20 14:30:00,XLB,Materials,48.189998626708984
2026-01-21 14:30:00,XLB,Materials,49.2400016784668
2026-01-22 14:30:00,XLB,Materials,49.52000045776367
2026-01-23 14:30:00,XLB,Materials,49.970001220703125
2026-01-26 14:30:00,XLB,Materials,50.029998779296875
2026-01-27 14:30:00,XLB,Materials,49.97999954223633
2026-01-28 14:30:00,XLB,Materials,49.95000076293945
2026-01-29 14:30:00,XLB,Materials,50.0
2026-01-30 14:30:00,XLB,Materials,49.27000045776367
2026-02-02 14:30:00,XLB,Materials,49.650001525878906
2026-02-03 14:30:00,XLB,Materials,50.70000076293945
2026-02-04 14:30:00,XLB,Materials,51.88999938964844
2026-02-05 14:30:00,XLB,Materials,50.5
2026-02-06 14:30:00,XLB,Materials,51.5099983215332
2026-02-09 14:30:00,XLB,Materials,52.18000030517578
2026-02-10 14:30:00,XLB,Materials,52.90999984741211
2026-02-11 14:30:00,XLB,Materials,53.619998931884766
2026-02-12 14:30:00,XLB,Materials,52.83000183105469
2026-02-13 14:30:00,XLB,Materials,53.310001373291016
2026-02-17 14:30:00,XLB,Materials,52.70000076293945
2026-02-18 14:30:00,XLB,Materials,53.02000045776367
2026-02-19 14:30:00,XLB,Materials,52.83000183105469
2026-02-20 14:30:00,XLB,Materials,52.959999084472656
2026-02-23 14:30:00,XLB,Materials,52.959999084472656
2026-02-24 14:30:00,XLB,Materials,53.36000061035156
2026-02-25 14:30:00,XLB,Materials,53.060001373291016
2026-02-26 14:30:00,XLB,Materials,53.0
2026-02-27 14:30:00,XLB,Materials,53.40999984741211
2026-03-02 14:30:00,XLB,Materials,53.25
2026-03-03 14:30:00,XLB,Materials,51.939998626708984
2026-03-04 14:30:00,XLB,Materials,51.91999816894531
2026-03-05 14:30:00,XLB,Materials,50.83000183105469
2026-03-06 14:30:00,XLB,Materials,49.86000061035156
2026-03-09 13:30:00,XLB,Materials,49.9900016784668
2026-03-10 13:30:00,XLB,Materials,49.880001068115234
2026-03-11 13:30:00,XLB,Materials,49.84000015258789
2026-03-12 13:30:00,XLB,Materials,49.68000030517578
2026-03-13 13:30:00,XLB,Materials,49.189998626708984
2026-03-16 13:30:00,XLB,Materials,49.400001525878906
2026-03-17 13:30:00,XLB,Materials,49.52000045776367
2026-03-18 13:30:00,XLB,Materials,48.47999954223633
2026-03-19 13:30:00,XLB,Materials,47.7400016784668
2026-03-20 13:30:00,XLB,Materials,46.97999954223633
2026-03-23 13:30:00,XLB,Materials,47.54999923706055
2026-03-24 13:30:00,XLB,Materials,48.45000076293945
2026-03-25 13:30:00,XLB,Materials,49.40999984741211
2026-03-26 13:30:00,XLB,Materials,49.09000015258789
2026-03-27 13:30:00,XLB,Materials,48.90999984741211
2026-03-30 13:30:00,XLB,Materials,49.09000015258789
2026-03-31 13:30:00,XLB,Materials,49.970001220703125
2026-04-01 13:30:00,XLB,Materials,50.459999084472656
2026-04-02 13:30:00,XLB,Materials,50.40999984741211
2026-04-06 13:30:00,XLB,Materials,50.220001220703125
2026-04-07 13:30:00,XLB,Materials,50.08000183105469
2026-04-08 13:30:00,XLB,Materials,51.75
2026-04-09 13:30:00,XLB,Materials,51.66999816894531
2026-04-10 13:30:00,XLB,Materials,51.959999084472656
2026-04-13 13:30:00,XLB,Materials,52.189998626708984
2026-04-14 13:30:00,XLB,Materials,52.0099983215332
2026-04-15 13:30:00,XLB,Materials,51.380001068115234
2026-04-16 13:30:00,XLB,Materials,51.75
2026-04-17 13:30:00,XLB,Materials,51.880001068115234
2026-04-20 13:30:00,XLB,Materials,52.22999954223633
2026-04-21 13:30:00,XLB,Materials,51.77000045776367
2026-04-22 13:30:00,XLB,Materials,51.83000183105469
2026-04-23 13:30:00,XLB,Materials,51.810001373291016
2026-04-24 13:30:00,XLB,Materials,51.91999816894531
2026-04-27 13:30:00,XLB,Materials,51.779998779296875
2026-04-28 13:30:00,XLB,Materials,51.400001525878906
2026-04-29 13:30:00,XLB,Materials,50.959999084472656
2026-04-30 13:30:00,XLB,Materials,51.470001220703125
2026-05-01 13:30:00,XLB,Materials,51.349998474121094
2026-05-04 13:30:00,XLB,Materials,50.650001525878906
2026-05-05 13:30:00,XLB,Materials,51.529998779296875
2026-05-06 13:30:00,XLB,Materials,52.40999984741211
2026-05-07 13:30:00,XLB,Materials,51.400001525878906
2026-05-08 13:30:00,XLB,Materials,51.59000015258789
2026-05-11 13:30:00,XLB,Materials,52.2599983215332
2026-05-12 13:30:00,XLB,Materials,52.13999938964844
2026-05-13 13:30:00,XLB,Materials,52.060001373291016
2026-05-14 13:30:00,XLB,Materials,51.66999816894531
2026-05-15 13:30:00,XLB,Materials,50.29999923706055
2026-05-18 13:30:00,XLB,Materials,50.220001220703125
2026-05-19 13:30:00,XLB,Materials,49.040000915527344
2026-05-20 13:30:00,XLB,Materials,49.720001220703125
2026-05-21 13:30:00,XLB,Materials,50.02000045776367
2026-05-22 13:30:00,XLB,Materials,50.290000915527344
2026-05-26 13:30:00,XLB,Materials,50.9900016784668
2026-05-27 13:30:00,XLB,Materials,51.18000030517578
2026-05-28 13:30:00,XLB,Materials,51.36000061035156
2026-05-29 13:30:00,XLB,Materials,51.150001525878906
2026-06-01 13:30:00,XLB,Materials,50.91999816894531
2026-06-02 13:30:00,XLB,Materials,51.52000045776367
2026-06-03 13:30:00,XLB,Materials,51.630001068115234
2026-06-04 13:30:00,XLB,Materials,51.619998931884766
2026-06-05 13:30:00,XLB,Materials,50.630001068115234
2026-06-08 13:30:00,XLB,Materials,49.959999084472656
2026-06-09 13:30:00,XLB,Materials,50.77000045776367
2026-06-10 13:30:00,XLB,Materials,49.599998474121094
2026-06-11 13:30:00,XLB,Materials,51.220001220703125
2026-06-12 13:30:00,XLB,Materials,52.18000030517578
2026-06-15 13:30:00,XLB,Materials,52.5
2026-06-16 13:30:00,XLB,Materials,52.720001220703125
2026-06-17 13:30:00,XLB,Materials,52.02000045776367
2026-06-18 13:30:00,XLB,Materials,51.810001373291016
2026-06-22 13:30:00,XLB,Materials,51.619998931884766
2026-06-23 13:30:00,XLB,Materials,50.869998931884766
2026-06-24 13:30:00,XLB,Materials,51.15999984741211
2026-06-25 13:30:00,XLB,Materials,51.84000015258789
2026-06-26 13:30:00,XLB,Materials,51.599998474121094
2026-06-29 13:30:00,XLB,Materials,50.65999984741211
2026-06-30 13:30:00,XLB,Materials,50.83000183105469
2026-07-01 13:30:00,XLB,Materials,51.02000045776367
2026-07-02 13:30:00,XLB,Materials,52.0099983215332
2026-07-06 13:30:00,XLB,Materials,51.97999954223633
2026-07-07 13:30:00,XLB,Materials,51.5099983215332
2026-07-08 13:30:00,XLB,Materials,50.15999984741211
2026-07-09 13:30:00,XLB,Materials,50.2599983215332
2026-07-10 13:30:00,XLB,Materials,50.88999938964844
2026-07-13 13:30:00,XLB,Materials,50.58000183105469
2026-07-14 13:30:00,XLB,Materials,50.63999938964844
2026-07-15 13:30:00,XLB,Materials,50.5
2026-07-16 13:30:00,XLB,Materials,50.88999938964844
2026-07-17 13:30:00,XLB,Materials,50.529998779296875
2026-07-20 13:30:00,XLB,Materials,50.029998779296875
2026-07-21 13:30:00,XLB,Materials,50.099998474121094
2026-07-22 13:30:00,XLB,Materials,50.81999969482422
2026-07-23 13:30:00,XLB,Materials,50.290000915527344
2026-07-24 13:30:00,XLB,Materials,51.2599983215332
2026-07-27 13:30:00,XLB,Materials,51.38999938964844
2026-07-28 13:30:00,XLB,Materials,52.34000015258789
2026-07-29 13:30:00,XLB,Materials,51.7400016784668
2026-07-30 13:30:00,XLB,Materials,51.63999938964844
2026-07-31 13:30:00,XLB,Materials,50.43000030517578
2026-08-03 13:30:00,XLB,Materials,51.0099983215332
2026-08-04 13:30:00,XLB,Materials,52.0
2026-08-05 13:30:00,XLB,Materials,52.63999938964844
2026-08-06 13:30:00,XLB,Materials,52.16999816894531
2026-08-07 13:30:00,XLB,Materials,52.86000061035156
2026-08-10 13:30:00,XLB,Materials,53.18000030517578
2026-08-11 13:30:00,XLB,Materials,53.2400016784668
2026-08-12 13:30:00,XLB,Materials,52.58000183105469
2026-08-13 13:30:00,XLB,Materials,52.310001373291016
2026-08-14 13:30:00,XLB,Materials,52.540000915527344
2026-08-17 13:30:00,XLB,Materials,52.2400016784668
2026-08-18 13:30:00,XLB,Materials,51.779998779296875
2026-08-19 13:30:00,XLB,Materials,52.52000045776367
2026-08-20 13:30:00,XLB,Materials,52.41999816894531
2026-08-21 13:30:00,XLB,Materials,53.540000915527344
2026-08-24 13:30:00,XLB,Materials,53.58000183105469
2026-08-25 13:30:00,XLB,Materials,53.58000183105469
2026-08-26 13:30:00,XLB,Materials,53.66999816894531
2026-08-27 13:30:00,XLB,Materials,53.22999954223633
2026-08-28 13:30:00,XLB,Materials,53.18000030517578
2021-08-30 13:30:00,XLRE,Real Estate,47.400001525878906
2021-08-31 13:30:00,XLRE,Real Estate,47.68000030517578
2021-09-01 13:30:00,XLRE,Real Estate,48.5
2021-09-02 13:30:00,XLRE,Real Estate,48.72999954223633
2021-09-03 13:30:00,XLRE,Real Estate,48.72999954223633
2021-09-07 13:30:00,XLRE,Real Estate,48.189998626708984
2021-09-08 13:30:00,XLRE,Real Estate,48.47999954223633
2021-09-09 13:30:00,XLRE,Real Estate,47.45000076293945
2021-09-10 13:30:00,XLRE,Real Estate,46.849998474121094
2021-09-13 13:30:00,XLRE,Real Estate,47.11000061035156
2021-09-14 13:30:00,XLRE,Real Estate,47.0099983215332
2021-09-15 13:30:00,XLRE,Real Estate,47.189998626708984
2021-09-16 13:30:00,XLRE,Real Estate,47.279998779296875
2021-09-17 13:30:00,XLRE,Real Estate,46.849998474121094
2021-09-20 13:30:00,XLRE,Real Estate,46.27000045776367
2021-09-21 13:30:00,XLRE,Real Estate,46.279998779296875
2021-09-22 13:30:00,XLRE,Real Estate,46.66999816894531
2021-09-23 13:30:00,XLRE,Real Estate,46.439998626708984
2021-09-24 13:30:00,XLRE,Real Estate,45.90999984741211
2021-09-27 13:30:00,XLRE,Real Estate,45.150001525878906
2021-09-28 13:30:00,XLRE,Real Estate,44.880001068115234
2021-09-29 13:30:00,XLRE,Real Estate,45.16999816894531
2021-09-30 13:30:00,XLRE,Real Estate,44.45000076293945
2021-10-01 13:30:00,XLRE,Real Estate,44.93000030517578
2021-10-04 13:30:00,XLRE,Real Estate,44.97999954223633
2021-10-05 13:30:00,XLRE,Real Estate,44.630001068115234
2021-10-06 13:30:00,XLRE,Real Estate,45.060001373291016
2021-10-07 13:30:00,XLRE,Real Estate,45.11000061035156
2021-10-08 13:30:00,XLRE,Real Estate,44.619998931884766
2021-10-11 13:30:00,XLRE,Real Estate,44.68000030517578
2021-10-12 13:30:00,XLRE,Real Estate,45.279998779296875
2021-10-13 13:30:00,XLRE,Real Estate,45.540000915527344
2021-10-14 13:30:00,XLRE,Real Estate,46.18000030517578
2021-10-15 13:30:00,XLRE,Real Estate,46.20000076293945
2021-10-18 13:30:00,XLRE,Real Estate,46.279998779296875
2021-10-19 13:30:00,XLRE,Real Estate,46.4900016784668
2021-10-20 13:30:00,XLRE,Real Estate,47.20000076293945
2021-10-21 13:30:00,XLRE,Real Estate,47.349998474121094
2021-10-22 13:30:00,XLRE,Real Estate,47.689998626708984
2021-10-25 13:30:00,XLRE,Real Estate,47.83000183105469
2021-10-26 13:30:00,XLRE,Real Estate,48.04999923706055
2021-10-27 13:30:00,XLRE,Real Estate,47.70000076293945
2021-10-28 13:30:00,XLRE,Real Estate,48.400001525878906
2021-10-29 13:30:00,XLRE,Real Estate,47.81999969482422
2021-11-01 13:30:00,XLRE,Real Estate,47.93000030517578
2021-11-02 13:30:00,XLRE,Real Estate,48.380001068115234
2021-11-03 13:30:00,XLRE,Real Estate,48.65999984741211
2021-11-04 13:30:00,XLRE,Real Estate,48.11000061035156
2021-11-05 13:30:00,XLRE,Real Estate,48.220001220703125
2021-11-08 14:30:00,XLRE,Real Estate,48.209999084472656
2021-11-09 14:30:00,XLRE,Real Estate,48.38999938964844
2021-11-10 14:30:00,XLRE,Real Estate,48.150001525878906
2021-11-11 14:30:00,XLRE,Real Estate,48.16999816894531
2021-11-12 14:30:00,XLRE,Real Estate,48.189998626708984
2021-11-15 14:30:00,XLRE,Real Estate,48.459999084472656
2021-11-16 14:30:00,XLRE,Real Estate,48.15999984741211
2021-11-17 14:30:00,XLRE,Real Estate,48.47999954223633
2021-11-18 14:30:00,XLRE,Real Estate,48.470001220703125
2021-11-19 14:30:00,XLRE,Real Estate,48.209999084472656
2021-11-22 14:30:00,XLRE,Real Estate,47.970001220703125
2021-11-23 14:30:00,XLRE,Real Estate,48.47999954223633
2021-11-24 14:30:00,XLRE,Real Estate,49.130001068115234
2021-11-26 14:30:00,XLRE,Real Estate,47.79999923706055
2021-11-29 14:30:00,XLRE,Real Estate,48.400001525878906
2021-11-30 14:30:00,XLRE,Real Estate,47.38999938964844
2021-12-01 14:30:00,XLRE,Real Estate,46.77000045776367
2021-12-02 14:30:00,XLRE,Real Estate,48.04999923706055
2021-12-03 14:30:00,XLRE,Real Estate,47.810001373291016
2021-12-06 14:30:00,XLRE,Real Estate,48.5
2021-12-07 14:30:00,XLRE,Real Estate,49.36000061035156
2021-12-08 14:30:00,XLRE,Real Estate,49.56999969482422
2021-12-09 14:30:00,XLRE,Real Estate,48.939998626708984
2021-12-10 14:30:00,XLRE,Real Estate,49.189998626708984
2021-12-13 14:30:00,XLRE,Real Estate,49.849998474121094
2021-12-14 14:30:00,XLRE,Real Estate,49.29999923706055
2021-12-15 14:30:00,XLRE,Real Estate,50.029998779296875
2021-12-16 14:30:00,XLRE,Real Estate,50.220001220703125
2021-12-17 14:30:00,XLRE,Real Estate,50.04999923706055
2021-12-20 14:30:00,XLRE,Real Estate,49.29999923706055
2021-12-21 14:30:00,XLRE,Real Estate,49.58000183105469
2021-12-22 14:30:00,XLRE,Real Estate,50.06999969482422
2021-12-23 14:30:00,XLRE,Real Estate,49.91999816894531
2021-12-27 14:30:00,XLRE,Real Estate,50.939998626708984
2021-12-28 14:30:00,XLRE,Real Estate,51.15999984741211
2021-12-29 14:30:00,XLRE,Real Estate,51.470001220703125
2021-12-30 14:30:00,XLRE,Real Estate,51.70000076293945
2021-12-31 14:30:00,XLRE,Real Estate,51.810001373291016
2022-01-03 14:30:00,XLRE,Real Estate,51.33000183105469
2022-01-04 14:30:00,XLRE,Real Estate,51.130001068115234
2022-01-05 14:30:00,XLRE,Real Estate,49.470001220703125
2022-01-06 14:30:00,XLRE,Real Estate,49.529998779296875
2022-01-07 14:30:00,XLRE,Real Estate,49.27000045776367
2022-01-10 14:30:00,XLRE,Real Estate,48.97999954223633
2022-01-11 14:30:00,XLRE,Real Estate,48.900001525878906
2022-01-12 14:30:00,XLRE,Real Estate,49.029998779296875
2022-01-13 14:30:00,XLRE,Real Estate,48.86000061035156
2022-01-14 14:30:00,XLRE,Real Estate,48.290000915527344
2022-01-18 14:30:00,XLRE,Real Estate,47.959999084472656
2022-01-19 14:30:00,XLRE,Real Estate,47.34000015258789
2022-01-20 14:30:00,XLRE,Real Estate,46.91999816894531
2022-01-21 14:30:00,XLRE,Real Estate,46.88999938964844
2022-01-24 14:30:00,XLRE,Real Estate,46.9900016784668
2022-01-25 14:30:00,XLRE,Real Estate,46.86000061035156
2022-01-26 14:30:00,XLRE,Real Estate,46.08000183105469
2022-01-27 14:30:00,XLRE,Real Estate,45.25
2022-01-28 14:30:00,XLRE,Real Estate,46.81999969482422
2022-01-31 14:30:00,XLRE,Real Estate,47.34000015258789
2022-02-01 14:30:00,XLRE,Real Estate,47.02000045776367
2022-02-02 14:30:00,XLRE,Real Estate,47.83000183105469
2022-02-03 14:30:00,XLRE,Real Estate,47.34000015258789
2022-02-04 14:30:00,XLRE,Real Estate,46.689998626708984
2022-02-07 14:30:00,XLRE,Real Estate,46.70000076293945
2022-02-08 14:30:00,XLRE,Real Estate,46.279998779296875
2022-02-09 14:30:00,XLRE,Real Estate,47.400001525878906
2022-02-10 14:30:00,XLRE,Real Estate,46.04999923706055
2022-02-11 14:30:00,XLRE,Real Estate,45.41999816894531
2022-02-14 14:30:00,XLRE,Real Estate,44.93000030517578
2022-02-15 14:30:00,XLRE,Real Estate,45.150001525878906
2022-02-16 14:30:00,XLRE,Real Estate,45.27000045776367
2022-02-17 14:30:00,XLRE,Real Estate,44.880001068115234
2022-02-18 14:30:00,XLRE,Real Estate,44.68000030517578
2022-02-22 14:30:00,XLRE,Real Estate,44.560001373291016
2022-02-23 14:30:00,XLRE,Real Estate,43.97999954223633
2022-02-24 14:30:00,XLRE,Real Estate,44.7400016784668
2022-02-25 14:30:00,XLRE,Real Estate,45.86000061035156
2022-02-28 14:30:00,XLRE,Real Estate,45.06999969482422
2022-03-01 14:30:00,XLRE,Real Estate,44.97999954223633
2022-03-02 14:30:00,XLRE,Real Estate,45.779998779296875
2022-03-03 14:30:00,XLRE,Real Estate,46.279998779296875
2022-03-04 14:30:00,XLRE,Real Estate,46.66999816894531
2022-03-07 14:30:00,XLRE,Real Estate,45.81999969482422
2022-03-08 14:30:00,XLRE,Real Estate,45.40999984741211
2022-03-09 14:30:00,XLRE,Real Estate,46.16999816894531
2022-03-10 14:30:00,XLRE,Real Estate,46.33000183105469
2022-03-11 14:30:00,XLRE,Real Estate,45.869998931884766
2022-03-14 13:30:00,XLRE,Real Estate,45.59000015258789
2022-03-15 13:30:00,XLRE,Real Estate,45.95000076293945
2022-03-16 13:30:00,XLRE,Real Estate,46.459999084472656
2022-03-17 13:30:00,XLRE,Real Estate,47.119998931884766
2022-03-18 13:30:00,XLRE,Real Estate,47.22999954223633
2022-03-21 13:30:00,XLRE,Real Estate,46.720001220703125
2022-03-22 13:30:00,XLRE,Real Estate,46.75
2022-03-23 13:30:00,XLRE,Real Estate,46.220001220703125
2022-03-24 13:30:00,XLRE,Real Estate,46.58000183105469
2022-03-25 13:30:00,XLRE,Real Estate,47.130001068115234
2022-03-28 13:30:00,XLRE,Real Estate,47.72999954223633
2022-03-29 13:30:00,XLRE,Real Estate,49.130001068115234
2022-03-30 13:30:00,XLRE,Real Estate,48.86000061035156
2022-03-31 13:30:00,XLRE,Real Estate,48.31999969482422
2022-04-01 13:30:00,XLRE,Real Estate,49.279998779296875
2022-04-04 13:30:00,XLRE,Real Estate,49.130001068115234
2022-04-05 13:30:00,XLRE,Real Estate,49.16999816894531
2022-04-06 13:30:00,XLRE,Real Estate,49.900001525878906
2022-04-07 13:30:00,XLRE,Real Estate,49.4900016784668
2022-04-08 13:30:00,XLRE,Real Estate,49.66999816894531
2022-04-11 13:30:00,XLRE,Real Estate,48.9900016784668
2022-04-12 13:30:00,XLRE,Real Estate,48.84000015258789
2022-04-13 13:30:00,XLRE,Real Estate,49.040000915527344
2022-04-14 13:30:00,XLRE,Real Estate,48.7599983215332
2022-04-18 13:30:00,XLRE,Real Estate,48.63999938964844
2022-04-19 13:30:00,XLRE,Real Estate,49.65999984741211
2022-04-20 13:30:00,XLRE,Real Estate,50.599998474121094
2022-04-21 13:30:00,XLRE,Real Estate,50.27000045776367
2022-04-22 13:30:00,XLRE,Real Estate,49.369998931884766
2022-04-25 13:30:00,XLRE,Real Estate,49.13999938964844
2022-04-26 13:30:00,XLRE,Real Estate,48.369998931884766
2022-04-27 13:30:00,XLRE,Real Estate,48.08000183105469
2022-04-28 13:30:00,XLRE,Real Estate,48.959999084472656
2022-04-29 13:30:00,XLRE,Real Estate,46.599998474121094
2022-05-02 13:30:00,XLRE,Real Estate,45.38999938964844
2022-05-03 13:30:00,XLRE,Real Estate,45.939998626708984
2022-05-04 13:30:00,XLRE,Real Estate,46.47999954223633
2022-05-05 13:30:00,XLRE,Real Estate,45.290000915527344
2022-05-06 13:30:00,XLRE,Real Estate,44.83000183105469
2022-05-09 13:30:00,XLRE,Real Estate,42.7400016784668
2022-05-10 13:30:00,XLRE,Real Estate,41.790000915527344
2022-05-11 13:30:00,XLRE,Real Estate,41.72999954223633
2022-05-12 13:30:00,XLRE,Real Estate,42.040000915527344
2022-05-13 13:30:00,XLRE,Real Estate,43.09000015258789
2022-05-16 13:30:00,XLRE,Real Estate,42.7400016784668
2022-05-17 13:30:00,XLRE,Real Estate,43.20000076293945
2022-05-18 13:30:00,XLRE,Real Estate,41.939998626708984
2022-05-19 13:30:00,XLRE,Real Estate,41.86000061035156
2022-05-20 13:30:00,XLRE,Real Estate,42.349998474121094
2022-05-23 13:30:00,XLRE,Real Estate,42.900001525878906
2022-05-24 13:30:00,XLRE,Real Estate,43.400001525878906
2022-05-25 13:30:00,XLRE,Real Estate,43.63999938964844
2022-05-26 13:30:00,XLRE,Real Estate,43.59000015258789
2022-05-27 13:30:00,XLRE,Real Estate,44.81999969482422
2022-05-31 13:30:00,XLRE,Real Estate,44.220001220703125
2022-06-01 13:30:00,XLRE,Real Estate,43.7400016784668
2022-06-02 13:30:00,XLRE,Real Estate,44.400001525878906
2022-06-03 13:30:00,XLRE,Real Estate,43.84000015258789
2022-06-06 13:30:00,XLRE,Real Estate,43.709999084472656
2022-06-07 13:30:00,XLRE,Real Estate,44.220001220703125
2022-06-08 13:30:00,XLRE,Real Estate,43.15999984741211
2022-06-09 13:30:00,XLRE,Real Estate,42.16999816894531
2022-06-10 13:30:00,XLRE,Real Estate,41.16999816894531
2022-06-13 13:30:00,XLRE,Real Estate,39.189998626708984
2022-06-14 13:30:00,XLRE,Real Estate,38.90999984741211
2022-06-15 13:30:00,XLRE,Real Estate,39.79999923706055
2022-06-16 13:30:00,XLRE,Real Estate,38.849998474121094
2022-06-17 13:30:00,XLRE,Real Estate,39.08000183105469
2022-06-21 13:30:00,XLRE,Real Estate,39.4900016784668
2022-06-22 13:30:00,XLRE,Real Estate,40.130001068115234
2022-06-23 13:30:00,XLRE,Real Estate,40.91999816894531
2022-06-24 13:30:00,XLRE,Real Estate,41.810001373291016
2022-06-27 13:30:00,XLRE,Real Estate,41.65999984741211
2022-06-28 13:30:00,XLRE,Real Estate,41.09000015258789
2022-06-29 13:30:00,XLRE,Real Estate,40.83000183105469
2022-06-30 13:30:00,XLRE,Real Estate,40.86000061035156
2022-07-01 13:30:00,XLRE,Real Estate,41.59000015258789
2022-07-05 13:30:00,XLRE,Real Estate,41.41999816894531
2022-07-06 13:30:00,XLRE,Real Estate,41.38999938964844
2022-07-07 13:30:00,XLRE,Real Estate,41.41999816894531
2022-07-08 13:30:00,XLRE,Real Estate,41.22999954223633
2022-07-11 13:30:00,XLRE,Real Estate,41.22999954223633
2022-07-12 13:30:00,XLRE,Real Estate,40.970001220703125
2022-07-13 13:30:00,XLRE,Real Estate,40.75
2022-07-14 13:30:00,XLRE,Real Estate,40.349998474121094
2022-07-15 13:30:00,XLRE,Real Estate,41.0
2022-07-18 13:30:00,XLRE,Real Estate,40.599998474121094
2022-07-19 13:30:00,XLRE,Real Estate,41.720001220703125
2022-07-20 13:30:00,XLRE,Real Estate,41.5099983215332
2022-07-21 13:30:00,XLRE,Real Estate,41.939998626708984
2022-07-22 13:30:00,XLRE,Real Estate,42.2599983215332
2022-07-25 13:30:00,XLRE,Real Estate,42.290000915527344
2022-07-26 13:30:00,XLRE,Real Estate,42.369998931884766
2022-07-27 13:30:00,XLRE,Real Estate,42.599998474121094
2022-07-28 13:30:00,XLRE,Real Estate,44.16999816894531
2022-07-29 13:30:00,XLRE,Real Estate,44.34000015258789
2022-08-01 13:30:00,XLRE,Real Estate,43.939998626708984
2022-08-02 13:30:00,XLRE,Real Estate,43.36000061035156
2022-08-03 13:30:00,XLRE,Real Estate,43.540000915527344
2022-08-04 13:30:00,XLRE,Real Estate,43.58000183105469
2022-08-05 13:30:00,XLRE,Real Estate,43.720001220703125
2022-08-08 13:30:00,XLRE,Real Estate,44.040000915527344
2022-08-09 13:30:00,XLRE,Real Estate,44.38999938964844
2022-08-10 13:30:00,XLRE,Real Estate,44.9900016784668
2022-08-11 13:30:00,XLRE,Real Estate,44.779998779296875
2022-08-12 13:30:00,XLRE,Real Estate,45.540000915527344
2022-08-15 13:30:00,XLRE,Real Estate,45.7400016784668
2022-08-16 13:30:00,XLRE,Real Estate,45.560001373291016
2022-08-17 13:30:00,XLRE,Real Estate,45.43000030517578
2022-08-18 13:30:00,XLRE,Real Estate,45.119998931884766
2022-08-19 13:30:00,XLRE,Real Estate,44.68000030517578
2022-08-22 13:30:00,XLRE,Real Estate,43.75
2022-08-23 13:30:00,XLRE,Real Estate,43.09000015258789
2022-08-24 13:30:00,XLRE,Real Estate,43.43000030517578
2022-08-25 13:30:00,XLRE,Real Estate,44.099998474121094
2022-08-26 13:30:00,XLRE,Real Estate,42.97999954223633
2022-08-29 13:30:00,XLRE,Real Estate,42.61000061035156
2022-08-30 13:30:00,XLRE,Real Estate,42.0
2022-08-31 13:30:00,XLRE,Real Estate,41.849998474121094
2022-09-01 13:30:00,XLRE,Real Estate,42.0
2022-09-02 13:30:00,XLRE,Real Estate,41.279998779296875
2022-09-06 13:30:00,XLRE,Real Estate,41.709999084472656
2022-09-07 13:30:00,XLRE,Real Estate,42.5099983215332
2022-09-08 13:30:00,XLRE,Real Estate,42.630001068115234
2022-09-09 13:30:00,XLRE,Real Estate,43.040000915527344
2022-09-12 13:30:00,XLRE,Real Estate,43.400001525878906
2022-09-13 13:30:00,XLRE,Real Estate,41.75
2022-09-14 13:30:00,XLRE,Real Estate,41.2400016784668
2022-09-15 13:30:00,XLRE,Real Estate,40.34000015258789
2022-09-16 13:30:00,XLRE,Real Estate,40.349998474121094
2022-09-19 13:30:00,XLRE,Real Estate,39.90999984741211
2022-09-20 13:30:00,XLRE,Real Estate,38.86000061035156
2022-09-21 13:30:00,XLRE,Real Estate,38.290000915527344
2022-09-22 13:30:00,XLRE,Real Estate,37.93000030517578
2022-09-23 13:30:00,XLRE,Real Estate,37.459999084472656
2022-09-26 13:30:00,XLRE,Real Estate,36.45000076293945
2022-09-27 13:30:00,XLRE,Real Estate,35.970001220703125
2022-09-28 13:30:00,XLRE,Real Estate,36.650001525878906
2022-09-29 13:30:00,XLRE,Real Estate,35.630001068115234
2022-09-30 13:30:00,XLRE,Real Estate,36.0099983215332
2022-10-03 13:30:00,XLRE,Real Estate,36.68000030517578
2022-10-04 13:30:00,XLRE,Real Estate,37.2599983215332
2022-10-05 13:30:00,XLRE,Real Estate,36.56999969482422
2022-10-06 13:30:00,XLRE,Real Estate,35.369998931884766
2022-10-07 13:30:00,XLRE,Real Estate,34.529998779296875
2022-10-10 13:30:00,XLRE,Real Estate,34.13999938964844
2022-10-11 13:30:00,XLRE,Real Estate,34.459999084472656
2022-10-12 13:30:00,XLRE,Real Estate,34.0
2022-10-13 13:30:00,XLRE,Real Estate,34.63999938964844
2022-10-14 13:30:00,XLRE,Real Estate,33.77000045776367
2022-10-17 13:30:00,XLRE,Real Estate,35.029998779296875
2022-10-18 13:30:00,XLRE,Real Estate,35.4900016784668
2022-10-19 13:30:00,XLRE,Real Estate,34.599998474121094
2022-10-20 13:30:00,XLRE,Real Estate,34.43000030517578
2022-10-21 13:30:00,XLRE,Real Estate,34.66999816894531
2022-10-24 13:30:00,XLRE,Real Estate,34.650001525878906
2022-10-25 13:30:00,XLRE,Real Estate,36.02000045776367
2022-10-26 13:30:00,XLRE,Real Estate,35.95000076293945
2022-10-27 13:30:00,XLRE,Real Estate,35.970001220703125
2022-10-28 13:30:00,XLRE,Real Estate,36.81999969482422
2022-10-31 13:30:00,XLRE,Real Estate,36.72999954223633
2022-11-01 13:30:00,XLRE,Real Estate,36.66999816894531
2022-11-02 13:30:00,XLRE,Real Estate,35.709999084472656
2022-11-03 13:30:00,XLRE,Real Estate,35.689998626708984
2022-11-04 13:30:00,XLRE,Real Estate,36.189998626708984
2022-11-07 14:30:00,XLRE,Real Estate,36.18000030517578
2022-11-08 14:30:00,XLRE,Real Estate,36.400001525878906
2022-11-09 14:30:00,XLRE,Real Estate,36.0
2022-11-10 14:30:00,XLRE,Real Estate,38.7599983215332
2022-11-11 14:30:00,XLRE,Real Estate,38.7400016784668
2022-11-14 14:30:00,XLRE,Real Estate,37.709999084472656
2022-11-15 14:30:00,XLRE,Real Estate,38.18000030517578
2022-11-16 14:30:00,XLRE,Real Estate,37.90999984741211
2022-11-17 14:30:00,XLRE,Real Estate,37.56999969482422
2022-11-18 14:30:00,XLRE,Real Estate,38.04999923706055
2022-11-21 14:30:00,XLRE,Real Estate,38.31999969482422
2022-11-22 14:30:00,XLRE,Real Estate,38.5099983215332
2022-11-23 14:30:00,XLRE,Real Estate,38.56999969482422
2022-11-25 14:30:00,XLRE,Real Estate,38.79999923706055
2022-11-28 14:30:00,XLRE,Real Estate,37.709999084472656
2022-11-29 14:30:00,XLRE,Real Estate,38.34000015258789
2022-11-30 14:30:00,XLRE,Real Estate,39.2400016784668
2022-12-01 14:30:00,XLRE,Real Estate,39.15999984741211
2022-12-02 14:30:00,XLRE,Real Estate,38.970001220703125
2022-12-05 14:30:00,XLRE,Real Estate,38.310001373291016
2022-12-06 14:30:00,XLRE,Real Estate,38.02000045776367
2022-12-07 14:30:00,XLRE,Real Estate,38.099998474121094
2022-12-08 14:30:00,XLRE,Real Estate,38.380001068115234
2022-12-09 14:30:00,XLRE,Real Estate,38.29999923706055
2022-12-12 14:30:00,XLRE,Real Estate,38.619998931884766
2022-12-13 14:30:00,XLRE,Real Estate,39.470001220703125
2022-12-14 14:30:00,XLRE,Real Estate,39.09000015258789
2022-12-15 14:30:00,XLRE,Real Estate,38.63999938964844
2022-12-16 14:30:00,XLRE,Real Estate,37.5
2022-12-19 14:30:00,XLRE,Real Estate,36.63999938964844
2022-12-20 14:30:00,XLRE,Real Estate,36.560001373291016
2022-12-21 14:30:00,XLRE,Real Estate,36.93000030517578
2022-12-22 14:30:00,XLRE,Real Estate,36.75
2022-12-23 14:30:00,XLRE,Real Estate,37.08000183105469
2022-12-27 14:30:00,XLRE,Real Estate,37.04999923706055
2022-12-28 14:30:00,XLRE,Real Estate,36.459999084472656
2022-12-29 14:30:00,XLRE,Real Estate,37.27000045776367
2022-12-30 14:30:00,XLRE,Real Estate,36.93000030517578
2023-01-03 14:30:00,XLRE,Real Estate,37.06999969482422
2023-01-04 14:30:00,XLRE,Real Estate,37.91999816894531
2023-01-05 14:30:00,XLRE,Real Estate,36.810001373291016
2023-01-06 14:30:00,XLRE,Real Estate,37.880001068115234
2023-01-09 14:30:00,XLRE,Real Estate,37.86000061035156
2023-01-10 14:30:00,XLRE,Real Estate,37.970001220703125
2023-01-11 14:30:00,XLRE,Real Estate,39.349998474121094
2023-01-12 14:30:00,XLRE,Real Estate,39.790000915527344
2023-01-13 14:30:00,XLRE,Real Estate,39.560001373291016
2023-01-17 14:30:00,XLRE,Real Estate,39.56999969482422
2023-01-18 14:30:00,XLRE,Real Estate,38.959999084472656
2023-01-19 14:30:00,XLRE,Real Estate,38.77000045776367
2023-01-20 14:30:00,XLRE,Real Estate,39.220001220703125
2023-01-23 14:30:00,XLRE,Real Estate,39.33000183105469
2023-01-24 14:30:00,XLRE,Real Estate,39.5
2023-01-25 14:30:00,XLRE,Real Estate,39.540000915527344
2023-01-26 14:30:00,XLRE,Real Estate,39.9900016784668
2023-01-27 14:30:00,XLRE,Real Estate,40.349998474121094
2023-01-30 14:30:00,XLRE,Real Estate,39.86000061035156
2023-01-31 14:30:00,XLRE,Real Estate,40.59000015258789
2023-02-01 14:30:00,XLRE,Real Estate,40.88999938964844
2023-02-02 14:30:00,XLRE,Real Estate,41.83000183105469
2023-02-03 14:30:00,XLRE,Real Estate,40.959999084472656
2023-02-06 14:30:00,XLRE,Real Estate,40.70000076293945
2023-02-07 14:30:00,XLRE,Real Estate,40.540000915527344
2023-02-08 14:30:00,XLRE,Real Estate,40.43000030517578
2023-02-09 14:30:00,XLRE,Real Estate,40.040000915527344
2023-02-10 14:30:00,XLRE,Real Estate,40.119998931884766
2023-02-13 14:30:00,XLRE,Real Estate,40.4900016784668
2023-02-14 14:30:00,XLRE,Real Estate,40.06999969482422
2023-02-15 14:30:00,XLRE,Real Estate,40.18000030517578
2023-02-16 14:30:00,XLRE,Real Estate,39.810001373291016
2023-02-17 14:30:00,XLRE,Real Estate,39.61000061035156
2023-02-21 14:30:00,XLRE,Real Estate,38.83000183105469
2023-02-22 14:30:00,XLRE,Real Estate,38.47999954223633
2023-02-23 14:30:00,XLRE,Real Estate,38.849998474121094
2023-02-24 14:30:00,XLRE,Real Estate,38.130001068115234
2023-02-27 14:30:00,XLRE,Real Estate,38.189998626708984
2023-02-28 14:30:00,XLRE,Real Estate,38.209999084472656
2023-03-01 14:30:00,XLRE,Real Estate,37.619998931884766
2023-03-02 14:30:00,XLRE,Real Estate,38.11000061035156
2023-03-03 14:30:00,XLRE,Real Estate,38.75
2023-03-06 14:30:00,XLRE,Real Estate,38.599998474121094
2023-03-07 14:30:00,XLRE,Real Estate,37.630001068115234
2023-03-08 14:30:00,XLRE,Real Estate,38.15999984741211
2023-03-09 14:30:00,XLRE,Real Estate,37.290000915527344
2023-03-10 14:30:00,XLRE,Real Estate,36.099998474121094
2023-03-13 13:30:00,XLRE,Real Estate,36.68000030517578
2023-03-14 13:30:00,XLRE,Real Estate,37.060001373291016
2023-03-15 13:30:00,XLRE,Real Estate,37.08000183105469
2023-03-16 13:30:00,XLRE,Real Estate,37.08000183105469
2023-03-17 13:30:00,XLRE,Real Estate,36.22999954223633
2023-03-20 13:30:00,XLRE,Real Estate,36.36000061035156
2023-03-21 13:30:00,XLRE,Real Estate,36.150001525878906
2023-03-22 13:30:00,XLRE,Real Estate,34.83000183105469
2023-03-23 13:30:00,XLRE,Real Estate,34.619998931884766
2023-03-24 13:30:00,XLRE,Real Estate,35.5099983215332
2023-03-27 13:30:00,XLRE,Real Estate,35.38999938964844
2023-03-28 13:30:00,XLRE,Real Estate,35.27000045776367
2023-03-29 13:30:00,XLRE,Real Estate,36.11000061035156
2023-03-30 13:30:00,XLRE,Real Estate,36.58000183105469
2023-03-31 13:30:00,XLRE,Real Estate,37.380001068115234
2023-04-03 13:30:00,XLRE,Real Estate,37.029998779296875
2023-04-04 13:30:00,XLRE,Real Estate,37.040000915527344
2023-04-05 13:30:00,XLRE,Real Estate,36.849998474121094
2023-04-06 13:30:00,XLRE,Real Estate,37.099998474121094
2023-04-10 13:30:00,XLRE,Real Estate,37.290000915527344
2023-04-11 13:30:00,XLRE,Real Estate,37.470001220703125
2023-04-12 13:30:00,XLRE,Real Estate,37.36000061035156
2023-04-13 13:30:00,XLRE,Real Estate,37.2400016784668
2023-04-14 13:30:00,XLRE,Real Estate,36.599998474121094
2023-04-17 13:30:00,XLRE,Real Estate,37.43000030517578
2023-04-18 13:30:00,XLRE,Real Estate,37.369998931884766
2023-04-19 13:30:00,XLRE,Real Estate,37.59000015258789
2023-04-20 13:30:00,XLRE,Real Estate,37.13999938964844
2023-04-21 13:30:00,XLRE,Real Estate,37.18000030517578
2023-04-24 13:30:00,XLRE,Real Estate,37.08000183105469
2023-04-25 13:30:00,XLRE,Real Estate,36.7400016784668
2023-04-26 13:30:00,XLRE,Real Estate,36.439998626708984
2023-04-27 13:30:00,XLRE,Real Estate,37.31999969482422
2023-04-28 13:30:00,XLRE,Real Estate,37.75
2023-05-01 13:30:00,XLRE,Real Estate,37.400001525878906
2023-05-02 13:30:00,XLRE,Real Estate,36.7599983215332
2023-05-03 13:30:00,XLRE,Real Estate,36.529998779296875
2023-05-04 13:30:00,XLRE,Real Estate,36.869998931884766
2023-05-05 13:30:00,XLRE,Real Estate,37.439998626708984
2023-05-08 13:30:00,XLRE,Real Estate,37.18000030517578
2023-05-09 13:30:00,XLRE,Real Estate,37.060001373291016
2023-05-10 13:30:00,XLRE,Real Estate,37.40999984741211
2023-05-11 13:30:00,XLRE,Real Estate,37.02000045776367
2023-05-12 13:30:00,XLRE,Real Estate,37.09000015258789
2023-05-15 13:30:00,XLRE,Real Estate,37.02000045776367
2023-05-16 13:30:00,XLRE,Real Estate,36.029998779296875
2023-05-17 13:30:00,XLRE,Real Estate,36.5
2023-05-18 13:30:00,XLRE,Real Estate,36.27000045776367
2023-05-19 13:30:00,XLRE,Real Estate,36.209999084472656
2023-05-22 13:30:00,XLRE,Real Estate,36.45000076293945
2023-05-23 13:30:00,XLRE,Real Estate,36.0
2023-05-24 13:30:00,XLRE,Real Estate,35.209999084472656
2023-05-25 13:30:00,XLRE,Real Estate,35.290000915527344
2023-05-26 13:30:00,XLRE,Real Estate,35.70000076293945
2023-05-30 13:30:00,XLRE,Real Estate,35.810001373291016
2023-05-31 13:30:00,XLRE,Real Estate,36.040000915527344
2023-06-01 13:30:00,XLRE,Real Estate,36.04999923706055
2023-06-02 13:30:00,XLRE,Real Estate,36.810001373291016
2023-06-05 13:30:00,XLRE,Real Estate,36.63999938964844
2023-06-06 13:30:00,XLRE,Real Estate,36.86000061035156
2023-06-07 13:30:00,XLRE,Real Estate,37.540000915527344
2023-06-08 13:30:00,XLRE,Real Estate,37.310001373291016
2023-06-09 13:30:00,XLRE,Real Estate,37.119998931884766
2023-06-12 13:30:00,XLRE,Real Estate,37.099998474121094
2023-06-13 13:30:00,XLRE,Real Estate,37.369998931884766
2023-06-14 13:30:00,XLRE,Real Estate,37.56999969482422
2023-06-15 13:30:00,XLRE,Real Estate,37.72999954223633
2023-06-16 13:30:00,XLRE,Real Estate,37.689998626708984
2023-06-20 13:30:00,XLRE,Real Estate,36.93000030517578
2023-06-21 13:30:00,XLRE,Real Estate,36.77000045776367
2023-06-22 13:30:00,XLRE,Real Estate,36.25
2023-06-23 13:30:00,XLRE,Real Estate,35.86000061035156
2023-06-26 13:30:00,XLRE,Real Estate,36.65999984741211
2023-06-27 13:30:00,XLRE,Real Estate,37.060001373291016
2023-06-28 13:30:00,XLRE,Real Estate,37.15999984741211
2023-06-29 13:30:00,XLRE,Real Estate,37.5
2023-06-30 13:30:00,XLRE,Real Estate,37.689998626708984
2023-07-03 13:30:00,XLRE,Real Estate,37.9900016784668
2023-07-05 13:30:00,XLRE,Real Estate,38.18000030517578
2023-07-06 13:30:00,XLRE,Real Estate,37.970001220703125
2023-07-07 13:30:00,XLRE,Real Estate,37.790000915527344
2023-07-10 13:30:00,XLRE,Real Estate,37.91999816894531
2023-07-11 13:30:00,XLRE,Real Estate,38.349998474121094
2023-07-12 13:30:00,XLRE,Real Estate,38.529998779296875
2023-07-13 13:30:00,XLRE,Real Estate,38.790000915527344
2023-07-14 13:30:00,XLRE,Real Estate,38.790000915527344
2023-07-17 13:30:00,XLRE,Real Estate,38.459999084472656
2023-07-18 13:30:00,XLRE,Real Estate,38.13999938964844
2023-07-19 13:30:00,XLRE,Real Estate,38.560001373291016
2023-07-20 13:30:00,XLRE,Real Estate,38.43000030517578
2023-07-21 13:30:00,XLRE,Real Estate,38.599998474121094
2023-07-24 13:30:00,XLRE,Real Estate,38.970001220703125
2023-07-25 13:30:00,XLRE,Real Estate,38.68000030517578
2023-07-26 13:30:00,XLRE,Real Estate,38.81999969482422
2023-07-27 13:30:00,XLRE,Real Estate,38.0
2023-07-28 13:30:00,XLRE,Real Estate,37.88999938964844
2023-07-31 13:30:00,XLRE,Real Estate,38.189998626708984
2023-08-01 13:30:00,XLRE,Real Estate,38.119998931884766
2023-08-02 13:30:00,XLRE,Real Estate,37.959999084472656
2023-08-03 13:30:00,XLRE,Real Estate,37.439998626708984
2023-08-04 13:30:00,XLRE,Real Estate,37.06999969482422
2023-08-07 13:30:00,XLRE,Real Estate,37.540000915527344
2023-08-08 13:30:00,XLRE,Real Estate,37.349998474121094
2023-08-09 13:30:00,XLRE,Real Estate,37.439998626708984
2023-08-10 13:30:00,XLRE,Real Estate,37.31999969482422
2023-08-11 13:30:00,XLRE,Real Estate,37.38999938964844
2023-08-14 13:30:00,XLRE,Real Estate,37.189998626708984
2023-08-15 13:30:00,XLRE,Real Estate,36.810001373291016
2023-08-16 13:30:00,XLRE,Real Estate,36.36000061035156
2023-08-17 13:30:00,XLRE,Real Estate,36.09000015258789
2023-08-18 13:30:00,XLRE,Real Estate,36.189998626708984
2023-08-21 13:30:00,XLRE,Real Estate,35.880001068115234
2023-08-22 13:30:00,XLRE,Real Estate,35.9900016784668
2023-08-23 13:30:00,XLRE,Real Estate,36.52000045776367
2023-08-24 13:30:00,XLRE,Real Estate,36.349998474121094
2023-08-25 13:30:00,XLRE,Real Estate,36.45000076293945
2023-08-28 13:30:00,XLRE,Real Estate,36.7400016784668
2023-08-29 13:30:00,XLRE,Real Estate,37.15999984741211
2023-08-30 13:30:00,XLRE,Real Estate,37.290000915527344
2023-08-31 13:30:00,XLRE,Real Estate,37.02000045776367
2023-09-01 13:30:00,XLRE,Real Estate,37.0
2023-09-05 13:30:00,XLRE,Real Estate,36.630001068115234
2023-09-06 13:30:00,XLRE,Real Estate,36.560001373291016
2023-09-07 13:30:00,XLRE,Real Estate,36.86000061035156
2023-09-08 13:30:00,XLRE,Real Estate,36.619998931884766
2023-09-11 13:30:00,XLRE,Real Estate,36.63999938964844
2023-09-12 13:30:00,XLRE,Real Estate,36.63999938964844
2023-09-13 13:30:00,XLRE,Real Estate,36.27000045776367
2023-09-14 13:30:00,XLRE,Real Estate,36.93000030517578
2023-09-15 13:30:00,XLRE,Real Estate,36.790000915527344
2023-09-18 13:30:00,XLRE,Real Estate,36.18000030517578
2023-09-19 13:30:00,XLRE,Real Estate,35.9900016784668
2023-09-20 13:30:00,XLRE,Real Estate,36.060001373291016
2023-09-21 13:30:00,XLRE,Real Estate,34.810001373291016
2023-09-22 13:30:00,XLRE,Real Estate,34.56999969482422
2023-09-25 13:30:00,XLRE,Real Estate,34.5099983215332
2023-09-26 13:30:00,XLRE,Real Estate,33.900001525878906
2023-09-27 13:30:00,XLRE,Real Estate,33.599998474121094
2023-09-28 13:30:00,XLRE,Real Estate,33.95000076293945
2023-09-29 13:30:00,XLRE,Real Estate,34.06999969482422
2023-10-02 13:30:00,XLRE,Real Estate,33.45000076293945
2023-10-03 13:30:00,XLRE,Real Estate,32.84000015258789
2023-10-04 13:30:00,XLRE,Real Estate,33.189998626708984
2023-10-05 13:30:00,XLRE,Real Estate,33.43000030517578
2023-10-06 13:30:00,XLRE,Real Estate,33.560001373291016
2023-10-09 13:30:00,XLRE,Real Estate,34.0
2023-10-10 13:30:00,XLRE,Real Estate,34.119998931884766
2023-10-11 13:30:00,XLRE,Real Estate,34.810001373291016
2023-10-12 13:30:00,XLRE,Real Estate,34.349998474121094
2023-10-13 13:30:00,XLRE,Real Estate,34.34000015258789
2023-10-16 13:30:00,XLRE,Real Estate,34.689998626708984
2023-10-17 13:30:00,XLRE,Real Estate,34.5099983215332
2023-10-18 13:30:00,XLRE,Real Estate,33.75
2023-10-19 13:30:00,XLRE,Real Estate,32.91999816894531
2023-10-20 13:30:00,XLRE,Real Estate,32.75
2023-10-23 13:30:00,XLRE,Real Estate,32.470001220703125
2023-10-24 13:30:00,XLRE,Real Estate,32.880001068115234
2023-10-25 13:30:00,XLRE,Real Estate,32.189998626708984
2023-10-26 13:30:00,XLRE,Real Estate,32.869998931884766
2023-10-27 13:30:00,XLRE,Real Estate,32.349998474121094
2023-10-30 13:30:00,XLRE,Real Estate,32.45000076293945
2023-10-31 13:30:00,XLRE,Real Estate,33.099998474121094
2023-11-01 13:30:00,XLRE,Real Estate,33.27000045776367
2023-11-02 13:30:00,XLRE,Real Estate,34.29999923706055
2023-11-03 13:30:00,XLRE,Real Estate,35.11000061035156
2023-11-06 14:30:00,XLRE,Real Estate,34.630001068115234
2023-11-07 14:30:00,XLRE,Real Estate,34.34000015258789
2023-11-08 14:30:00,XLRE,Real Estate,34.540000915527344
2023-11-09 14:30:00,XLRE,Real Estate,34.0099983215332
2023-11-10 14:30:00,XLRE,Real Estate,34.38999938964844
2023-11-13 14:30:00,XLRE,Real Estate,34.099998474121094
2023-11-14 14:30:00,XLRE,Real Estate,35.939998626708984
2023-11-15 14:30:00,XLRE,Real Estate,36.02000045776367
2023-11-16 14:30:00,XLRE,Real Estate,36.0099983215332
2023-11-17 14:30:00,XLRE,Real Estate,35.970001220703125
2023-11-20 14:30:00,XLRE,Real Estate,36.25
2023-11-21 14:30:00,XLRE,Real Estate,36.06999969482422
2023-11-22 14:30:00,XLRE,Real Estate,36.18000030517578
2023-11-24 14:30:00,XLRE,Real Estate,36.31999969482422
2023-11-27 14:30:00,XLRE,Real Estate,36.45000076293945
2023-11-28 14:30:00,XLRE,Real Estate,36.650001525878906
2023-11-29 14:30:00,XLRE,Real Estate,36.93000030517578
2023-11-30 14:30:00,XLRE,Real Estate,37.22999954223633
2023-12-01 14:30:00,XLRE,Real Estate,38.0099983215332
2023-12-04 14:30:00,XLRE,Real Estate,38.220001220703125
2023-12-05 14:30:00,XLRE,Real Estate,38.060001373291016
2023-12-06 14:30:00,XLRE,Real Estate,37.93000030517578
2023-12-07 14:30:00,XLRE,Real Estate,37.97999954223633
2023-12-08 14:30:00,XLRE,Real Estate,37.900001525878906
2023-12-11 14:30:00,XLRE,Real Estate,38.029998779296875
2023-12-12 14:30:00,XLRE,Real Estate,38.02000045776367
2023-12-13 14:30:00,XLRE,Real Estate,39.400001525878906
2023-12-14 14:30:00,XLRE,Real Estate,40.4900016784668
2023-12-15 14:30:00,XLRE,Real Estate,40.0
2023-12-18 14:30:00,XLRE,Real Estate,39.470001220703125
2023-12-19 14:30:00,XLRE,Real Estate,39.7400016784668
2023-12-20 14:30:00,XLRE,Real Estate,39.2400016784668
2023-12-21 14:30:00,XLRE,Real Estate,39.56999969482422
2023-12-22 14:30:00,XLRE,Real Estate,39.72999954223633
2023-12-26 14:30:00,XLRE,Real Estate,40.02000045776367
2023-12-27 14:30:00,XLRE,Real Estate,40.25
2023-12-28 14:30:00,XLRE,Real Estate,40.5
2023-12-29 14:30:00,XLRE,Real Estate,40.060001373291016
2024-01-02 14:30:00,XLRE,Real Estate,40.43000030517578
2024-01-03 14:30:00,XLRE,Real Estate,39.470001220703125
2024-01-04 14:30:00,XLRE,Real Estate,39.369998931884766
2024-01-05 14:30:00,XLRE,Real Estate,39.290000915527344
2024-01-08 14:30:00,XLRE,Real Estate,39.83000183105469
2024-01-09 14:30:00,XLRE,Real Estate,39.54999923706055
2024-01-10 14:30:00,XLRE,Real Estate,39.61000061035156
2024-01-11 14:30:00,XLRE,Real Estate,39.2400016784668
2024-01-12 14:30:00,XLRE,Real Estate,39.540000915527344
2024-01-16 14:30:00,XLRE,Real Estate,39.29999923706055
2024-01-17 14:30:00,XLRE,Real Estate,38.58000183105469
2024-01-18 14:30:00,XLRE,Real Estate,38.33000183105469
2024-01-19 14:30:00,XLRE,Real Estate,38.70000076293945
2024-01-22 14:30:00,XLRE,Real Estate,38.880001068115234
2024-01-23 14:30:00,XLRE,Real Estate,38.66999816894531
2024-01-24 14:30:00,XLRE,Real Estate,38.13999938964844
2024-01-25 14:30:00,XLRE,Real Estate,38.65999984741211
2024-01-26 14:30:00,XLRE,Real Estate,38.4900016784668
2024-01-29 14:30:00,XLRE,Real Estate,38.77000045776367
2024-01-30 14:30:00,XLRE,Real Estate,38.40999984741211
2024-01-31 14:30:00,XLRE,Real Estate,38.130001068115234
2024-02-01 14:30:00,XLRE,Real Estate,38.79999923706055
2024-02-02 14:30:00,XLRE,Real Estate,38.310001373291016
2024-02-05 14:30:00,XLRE,Real Estate,37.54999923706055
2024-02-06 14:30:00,XLRE,Real Estate,38.119998931884766
2024-02-07 14:30:00,XLRE,Real Estate,38.099998474121094
2024-02-08 14:30:00,XLRE,Real Estate,38.310001373291016
2024-02-09 14:30:00,XLRE,Real Estate,38.40999984741211
2024-02-12 14:30:00,XLRE,Real Estate,38.290000915527344
2024-02-13 14:30:00,XLRE,Real Estate,37.59000015258789
2024-02-14 14:30:00,XLRE,Real Estate,37.84000015258789
2024-02-15 14:30:00,XLRE,Real Estate,38.75
2024-02-16 14:30:00,XLRE,Real Estate,38.349998474121094
2024-02-20 14:30:00,XLRE,Real Estate,38.290000915527344
2024-02-21 14:30:00,XLRE,Real Estate,38.56999969482422
2024-02-22 14:30:00,XLRE,Real Estate,38.66999816894531
2024-02-23 14:30:00,XLRE,Real Estate,38.720001220703125
2024-02-26 14:30:00,XLRE,Real Estate,38.279998779296875
2024-02-27 14:30:00,XLRE,Real Estate,38.310001373291016
2024-02-28 14:30:00,XLRE,Real Estate,38.79999923706055
2024-02-29 14:30:00,XLRE,Real Estate,39.11000061035156
2024-03-01 14:30:00,XLRE,Real Estate,39.540000915527344
2024-03-04 14:30:00,XLRE,Real Estate,39.9900016784668
2024-03-05 14:30:00,XLRE,Real Estate,39.47999954223633
2024-03-06 14:30:00,XLRE,Real Estate,39.70000076293945
2024-03-07 14:30:00,XLRE,Real Estate,39.70000076293945
2024-03-08 14:30:00,XLRE,Real Estate,40.16999816894531
2024-03-11 13:30:00,XLRE,Real Estate,39.970001220703125
2024-03-12 13:30:00,XLRE,Real Estate,39.869998931884766
2024-03-13 13:30:00,XLRE,Real Estate,39.619998931884766
2024-03-14 13:30:00,XLRE,Real Estate,39.060001373291016
2024-03-15 13:30:00,XLRE,Real Estate,39.040000915527344
2024-03-18 13:30:00,XLRE,Real Estate,38.77000045776367
2024-03-19 13:30:00,XLRE,Real Estate,38.77000045776367
2024-03-20 13:30:00,XLRE,Real Estate,38.93000030517578
2024-03-21 13:30:00,XLRE,Real Estate,39.08000183105469
2024-03-22 13:30:00,XLRE,Real Estate,38.619998931884766
2024-03-25 13:30:00,XLRE,Real Estate,38.470001220703125
2024-03-26 13:30:00,XLRE,Real Estate,38.310001373291016
2024-03-27 13:30:00,XLRE,Real Estate,39.279998779296875
2024-03-28 13:30:00,XLRE,Real Estate,39.529998779296875
2024-04-01 13:30:00,XLRE,Real Estate,38.84000015258789
2024-04-02 13:30:00,XLRE,Real Estate,38.40999984741211
2024-04-03 13:30:00,XLRE,Real Estate,38.43000030517578
2024-04-04 13:30:00,XLRE,Real Estate,38.130001068115234
2024-04-05 13:30:00,XLRE,Real Estate,38.380001068115234
2024-04-08 13:30:00,XLRE,Real Estate,38.709999084472656
2024-04-09 13:30:00,XLRE,Real Estate,39.20000076293945
2024-04-10 13:30:00,XLRE,Real Estate,37.59000015258789
2024-04-11 13:30:00,XLRE,Real Estate,37.630001068115234
2024-04-12 13:30:00,XLRE,Real Estate,37.2400016784668
2024-04-15 13:30:00,XLRE,Real Estate,36.59000015258789
2024-04-16 13:30:00,XLRE,Real Estate,36.029998779296875
2024-04-17 13:30:00,XLRE,Real Estate,35.72999954223633
2024-04-18 13:30:00,XLRE,Real Estate,35.7400016784668
2024-04-19 13:30:00,XLRE,Real Estate,35.880001068115234
2024-04-22 13:30:00,XLRE,Real Estate,36.16999816894531
2024-04-23 13:30:00,XLRE,Real Estate,36.5
2024-04-24 13:30:00,XLRE,Real Estate,36.63999938964844
2024-04-25 13:30:00,XLRE,Real Estate,36.43000030517578
2024-04-26 13:30:00,XLRE,Real Estate,36.459999084472656
2024-04-29 13:30:00,XLRE,Real Estate,36.869998931884766
2024-04-30 13:30:00,XLRE,Real Estate,36.189998626708984
2024-05-01 13:30:00,XLRE,Real Estate,36.209999084472656
2024-05-02 13:30:00,XLRE,Real Estate,36.72999954223633
2024-05-03 13:30:00,XLRE,Real Estate,37.02000045776367
2024-05-06 13:30:00,XLRE,Real Estate,37.029998779296875
2024-05-07 13:30:00,XLRE,Real Estate,37.41999816894531
2024-05-08 13:30:00,XLRE,Real Estate,37.06999969482422
2024-05-09 13:30:00,XLRE,Real Estate,37.95000076293945
2024-05-10 13:30:00,XLRE,Real Estate,37.810001373291016
2024-05-13 13:30:00,XLRE,Real Estate,37.90999984741211
2024-05-14 13:30:00,XLRE,Real Estate,38.18000030517578
2024-05-15 13:30:00,XLRE,Real Estate,38.83000183105469
2024-05-16 13:30:00,XLRE,Real Estate,38.7599983215332
2024-05-17 13:30:00,XLRE,Real Estate,38.7599983215332
2024-05-20 13:30:00,XLRE,Real Estate,38.52000045776367
2024-05-21 13:30:00,XLRE,Real Estate,38.4900016784668
2024-05-22 13:30:00,XLRE,Real Estate,38.15999984741211
2024-05-23 13:30:00,XLRE,Real Estate,37.349998474121094
2024-05-24 13:30:00,XLRE,Real Estate,37.349998474121094
2024-05-28 13:30:00,XLRE,Real Estate,37.130001068115234
2024-05-29 13:30:00,XLRE,Real Estate,36.779998779296875
2024-05-30 13:30:00,XLRE,Real Estate,37.310001373291016
2024-05-31 13:30:00,XLRE,Real Estate,38.04999923706055
2024-06-03 13:30:00,XLRE,Real Estate,37.900001525878906
2024-06-04 13:30:00,XLRE,Real Estate,38.2599983215332
2024-06-05 13:30:00,XLRE,Real Estate,38.209999084472656
2024-06-06 13:30:00,XLRE,Real Estate,38.27000045776367
2024-06-07 13:30:00,XLRE,Real Estate,37.970001220703125
2024-06-10 13:30:00,XLRE,Real Estate,38.15999984741211
2024-06-11 13:30:00,XLRE,Real Estate,38.040000915527344
2024-06-12 13:30:00,XLRE,Real Estate,38.310001373291016
2024-06-13 13:30:00,XLRE,Real Estate,38.5
2024-06-14 13:30:00,XLRE,Real Estate,38.529998779296875
2024-06-17 13:30:00,XLRE,Real Estate,38.33000183105469
2024-06-18 13:30:00,XLRE,Real Estate,38.47999954223633
2024-06-20 13:30:00,XLRE,Real Estate,38.380001068115234
2024-06-21 13:30:00,XLRE,Real Estate,38.47999954223633
2024-06-24 13:30:00,XLRE,Real Estate,38.349998474121094
2024-06-25 13:30:00,XLRE,Real Estate,37.810001373291016
2024-06-26 13:30:00,XLRE,Real Estate,37.7599983215332
2024-06-27 13:30:00,XLRE,Real Estate,38.099998474121094
2024-06-28 13:30:00,XLRE,Real Estate,38.40999984741211
2024-07-01 13:30:00,XLRE,Real Estate,38.040000915527344
2024-07-02 13:30:00,XLRE,Real Estate,38.20000076293945
2024-07-03 13:30:00,XLRE,Real Estate,38.15999984741211
2024-07-05 13:30:00,XLRE,Real Estate,38.29999923706055
2024-07-08 13:30:00,XLRE,Real Estate,38.38999938964844
2024-07-09 13:30:00,XLRE,Real Estate,38.400001525878906
2024-07-10 13:30:00,XLRE,Real Estate,38.66999816894531
2024-07-11 13:30:00,XLRE,Real Estate,39.70000076293945
2024-07-12 13:30:00,XLRE,Real Estate,39.9900016784668
2024-07-15 13:30:00,XLRE,Real Estate,40.15999984741211
2024-07-16 13:30:00,XLRE,Real Estate,40.540000915527344
2024-07-17 13:30:00,XLRE,Real Estate,40.900001525878906
2024-07-18 13:30:00,XLRE,Real Estate,40.560001373291016
2024-07-19 13:30:00,XLRE,Real Estate,40.5099983215332
2024-07-22 13:30:00,XLRE,Real Estate,40.90999984741211
2024-07-23 13:30:00,XLRE,Real Estate,40.84000015258789
2024-07-24 13:30:00,XLRE,Real Estate,40.279998779296875
2024-07-25 13:30:00,XLRE,Real Estate,40.060001373291016
2024-07-26 13:30:00,XLRE,Real Estate,40.72999954223633
2024-07-29 13:30:00,XLRE,Real Estate,40.9900016784668
2024-07-30 13:30:00,XLRE,Real Estate,41.290000915527344
2024-07-31 13:30:00,XLRE,Real Estate,41.189998626708984
2024-08-01 13:30:00,XLRE,Real Estate,41.83000183105469
2024-08-02 13:30:00,XLRE,Real Estate,41.86000061035156
2024-08-05 13:30:00,XLRE,Real Estate,40.650001525878906
2024-08-06 13:30:00,XLRE,Real Estate,41.54999923706055
2024-08-07 13:30:00,XLRE,Real Estate,41.25
2024-08-08 13:30:00,XLRE,Real Estate,41.599998474121094
2024-08-09 13:30:00,XLRE,Real Estate,41.810001373291016
2024-08-12 13:30:00,XLRE,Real Estate,41.560001373291016
2024-08-13 13:30:00,XLRE,Real Estate,41.849998474121094
2024-08-14 13:30:00,XLRE,Real Estate,42.0
2024-08-15 13:30:00,XLRE,Real Estate,41.880001068115234
2024-08-16 13:30:00,XLRE,Real Estate,41.86000061035156
2024-08-19 13:30:00,XLRE,Real Estate,42.11000061035156
2024-08-20 13:30:00,XLRE,Real Estate,42.150001525878906
2024-08-21 13:30:00,XLRE,Real Estate,42.290000915527344
2024-08-22 13:30:00,XLRE,Real Estate,42.54999923706055
2024-08-23 13:30:00,XLRE,Real Estate,43.369998931884766
2024-08-26 13:30:00,XLRE,Real Estate,43.34000015258789
2024-08-27 13:30:00,XLRE,Real Estate,43.45000076293945
2024-08-28 13:30:00,XLRE,Real Estate,43.29999923706055
2024-08-29 13:30:00,XLRE,Real Estate,43.130001068115234
2024-08-30 13:30:00,XLRE,Real Estate,43.54999923706055
2024-09-03 13:30:00,XLRE,Real Estate,43.650001525878906
2024-09-04 13:30:00,XLRE,Real Estate,43.75
2024-09-05 13:30:00,XLRE,Real Estate,43.630001068115234
2024-09-06 13:30:00,XLRE,Real Estate,43.630001068115234
2024-09-09 13:30:00,XLRE,Real Estate,44.150001525878906
2024-09-10 13:30:00,XLRE,Real Estate,44.93000030517578
2024-09-11 13:30:00,XLRE,Real Estate,44.810001373291016
2024-09-12 13:30:00,XLRE,Real Estate,44.88999938964844
2024-09-13 13:30:00,XLRE,Real Estate,45.209999084472656
2024-09-16 13:30:00,XLRE,Real Estate,45.36000061035156
2024-09-17 13:30:00,XLRE,Real Estate,45.0
2024-09-18 13:30:00,XLRE,Real Estate,44.869998931884766
2024-09-19 13:30:00,XLRE,Real Estate,44.7599983215332
2024-09-20 13:30:00,XLRE,Real Estate,44.68000030517578
2024-09-23 13:30:00,XLRE,Real Estate,44.86000061035156
2024-09-24 13:30:00,XLRE,Real Estate,44.86000061035156
2024-09-25 13:30:00,XLRE,Real Estate,44.66999816894531
2024-09-26 13:30:00,XLRE,Real Estate,44.22999954223633
2024-09-27 13:30:00,XLRE,Real Estate,44.290000915527344
2024-09-30 13:30:00,XLRE,Real Estate,44.66999816894531
2024-10-01 13:30:00,XLRE,Real Estate,44.400001525878906
2024-10-02 13:30:00,XLRE,Real Estate,44.2400016784668
2024-10-03 13:30:00,XLRE,Real Estate,43.810001373291016
2024-10-04 13:30:00,XLRE,Real Estate,43.52000045776367
2024-10-07 13:30:00,XLRE,Real Estate,43.20000076293945
2024-10-08 13:30:00,XLRE,Real Estate,43.33000183105469
2024-10-09 13:30:00,XLRE,Real Estate,43.349998474121094
2024-10-10 13:30:00,XLRE,Real Estate,42.9900016784668
2024-10-11 13:30:00,XLRE,Real Estate,43.43000030517578
2024-10-14 13:30:00,XLRE,Real Estate,43.72999954223633
2024-10-15 13:30:00,XLRE,Real Estate,44.279998779296875
2024-10-16 13:30:00,XLRE,Real Estate,44.720001220703125
2024-10-17 13:30:00,XLRE,Real Estate,44.43000030517578
2024-10-18 13:30:00,XLRE,Real Estate,44.7400016784668
2024-10-21 13:30:00,XLRE,Real Estate,43.81999969482422
2024-10-22 13:30:00,XLRE,Real Estate,43.88999938964844
2024-10-23 13:30:00,XLRE,Real Estate,44.31999969482422
2024-10-24 13:30:00,XLRE,Real Estate,44.41999816894531
2024-10-25 13:30:00,XLRE,Real Estate,44.06999969482422
2024-10-28 13:30:00,XLRE,Real Estate,44.209999084472656
2024-10-29 13:30:00,XLRE,Real Estate,43.810001373291016
2024-10-30 13:30:00,XLRE,Real Estate,43.970001220703125
2024-10-31 13:30:00,XLRE,Real Estate,43.20000076293945
2024-11-01 13:30:00,XLRE,Real Estate,42.7400016784668
2024-11-04 14:30:00,XLRE,Real Estate,43.220001220703125
2024-11-05 14:30:00,XLRE,Real Estate,43.810001373291016
2024-11-06 14:30:00,XLRE,Real Estate,42.63999938964844
2024-11-07 14:30:00,XLRE,Real Estate,43.16999816894531
2024-11-08 14:30:00,XLRE,Real Estate,43.90999984741211
2024-11-11 14:30:00,XLRE,Real Estate,43.529998779296875
2024-11-12 14:30:00,XLRE,Real Estate,42.97999954223633
2024-11-13 14:30:00,XLRE,Real Estate,43.31999969482422
2024-11-14 14:30:00,XLRE,Real Estate,42.93000030517578
2024-11-15 14:30:00,XLRE,Real Estate,42.97999954223633
2024-11-18 14:30:00,XLRE,Real Estate,43.36000061035156
2024-11-19 14:30:00,XLRE,Real Estate,43.540000915527344
2024-11-20 14:30:00,XLRE,Real Estate,43.470001220703125
2024-11-21 14:30:00,XLRE,Real Estate,43.7599983215332
2024-11-22 14:30:00,XLRE,Real Estate,44.09000015258789
2024-11-25 14:30:00,XLRE,Real Estate,44.68000030517578
2024-11-26 14:30:00,XLRE,Real Estate,44.900001525878906
2024-11-27 14:30:00,XLRE,Real Estate,45.209999084472656
2024-11-29 14:30:00,XLRE,Real Estate,45.0
2024-12-02 14:30:00,XLRE,Real Estate,44.31999969482422
2024-12-03 14:30:00,XLRE,Real Estate,44.060001373291016
2024-12-04 14:30:00,XLRE,Real Estate,43.939998626708984
2024-12-05 14:30:00,XLRE,Real Estate,43.83000183105469
2024-12-06 14:30:00,XLRE,Real Estate,43.77000045776367
2024-12-09 14:30:00,XLRE,Real Estate,43.86000061035156
2024-12-10 14:30:00,XLRE,Real Estate,43.150001525878906
2024-12-11 14:30:00,XLRE,Real Estate,43.040000915527344
2024-12-12 14:30:00,XLRE,Real Estate,43.0099983215332
2024-12-13 14:30:00,XLRE,Real Estate,42.83000183105469
2024-12-16 14:30:00,XLRE,Real Estate,42.61000061035156
2024-12-17 14:30:00,XLRE,Real Estate,42.41999816894531
2024-12-18 14:30:00,XLRE,Real Estate,40.7599983215332
2024-12-19 14:30:00,XLRE,Real Estate,40.060001373291016
2024-12-20 14:30:00,XLRE,Real Estate,40.790000915527344
2024-12-23 14:30:00,XLRE,Real Estate,40.540000915527344
2024-12-24 14:30:00,XLRE,Real Estate,40.810001373291016
2024-12-26 14:30:00,XLRE,Real Estate,40.869998931884766
2024-12-27 14:30:00,XLRE,Real Estate,40.540000915527344
2024-12-30 14:30:00,XLRE,Real Estate,40.349998474121094
2024-12-31 14:30:00,XLRE,Real Estate,40.66999816894531
2025-01-02 14:30:00,XLRE,Real Estate,40.290000915527344
2025-01-03 14:30:00,XLRE,Real Estate,40.84000015258789
2025-01-06 14:30:00,XLRE,Real Estate,40.279998779296875
2025-01-07 14:30:00,XLRE,Real Estate,39.97999954223633
2025-01-08 14:30:00,XLRE,Real Estate,40.150001525878906
2025-01-10 14:30:00,XLRE,Real Estate,39.18000030517578
2025-01-13 14:30:00,XLRE,Real Estate,39.68000030517578
2025-01-14 14:30:00,XLRE,Real Estate,40.02000045776367
2025-01-15 14:30:00,XLRE,Real Estate,40.189998626708984
2025-01-16 14:30:00,XLRE,Real Estate,41.09000015258789
2025-01-17 14:30:00,XLRE,Real Estate,41.08000183105469
2025-01-21 14:30:00,XLRE,Real Estate,41.83000183105469
2025-01-22 14:30:00,XLRE,Real Estate,41.099998474121094
2025-01-23 14:30:00,XLRE,Real Estate,41.43000030517578
2025-01-24 14:30:00,XLRE,Real Estate,41.54999923706055
2025-01-27 14:30:00,XLRE,Real Estate,41.959999084472656
2025-01-28 14:30:00,XLRE,Real Estate,41.45000076293945
2025-01-29 14:30:00,XLRE,Real Estate,40.970001220703125
2025-01-30 14:30:00,XLRE,Real Estate,41.5099983215332
2025-01-31 14:30:00,XLRE,Real Estate,41.41999816894531
2025-02-03 14:30:00,XLRE,Real Estate,41.349998474121094
2025-02-04 14:30:00,XLRE,Real Estate,41.349998474121094
2025-02-05 14:30:00,XLRE,Real Estate,42.0
2025-02-06 14:30:00,XLRE,Real Estate,42.119998931884766
2025-02-07 14:30:00,XLRE,Real Estate,41.970001220703125
2025-02-10 14:30:00,XLRE,Real Estate,42.029998779296875
2025-02-11 14:30:00,XLRE,Real Estate,42.2599983215332
2025-02-12 14:30:00,XLRE,Real Estate,41.900001525878906
2025-02-13 14:30:00,XLRE,Real Estate,42.22999954223633
2025-02-14 14:30:00,XLRE,Real Estate,42.060001373291016
2025-02-18 14:30:00,XLRE,Real Estate,42.209999084472656
2025-02-19 14:30:00,XLRE,Real Estate,42.290000915527344
2025-02-20 14:30:00,XLRE,Real Estate,42.58000183105469
2025-02-21 14:30:00,XLRE,Real Estate,42.22999954223633
2025-02-24 14:30:00,XLRE,Real Estate,42.41999816894531
2025-02-25 14:30:00,XLRE,Real Estate,42.869998931884766
2025-02-26 14:30:00,XLRE,Real Estate,42.65999984741211
2025-02-27 14:30:00,XLRE,Real Estate,42.849998474121094
2025-02-28 14:30:00,XLRE,Real Estate,43.150001525878906
2025-03-03 14:30:00,XLRE,Real Estate,43.52000045776367
2025-03-04 14:30:00,XLRE,Real Estate,43.02000045776367
2025-03-05 14:30:00,XLRE,Real Estate,43.41999816894531
2025-03-06 14:30:00,XLRE,Real Estate,42.22999954223633
2025-03-07 14:30:00,XLRE,Real Estate,42.470001220703125
2025-03-10 13:30:00,XLRE,Real Estate,42.060001373291016
2025-03-11 13:30:00,XLRE,Real Estate,41.619998931884766
2025-03-12 13:30:00,XLRE,Real Estate,41.470001220703125
2025-03-13 13:30:00,XLRE,Real Estate,40.65999984741211
2025-03-14 13:30:00,XLRE,Real Estate,41.45000076293945
2025-03-17 13:30:00,XLRE,Real Estate,42.18000030517578
2025-03-18 13:30:00,XLRE,Real Estate,41.91999816894531
2025-03-19 13:30:00,XLRE,Real Estate,41.970001220703125
2025-03-20 13:30:00,XLRE,Real Estate,41.91999816894531
2025-03-21 13:30:00,XLRE,Real Estate,41.5099983215332
2025-03-24 13:30:00,XLRE,Real Estate,41.81999969482422
2025-03-25 13:30:00,XLRE,Real Estate,41.31999969482422
2025-03-26 13:30:00,XLRE,Real Estate,41.529998779296875
2025-03-27 13:30:00,XLRE,Real Estate,41.43000030517578
2025-03-28 13:30:00,XLRE,Real Estate,41.40999984741211
2025-03-31 13:30:00,XLRE,Real Estate,41.849998474121094
2025-04-01 13:30:00,XLRE,Real Estate,41.880001068115234
2025-04-02 13:30:00,XLRE,Real Estate,42.08000183105469
2025-04-03 13:30:00,XLRE,Real Estate,40.81999969482422
2025-04-04 13:30:00,XLRE,Real Estate,38.959999084472656
2025-04-07 13:30:00,XLRE,Real Estate,38.02000045776367
2025-04-08 13:30:00,XLRE,Real Estate,37.08000183105469
2025-04-09 13:30:00,XLRE,Real Estate,39.209999084472656
2025-04-10 13:30:00,XLRE,Real Estate,38.380001068115234
2025-04-11 13:30:00,XLRE,Real Estate,38.91999816894531
2025-04-14 13:30:00,XLRE,Real Estate,39.779998779296875
2025-04-15 13:30:00,XLRE,Real Estate,39.84000015258789
2025-04-16 13:30:00,XLRE,Real Estate,39.81999969482422
2025-04-17 13:30:00,XLRE,Real Estate,40.45000076293945
2025-04-21 13:30:00,XLRE,Real Estate,39.61000061035156
2025-04-22 13:30:00,XLRE,Real Estate,40.41999816894531
2025-04-23 13:30:00,XLRE,Real Estate,40.470001220703125
2025-04-24 13:30:00,XLRE,Real Estate,40.59000015258789
2025-04-25 13:30:00,XLRE,Real Estate,40.529998779296875
2025-04-28 13:30:00,XLRE,Real Estate,40.779998779296875
2025-04-29 13:30:00,XLRE,Real Estate,41.11000061035156
2025-04-30 13:30:00,XLRE,Real Estate,41.29999923706055
2025-05-01 13:30:00,XLRE,Real Estate,41.41999816894531
2025-05-02 13:30:00,XLRE,Real Estate,41.93000030517578
2025-05-05 13:30:00,XLRE,Real Estate,41.880001068115234
2025-05-06 13:30:00,XLRE,Real Estate,41.59000015258789
2025-05-07 13:30:00,XLRE,Real Estate,41.560001373291016
2025-05-08 13:30:00,XLRE,Real Estate,41.36000061035156
2025-05-09 13:30:00,XLRE,Real Estate,41.61000061035156
2025-05-12 13:30:00,XLRE,Real Estate,41.650001525878906
2025-05-13 13:30:00,XLRE,Real Estate,41.09000015258789
2025-05-14 13:30:00,XLRE,Real Estate,40.7400016784668
2025-05-15 13:30:00,XLRE,Real Estate,41.4900016784668
2025-05-16 13:30:00,XLRE,Real Estate,42.0099983215332
2025-05-19 13:30:00,XLRE,Real Estate,42.099998474121094
2025-05-20 13:30:00,XLRE,Real Estate,41.880001068115234
2025-05-21 13:30:00,XLRE,Real Estate,40.77000045776367
2025-05-22 13:30:00,XLRE,Real Estate,40.630001068115234
2025-05-23 13:30:00,XLRE,Real Estate,40.63999938964844
2025-05-27 13:30:00,XLRE,Real Estate,41.310001373291016
2025-05-28 13:30:00,XLRE,Real Estate,41.310001373291016
2025-05-29 13:30:00,XLRE,Real Estate,41.689998626708984
2025-05-30 13:30:00,XLRE,Real Estate,41.72999954223633
2025-06-02 13:30:00,XLRE,Real Estate,41.790000915527344
2025-06-03 13:30:00,XLRE,Real Estate,41.63999938964844
2025-06-04 13:30:00,XLRE,Real Estate,41.77000045776367
2025-06-05 13:30:00,XLRE,Real Estate,41.7599983215332
2025-06-06 13:30:00,XLRE,Real Estate,41.880001068115234
2025-06-09 13:30:00,XLRE,Real Estate,41.86000061035156
2025-06-10 13:30:00,XLRE,Real Estate,42.22999954223633
2025-06-11 13:30:00,XLRE,Real Estate,42.0
2025-06-12 13:30:00,XLRE,Real Estate,42.22999954223633
2025-06-13 13:30:00,XLRE,Real Estate,41.88999938964844
2025-06-16 13:30:00,XLRE,Real Estate,41.93000030517578
2025-06-17 13:30:00,XLRE,Real Estate,41.7599983215332
2025-06-18 13:30:00,XLRE,Real Estate,41.84000015258789
2025-06-20 13:30:00,XLRE,Real Estate,41.83000183105469
2025-06-23 13:30:00,XLRE,Real Estate,42.060001373291016
2025-06-24 13:30:00,XLRE,Real Estate,42.2599983215332
2025-06-25 13:30:00,XLRE,Real Estate,41.22999954223633
2025-06-26 13:30:00,XLRE,Real Estate,40.970001220703125
2025-06-27 13:30:00,XLRE,Real Estate,41.119998931884766
2025-06-30 13:30:00,XLRE,Real Estate,41.41999816894531
2025-07-01 13:30:00,XLRE,Real Estate,41.70000076293945
2025-07-02 13:30:00,XLRE,Real Estate,41.779998779296875
2025-07-03 13:30:00,XLRE,Real Estate,41.79999923706055
2025-07-07 13:30:00,XLRE,Real Estate,41.47999954223633
2025-07-08 13:30:00,XLRE,Real Estate,41.41999816894531
2025-07-09 13:30:00,XLRE,Real Estate,41.400001525878906
2025-07-10 13:30:00,XLRE,Real Estate,41.61000061035156
2025-07-11 13:30:00,XLRE,Real Estate,41.56999969482422
2025-07-14 13:30:00,XLRE,Real Estate,41.849998474121094
2025-07-15 13:30:00,XLRE,Real Estate,41.310001373291016
2025-07-16 13:30:00,XLRE,Real Estate,41.7599983215332
2025-07-17 13:30:00,XLRE,Real Estate,41.720001220703125
2025-07-18 13:30:00,XLRE,Real Estate,41.84000015258789
2025-07-21 13:30:00,XLRE,Real Estate,42.0
2025-07-22 13:30:00,XLRE,Real Estate,42.72999954223633
2025-07-23 13:30:00,XLRE,Real Estate,42.849998474121094
2025-07-24 13:30:00,XLRE,Real Estate,42.790000915527344
2025-07-25 13:30:00,XLRE,Real Estate,42.790000915527344
2025-07-28 13:30:00,XLRE,Real Estate,42.04999923706055
2025-07-29 13:30:00,XLRE,Real Estate,42.75
2025-07-30 13:30:00,XLRE,Real Estate,42.150001525878906
2025-07-31 13:30:00,XLRE,Real Estate,41.40999984741211
2025-08-01 13:30:00,XLRE,Real Estate,41.290000915527344
2025-08-04 13:30:00,XLRE,Real Estate,41.63999938964844
2025-08-05 13:30:00,XLRE,Real Estate,41.779998779296875
2025-08-06 13:30:00,XLRE,Real Estate,41.43000030517578
2025-08-07 13:30:00,XLRE,Real Estate,41.59000015258789
2025-08-08 13:30:00,XLRE,Real Estate,41.25
2025-08-11 13:30:00,XLRE,Real Estate,41.0099983215332
2025-08-12 13:30:00,XLRE,Real Estate,41.08000183105469
2025-08-13 13:30:00,XLRE,Real Estate,41.349998474121094
2025-08-14 13:30:00,XLRE,Real Estate,41.060001373291016
2025-08-15 13:30:00,XLRE,Real Estate,41.33000183105469
2025-08-18 13:30:00,XLRE,Real Estate,40.939998626708984
2025-08-19 13:30:00,XLRE,Real Estate,41.66999816894531
2025-08-20 13:30:00,XLRE,Real Estate,41.83000183105469
2025-08-21 13:30:00,XLRE,Real Estate,41.68000030517578
2025-08-22 13:30:00,XLRE,Real Estate,42.34000015258789
2025-08-25 13:30:00,XLRE,Real Estate,42.130001068115234
2025-08-26 13:30:00,XLRE,Real Estate,42.0099983215332
2025-08-27 13:30:00,XLRE,Real Estate,42.189998626708984
2025-08-28 13:30:00,XLRE,Real Estate,42.08000183105469
2025-08-29 13:30:00,XLRE,Real Estate,42.310001373291016
2025-09-02 13:30:00,XLRE,Real Estate,41.59000015258789
2025-09-03 13:30:00,XLRE,Real Estate,41.47999954223633
2025-09-04 13:30:00,XLRE,Real Estate,41.7599983215332
2025-09-05 13:30:00,XLRE,Real Estate,42.18000030517578
2025-09-08 13:30:00,XLRE,Real Estate,41.900001525878906
2025-09-09 13:30:00,XLRE,Real Estate,41.880001068115234
2025-09-10 13:30:00,XLRE,Real Estate,41.86000061035156
2025-09-11 13:30:00,XLRE,Real Estate,42.540000915527344
2025-09-12 13:30:00,XLRE,Real Estate,42.349998474121094
2025-09-15 13:30:00,XLRE,Real Estate,42.29999923706055
2025-09-16 13:30:00,XLRE,Real Estate,42.04999923706055
2025-09-17 13:30:00,XLRE,Real Estate,42.029998779296875
2025-09-18 13:30:00,XLRE,Real Estate,42.060001373291016
2025-09-19 13:30:00,XLRE,Real Estate,41.849998474121094
2025-09-22 13:30:00,XLRE,Real Estate,41.66999816894531
2025-09-23 13:30:00,XLRE,Real Estate,42.0
2025-09-24 13:30:00,XLRE,Real Estate,41.56999969482422
2025-09-25 13:30:00,XLRE,Real Estate,41.470001220703125
2025-09-26 13:30:00,XLRE,Real Estate,41.880001068115234
2025-09-29 13:30:00,XLRE,Real Estate,41.959999084472656
2025-09-30 13:30:00,XLRE,Real Estate,42.130001068115234
2025-10-01 13:30:00,XLRE,Real Estate,42.130001068115234
2025-10-02 13:30:00,XLRE,Real Estate,41.90999984741211
2025-10-03 13:30:00,XLRE,Real Estate,42.08000183105469
2025-10-06 13:30:00,XLRE,Real Estate,41.65999984741211
2025-10-07 13:30:00,XLRE,Real Estate,41.529998779296875
2025-10-08 13:30:00,XLRE,Real Estate,41.31999969482422
2025-10-09 13:30:00,XLRE,Real Estate,41.130001068115234
2025-10-10 13:30:00,XLRE,Real Estate,40.68000030517578
2025-10-13 13:30:00,XLRE,Real Estate,40.90999984741211
2025-10-14 13:30:00,XLRE,Real Estate,41.29999923706055
2025-10-15 13:30:00,XLRE,Real Estate,41.900001525878906
2025-10-16 13:30:00,XLRE,Real Estate,41.77000045776367
2025-10-17 13:30:00,XLRE,Real Estate,42.040000915527344
2025-10-20 13:30:00,XLRE,Real Estate,42.47999954223633
2025-10-21 13:30:00,XLRE,Real Estate,42.349998474121094
2025-10-22 13:30:00,XLRE,Real Estate,42.540000915527344
2025-10-23 13:30:00,XLRE,Real Estate,42.5
2025-10-24 13:30:00,XLRE,Real Estate,42.650001525878906
2025-10-27 13:30:00,XLRE,Real Estate,42.7400016784668
2025-10-28 13:30:00,XLRE,Real Estate,41.790000915527344
2025-10-29 13:30:00,XLRE,Real Estate,40.650001525878906
2025-10-30 13:30:00,XLRE,Real Estate,40.880001068115234
2025-10-31 13:30:00,XLRE,Real Estate,40.900001525878906
2025-11-03 14:30:00,XLRE,Real Estate,40.83000183105469
2025-11-04 14:30:00,XLRE,Real Estate,40.939998626708984
2025-11-05 14:30:00,XLRE,Real Estate,40.93000030517578
2025-11-06 14:30:00,XLRE,Real Estate,40.72999954223633
2025-11-07 14:30:00,XLRE,Real Estate,41.27000045776367
2025-11-10 14:30:00,XLRE,Real Estate,41.2400016784668
2025-11-11 14:30:00,XLRE,Real Estate,41.70000076293945
2025-11-12 14:30:00,XLRE,Real Estate,41.369998931884766
2025-11-13 14:30:00,XLRE,Real Estate,40.83000183105469
2025-11-14 14:30:00,XLRE,Real Estate,40.95000076293945
2025-11-17 14:30:00,XLRE,Real Estate,40.68000030517578
2025-11-18 14:30:00,XLRE,Real Estate,40.83000183105469
2025-11-19 14:30:00,XLRE,Real Estate,40.5099983215332
2025-11-20 14:30:00,XLRE,Real Estate,40.369998931884766
2025-11-21 14:30:00,XLRE,Real Estate,40.900001525878906
2025-11-24 14:30:00,XLRE,Real Estate,40.959999084472656
2025-11-25 14:30:00,XLRE,Real Estate,41.290000915527344
2025-11-26 14:30:00,XLRE,Real Estate,41.470001220703125
2025-11-28 14:30:00,XLRE,Real Estate,41.66999816894531
2025-12-01 14:30:00,XLRE,Real Estate,41.09000015258789
2025-12-02 14:30:00,XLRE,Real Estate,40.9900016784668
2025-12-03 14:30:00,XLRE,Real Estate,41.06999969482422
2025-12-04 14:30:00,XLRE,Real Estate,41.0
2025-12-05 14:30:00,XLRE,Real Estate,40.9900016784668
2025-12-08 14:30:00,XLRE,Real Estate,40.7400016784668
2025-12-09 14:30:00,XLRE,Real Estate,40.5
2025-12-10 14:30:00,XLRE,Real Estate,40.58000183105469
2025-12-11 14:30:00,XLRE,Real Estate,40.79999923706055
2025-12-12 14:30:00,XLRE,Real Estate,40.75
2025-12-15 14:30:00,XLRE,Real Estate,40.90999984741211
2025-12-16 14:30:00,XLRE,Real Estate,40.54999923706055
2025-12-17 14:30:00,XLRE,Real Estate,40.72999954223633
2025-12-18 14:30:00,XLRE,Real Estate,40.47999954223633
2025-12-19 14:30:00,XLRE,Real Estate,40.33000183105469
2025-12-22 14:30:00,XLRE,Real Estate,40.189998626708984
2025-12-23 14:30:00,XLRE,Real Estate,40.18000030517578
2025-12-24 14:30:00,XLRE,Real Estate,40.439998626708984
2025-12-26 14:30:00,XLRE,Real Estate,40.52000045776367
2025-12-29 14:30:00,XLRE,Real Estate,40.630001068115234
2025-12-30 14:30:00,XLRE,Real Estate,40.720001220703125
2025-12-31 14:30:00,XLRE,Real Estate,40.349998474121094
2026-01-02 14:30:00,XLRE,Real Estate,40.380001068115234
2026-01-05 14:30:00,XLRE,Real Estate,40.43000030517578
2026-01-06 14:30:00,XLRE,Real Estate,40.70000076293945
2026-01-07 14:30:00,XLRE,Real Estate,40.13999938964844
2026-01-08 14:30:00,XLRE,Real Estate,40.439998626708984
2026-01-09 14:30:00,XLRE,Real Estate,40.5
2026-01-12 14:30:00,XLRE,Real Estate,40.619998931884766
2026-01-13 14:30:00,XLRE,Real Estate,40.93000030517578
2026-01-14 14:30:00,XLRE,Real Estate,41.38999938964844
2026-01-15 14:30:00,XLRE,Real Estate,41.70000076293945
2026-01-16 14:30:00,XLRE,Real Estate,42.209999084472656
2026-01-20 14:30:00,XLRE,Real Estate,41.400001525878906
2026-01-21 14:30:00,XLRE,Real Estate,41.54999923706055
2026-01-22 14:30:00,XLRE,Real Estate,41.13999938964844
2026-01-23 14:30:00,XLRE,Real Estate,41.25
2026-01-26 14:30:00,XLRE,Real Estate,41.220001220703125
2026-01-27 14:30:00,XLRE,Real Estate,41.25
2026-01-28 14:30:00,XLRE,Real Estate,40.849998474121094
2026-01-29 14:30:00,XLRE,Real Estate,41.369998931884766
2026-01-30 14:30:00,XLRE,Real Estate,41.43000030517578
2026-02-02 14:30:00,XLRE,Real Estate,40.959999084472656
2026-02-03 14:30:00,XLRE,Real Estate,40.810001373291016
2026-02-04 14:30:00,XLRE,Real Estate,41.459999084472656
2026-02-05 14:30:00,XLRE,Real Estate,41.22999954223633
2026-02-06 14:30:00,XLRE,Real Estate,41.9900016784668
2026-02-09 14:30:00,XLRE,Real Estate,42.25
2026-02-10 14:30:00,XLRE,Real Estate,42.84000015258789
2026-02-11 14:30:00,XLRE,Real Estate,42.79999923706055
2026-02-12 14:30:00,XLRE,Real Estate,42.869998931884766
2026-02-13 14:30:00,XLRE,Real Estate,43.5
2026-02-17 14:30:00,XLRE,Real Estate,43.939998626708984
2026-02-18 14:30:00,XLRE,Real Estate,43.349998474121094
2026-02-19 14:30:00,XLRE,Real Estate,43.20000076293945
2026-02-20 14:30:00,XLRE,Real Estate,43.560001373291016
2026-02-23 14:30:00,XLRE,Real Estate,43.61000061035156
2026-02-24 14:30:00,XLRE,Real Estate,43.72999954223633
2026-02-25 14:30:00,XLRE,Real Estate,43.439998626708984
2026-02-26 14:30:00,XLRE,Real Estate,43.630001068115234
2026-02-27 14:30:00,XLRE,Real Estate,43.84000015258789
2026-03-02 14:30:00,XLRE,Real Estate,43.91999816894531
2026-03-03 14:30:00,XLRE,Real Estate,43.70000076293945
2026-03-04 14:30:00,XLRE,Real Estate,43.7599983215332
2026-03-05 14:30:00,XLRE,Real Estate,43.34000015258789
2026-03-06 14:30:00,XLRE,Real Estate,42.88999938964844
2026-03-09 13:30:00,XLRE,Real Estate,42.97999954223633
2026-03-10 13:30:00,XLRE,Real Estate,42.91999816894531
2026-03-11 13:30:00,XLRE,Real Estate,42.40999984741211
2026-03-12 13:30:00,XLRE,Real Estate,42.13999938964844
2026-03-13 13:30:00,XLRE,Real Estate,42.25
2026-03-16 13:30:00,XLRE,Real Estate,42.58000183105469
2026-03-17 13:30:00,XLRE,Real Estate,42.720001220703125
2026-03-18 13:30:00,XLRE,Real Estate,42.02000045776367
2026-03-19 13:30:00,XLRE,Real Estate,41.91999816894531
2026-03-20 13:30:00,XLRE,Real Estate,40.59000015258789
2026-03-23 13:30:00,XLRE,Real Estate,40.619998931884766
2026-03-24 13:30:00,XLRE,Real Estate,40.290000915527344
2026-03-25 13:30:00,XLRE,Real Estate,40.27000045776367
2026-03-26 13:30:00,XLRE,Real Estate,40.290000915527344
2026-03-27 13:30:00,XLRE,Real Estate,40.0099983215332
2026-03-30 13:30:00,XLRE,Real Estate,40.209999084472656
2026-03-31 13:30:00,XLRE,Real Estate,40.83000183105469
2026-04-01 13:30:00,XLRE,Real Estate,40.95000076293945
2026-04-02 13:30:00,XLRE,Real Estate,41.61000061035156
2026-04-06 13:30:00,XLRE,Real Estate,41.7599983215332
2026-04-07 13:30:00,XLRE,Real Estate,41.720001220703125
2026-04-08 13:30:00,XLRE,Real Estate,42.439998626708984
2026-04-09 13:30:00,XLRE,Real Estate,42.72999954223633
2026-04-10 13:30:00,XLRE,Real Estate,42.81999969482422
2026-04-13 13:30:00,XLRE,Real Estate,43.02000045776367
2026-04-14 13:30:00,XLRE,Real Estate,43.43000030517578
2026-04-15 13:30:00,XLRE,Real Estate,43.40999984741211
2026-04-16 13:30:00,XLRE,Real Estate,43.810001373291016
2026-04-17 13:30:00,XLRE,Real Estate,44.47999954223633
2026-04-20 13:30:00,XLRE,Real Estate,44.63999938964844
2026-04-21 13:30:00,XLRE,Real Estate,43.779998779296875
2026-04-22 13:30:00,XLRE,Real Estate,43.459999084472656
2026-04-23 13:30:00,XLRE,Real Estate,43.959999084472656
2026-04-24 13:30:00,XLRE,Real Estate,43.83000183105469
2026-04-27 13:30:00,XLRE,Real Estate,43.4900016784668
2026-04-28 13:30:00,XLRE,Real Estate,43.90999984741211
2026-04-29 13:30:00,XLRE,Real Estate,43.63999938964844
2026-04-30 13:30:00,XLRE,Real Estate,44.400001525878906
2026-05-01 13:30:00,XLRE,Real Estate,44.31999969482422
2026-05-04 13:30:00,XLRE,Real Estate,44.08000183105469
2026-05-05 13:30:00,XLRE,Real Estate,44.16999816894531
2026-05-06 13:30:00,XLRE,Real Estate,44.7400016784668
2026-05-07 13:30:00,XLRE,Real Estate,44.400001525878906
2026-05-08 13:30:00,XLRE,Real Estate,44.40999984741211
2026-05-11 13:30:00,XLRE,Real Estate,44.56999969482422
2026-05-12 13:30:00,XLRE,Real Estate,44.58000183105469
2026-05-13 13:30:00,XLRE,Real Estate,44.209999084472656
2026-05-14 13:30:00,XLRE,Real Estate,43.90999984741211
2026-05-15 13:30:00,XLRE,Real Estate,43.22999954223633
2026-05-18 13:30:00,XLRE,Real Estate,43.75
2026-05-19 13:30:00,XLRE,Real Estate,43.939998626708984
2026-05-20 13:30:00,XLRE,Real Estate,44.43000030517578
2026-05-21 13:30:00,XLRE,Real Estate,44.5
2026-05-22 13:30:00,XLRE,Real Estate,44.560001373291016
2026-05-26 13:30:00,XLRE,Real Estate,44.709999084472656
2026-05-27 13:30:00,XLRE,Real Estate,44.630001068115234
2026-05-28 13:30:00,XLRE,Real Estate,44.40999984741211
2026-05-29 13:30:00,XLRE,Real Estate,43.9900016784668
2026-06-01 13:30:00,XLRE,Real Estate,43.27000045776367
2026-06-02 13:30:00,XLRE,Real Estate,43.4900016784668
2026-06-03 13:30:00,XLRE,Real Estate,43.5099983215332
2026-06-04 13:30:00,XLRE,Real Estate,44.400001525878906
2026-06-05 13:30:00,XLRE,Real Estate,44.70000076293945
2026-06-08 13:30:00,XLRE,Real Estate,44.029998779296875
2026-06-09 13:30:00,XLRE,Real Estate,44.970001220703125
2026-06-10 13:30:00,XLRE,Real Estate,44.9900016784668
2026-06-11 13:30:00,XLRE,Real Estate,44.91999816894531
2026-06-12 13:30:00,XLRE,Real Estate,45.36000061035156
2026-06-15 13:30:00,XLRE,Real Estate,44.9900016784668
2026-06-16 13:30:00,XLRE,Real Estate,45.099998474121094
2026-06-17 13:30:00,XLRE,Real Estate,43.970001220703125
2026-06-18 13:30:00,XLRE,Real Estate,43.86000061035156
2026-06-22 13:30:00,XLRE,Real Estate,44.02000045776367
2026-06-23 13:30:00,XLRE,Real Estate,44.63999938964844
2026-06-24 13:30:00,XLRE,Real Estate,44.5099983215332
2026-06-25 13:30:00,XLRE,Real Estate,44.59000015258789
2026-06-26 13:30:00,XLRE,Real Estate,45.2400016784668
2026-06-29 13:30:00,XLRE,Real Estate,44.91999816894531
2026-06-30 13:30:00,XLRE,Real Estate,44.029998779296875
2026-07-01 13:30:00,XLRE,Real Estate,44.18000030517578
2026-07-02 13:30:00,XLRE,Real Estate,44.68000030517578
2026-07-06 13:30:00,XLRE,Real Estate,44.290000915527344
2026-07-07 13:30:00,XLRE,Real Estate,44.88999938964844
2026-07-08 13:30:00,XLRE,Real Estate,44.150001525878906
2026-07-09 13:30:00,XLRE,Real Estate,44.22999954223633
2026-07-10 13:30:00,XLRE,Real Estate,44.45000076293945
2026-07-13 13:30:00,XLRE,Real Estate,44.70000076293945
2026-07-14 13:30:00,XLRE,Real Estate,44.47999954223633
2026-07-15 13:30:00,XLRE,Real Estate,44.560001373291016
2026-07-16 13:30:00,XLRE,Real Estate,45.459999084472656
2026-07-17 13:30:00,XLRE,Real Estate,45.41999816894531
2026-07-20 13:30:00,XLRE,Real Estate,45.22999954223633
2026-07-21 13:30:00,XLRE,Real Estate,45.20000076293945
2026-07-22 13:30:00,XLRE,Real Estate,45.0099983215332
2026-07-23 13:30:00,XLRE,Real Estate,44.95000076293945
2026-07-24 13:30:00,XLRE,Real Estate,45.95000076293945
2026-07-27 13:30:00,XLRE,Real Estate,45.7599983215332
2026-07-28 13:30:00,XLRE,Real Estate,46.0099983215332
2026-07-29 13:30:00,XLRE,Real Estate,45.959999084472656
2026-07-30 13:30:00,XLRE,Real Estate,45.29999923706055
2026-07-31 13:30:00,XLRE,Real Estate,45.06999969482422
2026-08-03 13:30:00,XLRE,Real Estate,45.18000030517578
2026-08-04 13:30:00,XLRE,Real Estate,45.16999816894531
2026-08-05 13:30:00,XLRE,Real Estate,45.20000076293945
2026-08-06 13:30:00,XLRE,Real Estate,44.810001373291016
2026-08-07 13:30:00,XLRE,Real Estate,44.97999954223633
2026-08-10 13:30:00,XLRE,Real Estate,44.400001525878906
2026-08-11 13:30:00,XLRE,Real Estate,44.08000183105469
2026-08-12 13:30:00,XLRE,Real Estate,44.4900016784668
2026-08-13 13:30:00,XLRE,Real Estate,45.119998931884766
2026-08-14 13:30:00,XLRE,Real Estate,45.27000045776367
2026-08-17 13:30:00,XLRE,Real Estate,44.83000183105469
2026-08-18 13:30:00,XLRE,Real Estate,44.630001068115234
2026-08-19 13:30:00,XLRE,Real Estate,44.9900016784668
2026-08-20 13:30:00,XLRE,Real Estate,45.08000183105469
2026-08-21 13:30:00,XLRE,Real Estate,45.08000183105469
2026-08-24 13:30:00,XLRE,Real Estate,45.33000183105469
2026-08-25 13:30:00,XLRE,Real Estate,45.36000061035156
2026-08-26 13:30:00,XLRE,Real Estate,45.09000015258789
2026-08-27 13:30:00,XLRE,Real Estate,44.65999984741211
2026-08-28 13:30:00,XLRE,Real Estate,44.47999954223633
2021-08-30 13:30:00,XLU,Utilities,34.310001373291016
2021-08-31 13:30:00,XLU,Utilities,34.27000045776367
2021-09-01 13:30:00,XLU,Utilities,34.720001220703125
2021-09-02 13:30:00,XLU,Utilities,35.03499984741211
2021-09-03 13:30:00,XLU,Utilities,34.744998931884766
2021-09-07 13:30:00,XLU,Utilities,34.28499984741211
2021-09-08 13:30:00,XLU,Utilities,34.900001525878906
2021-09-09 13:30:00,XLU,Utilities,34.709999084472656
2021-09-10 13:30:00,XLU,Utilities,34.224998474121094
2021-09-13 13:30:00,XLU,Utilities,34.165000915527344
2021-09-14 13:30:00,XLU,Utilities,34.04999923706055
2021-09-15 13:30:00,XLU,Utilities,34.005001068115234
2021-09-16 13:30:00,XLU,Utilities,33.720001220703125
2021-09-17 13:30:00,XLU,Utilities,33.20000076293945
2021-09-20 13:30:00,XLU,Utilities,32.88999938964844
2021-09-21 13:30:00,XLU,Utilities,32.79999923706055
2021-09-22 13:30:00,XLU,Utilities,32.779998779296875
2021-09-23 13:30:00,XLU,Utilities,32.60499954223633
2021-09-24 13:30:00,XLU,Utilities,32.56999969482422
2021-09-27 13:30:00,XLU,Utilities,32.185001373291016
2021-09-28 13:30:00,XLU,Utilities,31.780000686645508
2021-09-29 13:30:00,XLU,Utilities,32.19499969482422
2021-09-30 13:30:00,XLU,Utilities,31.940000534057617
2021-10-01 13:30:00,XLU,Utilities,31.940000534057617
2021-10-04 13:30:00,XLU,Utilities,32.380001068115234
2021-10-05 13:30:00,XLU,Utilities,32.29999923706055
2021-10-06 13:30:00,XLU,Utilities,32.79999923706055
2021-10-07 13:30:00,XLU,Utilities,32.625
2021-10-08 13:30:00,XLU,Utilities,32.3849983215332
2021-10-11 13:30:00,XLU,Utilities,31.94499969482422
2021-10-12 13:30:00,XLU,Utilities,32.15999984741211
2021-10-13 13:30:00,XLU,Utilities,32.53499984741211
2021-10-14 13:30:00,XLU,Utilities,32.935001373291016
2021-10-15 13:30:00,XLU,Utilities,32.84000015258789
2021-10-18 13:30:00,XLU,Utilities,32.525001525878906
2021-10-19 13:30:00,XLU,Utilities,32.935001373291016
2021-10-20 13:30:00,XLU,Utilities,33.45500183105469
2021-10-21 13:30:00,XLU,Utilities,33.45500183105469
2021-10-22 13:30:00,XLU,Utilities,33.625
2021-10-25 13:30:00,XLU,Utilities,33.47999954223633
2021-10-26 13:30:00,XLU,Utilities,33.65999984741211
2021-10-27 13:30:00,XLU,Utilities,33.435001373291016
2021-10-28 13:30:00,XLU,Utilities,33.654998779296875
2021-10-29 13:30:00,XLU,Utilities,33.45500183105469
2021-11-01 13:30:00,XLU,Utilities,33.57500076293945
2021-11-02 13:30:00,XLU,Utilities,33.60499954223633
2021-11-03 13:30:00,XLU,Utilities,33.47999954223633
2021-11-04 13:30:00,XLU,Utilities,33.29499816894531
2021-11-05 13:30:00,XLU,Utilities,33.61000061035156
2021-11-08 14:30:00,XLU,Utilities,33.11000061035156
2021-11-09 14:30:00,XLU,Utilities,33.279998779296875
2021-11-10 14:30:00,XLU,Utilities,33.54999923706055
2021-11-11 14:30:00,XLU,Utilities,33.345001220703125
2021-11-12 14:30:00,XLU,Utilities,33.32500076293945
2021-11-15 14:30:00,XLU,Utilities,33.76499938964844
2021-11-16 14:30:00,XLU,Utilities,33.60499954223633
2021-11-17 14:30:00,XLU,Utilities,33.6349983215332
2021-11-18 14:30:00,XLU,Utilities,33.459999084472656
2021-11-19 14:30:00,XLU,Utilities,33.650001525878906
2021-11-22 14:30:00,XLU,Utilities,33.85499954223633
2021-11-23 14:30:00,XLU,Utilities,33.88999938964844
2021-11-24 14:30:00,XLU,Utilities,33.90999984741211
2021-11-26 14:30:00,XLU,Utilities,33.380001068115234
2021-11-29 14:30:00,XLU,Utilities,33.875
2021-11-30 14:30:00,XLU,Utilities,32.8849983215332
2021-12-01 14:30:00,XLU,Utilities,32.94499969482422
2021-12-02 14:30:00,XLU,Utilities,33.3650016784668
2021-12-03 14:30:00,XLU,Utilities,33.70000076293945
2021-12-06 14:30:00,XLU,Utilities,34.21500015258789
2021-12-07 14:30:00,XLU,Utilities,34.470001220703125
2021-12-08 14:30:00,XLU,Utilities,34.435001373291016
2021-12-09 14:30:00,XLU,Utilities,34.38999938964844
2021-12-10 14:30:00,XLU,Utilities,34.57500076293945
2021-12-13 14:30:00,XLU,Utilities,35.0
2021-12-14 14:30:00,XLU,Utilities,34.790000915527344
2021-12-15 14:30:00,XLU,Utilities,35.36000061035156
2021-12-16 14:30:00,XLU,Utilities,35.540000915527344
2021-12-17 14:30:00,XLU,Utilities,35.005001068115234
2021-12-20 14:30:00,XLU,Utilities,34.76499938964844
2021-12-21 14:30:00,XLU,Utilities,34.71500015258789
2021-12-22 14:30:00,XLU,Utilities,34.8650016784668
2021-12-23 14:30:00,XLU,Utilities,34.86000061035156
2021-12-27 14:30:00,XLU,Utilities,35.029998779296875
2021-12-28 14:30:00,XLU,Utilities,35.345001220703125
2021-12-29 14:30:00,XLU,Utilities,35.53499984741211
2021-12-30 14:30:00,XLU,Utilities,35.665000915527344
2021-12-31 14:30:00,XLU,Utilities,35.790000915527344
2022-01-03 14:30:00,XLU,Utilities,35.435001373291016
2022-01-04 14:30:00,XLU,Utilities,35.32500076293945
2022-01-05 14:30:00,XLU,Utilities,35.30500030517578
2022-01-06 14:30:00,XLU,Utilities,34.939998626708984
2022-01-07 14:30:00,XLU,Utilities,35.20500183105469
2022-01-10 14:30:00,XLU,Utilities,34.974998474121094
2022-01-11 14:30:00,XLU,Utilities,34.65999984741211
2022-01-12 14:30:00,XLU,Utilities,34.77000045776367
2022-01-13 14:30:00,XLU,Utilities,34.939998626708984
2022-01-14 14:30:00,XLU,Utilities,34.70000076293945
2022-01-18 14:30:00,XLU,Utilities,34.28499984741211
2022-01-19 14:30:00,XLU,Utilities,34.439998626708984
2022-01-20 14:30:00,XLU,Utilities,34.48500061035156
2022-01-21 14:30:00,XLU,Utilities,34.41999816894531
2022-01-24 14:30:00,XLU,Utilities,34.09000015258789
2022-01-25 14:30:00,XLU,Utilities,33.55500030517578
2022-01-26 14:30:00,XLU,Utilities,33.279998779296875
2022-01-27 14:30:00,XLU,Utilities,33.57500076293945
2022-01-28 14:30:00,XLU,Utilities,33.97999954223633
2022-01-31 14:30:00,XLU,Utilities,34.625
2022-02-01 14:30:00,XLU,Utilities,34.165000915527344
2022-02-02 14:30:00,XLU,Utilities,34.66999816894531
2022-02-03 14:30:00,XLU,Utilities,34.51499938964844
2022-02-04 14:30:00,XLU,Utilities,34.2400016784668
2022-02-07 14:30:00,XLU,Utilities,34.189998626708984
2022-02-08 14:30:00,XLU,Utilities,34.21500015258789
2022-02-09 14:30:00,XLU,Utilities,34.3650016784668
2022-02-10 14:30:00,XLU,Utilities,33.494998931884766
2022-02-11 14:30:00,XLU,Utilities,33.51499938964844
2022-02-14 14:30:00,XLU,Utilities,33.22999954223633
2022-02-15 14:30:00,XLU,Utilities,33.07500076293945
2022-02-16 14:30:00,XLU,Utilities,33.150001525878906
2022-02-17 14:30:00,XLU,Utilities,33.16999816894531
2022-02-18 14:30:00,XLU,Utilities,33.11000061035156
2022-02-22 14:30:00,XLU,Utilities,33.07500076293945
2022-02-23 14:30:00,XLU,Utilities,32.51499938964844
2022-02-24 14:30:00,XLU,Utilities,32.775001525878906
2022-02-25 14:30:00,XLU,Utilities,33.790000915527344
2022-02-28 14:30:00,XLU,Utilities,33.96500015258789
2022-03-01 14:30:00,XLU,Utilities,33.66999816894531
2022-03-02 14:30:00,XLU,Utilities,34.08000183105469
2022-03-03 14:30:00,XLU,Utilities,34.68000030517578
2022-03-04 14:30:00,XLU,Utilities,35.44499969482422
2022-03-07 14:30:00,XLU,Utilities,35.904998779296875
2022-03-08 14:30:00,XLU,Utilities,35.349998474121094
2022-03-09 14:30:00,XLU,Utilities,35.099998474121094
2022-03-10 14:30:00,XLU,Utilities,35.334999084472656
2022-03-11 14:30:00,XLU,Utilities,35.21500015258789
2022-03-14 13:30:00,XLU,Utilities,35.17499923706055
2022-03-15 13:30:00,XLU,Utilities,35.625
2022-03-16 13:30:00,XLU,Utilities,35.560001373291016
2022-03-17 13:30:00,XLU,Utilities,35.709999084472656
2022-03-18 13:30:00,XLU,Utilities,35.404998779296875
2022-03-21 13:30:00,XLU,Utilities,35.404998779296875
2022-03-22 13:30:00,XLU,Utilities,35.45500183105469
2022-03-23 13:30:00,XLU,Utilities,35.505001068115234
2022-03-24 13:30:00,XLU,Utilities,35.869998931884766
2022-03-25 13:30:00,XLU,Utilities,36.38999938964844
2022-03-28 13:30:00,XLU,Utilities,36.625
2022-03-29 13:30:00,XLU,Utilities,36.96500015258789
2022-03-30 13:30:00,XLU,Utilities,37.27000045776367
2022-03-31 13:30:00,XLU,Utilities,37.22999954223633
2022-04-01 13:30:00,XLU,Utilities,37.75
2022-04-04 13:30:00,XLU,Utilities,37.459999084472656
2022-04-05 13:30:00,XLU,Utilities,37.69499969482422
2022-04-06 13:30:00,XLU,Utilities,38.44499969482422
2022-04-07 13:30:00,XLU,Utilities,38.349998474121094
2022-04-08 13:30:00,XLU,Utilities,38.47999954223633
2022-04-11 13:30:00,XLU,Utilities,37.95500183105469
2022-04-12 13:30:00,XLU,Utilities,38.099998474121094
2022-04-13 13:30:00,XLU,Utilities,38.025001525878906
2022-04-14 13:30:00,XLU,Utilities,38.04499816894531
2022-04-18 13:30:00,XLU,Utilities,37.84000015258789
2022-04-19 13:30:00,XLU,Utilities,38.084999084472656
2022-04-20 13:30:00,XLU,Utilities,38.39500045776367
2022-04-21 13:30:00,XLU,Utilities,37.7599983215332
2022-04-22 13:30:00,XLU,Utilities,37.125
2022-04-25 13:30:00,XLU,Utilities,36.869998931884766
2022-04-26 13:30:00,XLU,Utilities,36.5
2022-04-27 13:30:00,XLU,Utilities,36.32500076293945
2022-04-28 13:30:00,XLU,Utilities,36.72999954223633
2022-04-29 13:30:00,XLU,Utilities,35.630001068115234
2022-05-02 13:30:00,XLU,Utilities,35.26499938964844
2022-05-03 13:30:00,XLU,Utilities,35.400001525878906
2022-05-04 13:30:00,XLU,Utilities,36.189998626708984
2022-05-05 13:30:00,XLU,Utilities,35.81999969482422
2022-05-06 13:30:00,XLU,Utilities,36.10499954223633
2022-05-09 13:30:00,XLU,Utilities,35.834999084472656
2022-05-10 13:30:00,XLU,Utilities,35.400001525878906
2022-05-11 13:30:00,XLU,Utilities,35.654998779296875
2022-05-12 13:30:00,XLU,Utilities,35.29499816894531
2022-05-13 13:30:00,XLU,Utilities,35.71500015258789
2022-05-16 13:30:00,XLU,Utilities,35.82500076293945
2022-05-17 13:30:00,XLU,Utilities,36.19499969482422
2022-05-18 13:30:00,XLU,Utilities,35.845001220703125
2022-05-19 13:30:00,XLU,Utilities,35.77000045776367
2022-05-20 13:30:00,XLU,Utilities,35.869998931884766
2022-05-23 13:30:00,XLU,Utilities,36.29999923706055
2022-05-24 13:30:00,XLU,Utilities,37.025001525878906
2022-05-25 13:30:00,XLU,Utilities,37.0
2022-05-26 13:30:00,XLU,Utilities,37.10499954223633
2022-05-27 13:30:00,XLU,Utilities,37.685001373291016
2022-05-31 13:30:00,XLU,Utilities,37.165000915527344
2022-06-01 13:30:00,XLU,Utilities,37.10499954223633
2022-06-02 13:30:00,XLU,Utilities,37.35499954223633
2022-06-03 13:30:00,XLU,Utilities,37.17499923706055
2022-06-06 13:30:00,XLU,Utilities,37.34000015258789
2022-06-07 13:30:00,XLU,Utilities,37.564998626708984
2022-06-08 13:30:00,XLU,Utilities,36.83000183105469
2022-06-09 13:30:00,XLU,Utilities,35.94499969482422
2022-06-10 13:30:00,XLU,Utilities,35.66999816894531
2022-06-13 13:30:00,XLU,Utilities,34.029998779296875
2022-06-14 13:30:00,XLU,Utilities,33.16999816894531
2022-06-15 13:30:00,XLU,Utilities,33.3849983215332
2022-06-16 13:30:00,XLU,Utilities,32.7400016784668
2022-06-17 13:30:00,XLU,Utilities,32.435001373291016
2022-06-21 13:30:00,XLU,Utilities,32.790000915527344
2022-06-22 13:30:00,XLU,Utilities,33.1349983215332
2022-06-23 13:30:00,XLU,Utilities,33.915000915527344
2022-06-24 13:30:00,XLU,Utilities,34.505001068115234
2022-06-27 13:30:00,XLU,Utilities,34.78499984741211
2022-06-28 13:30:00,XLU,Utilities,34.654998779296875
2022-06-29 13:30:00,XLU,Utilities,34.68000030517578
2022-06-30 13:30:00,XLU,Utilities,35.064998626708984
2022-07-01 13:30:00,XLU,Utilities,35.92499923706055
2022-07-05 13:30:00,XLU,Utilities,34.70000076293945
2022-07-06 13:30:00,XLU,Utilities,35.060001373291016
2022-07-07 13:30:00,XLU,Utilities,35.025001525878906
2022-07-08 13:30:00,XLU,Utilities,34.90999984741211
2022-07-11 13:30:00,XLU,Utilities,35.130001068115234
2022-07-12 13:30:00,XLU,Utilities,34.959999084472656
2022-07-13 13:30:00,XLU,Utilities,34.814998626708984
2022-07-14 13:30:00,XLU,Utilities,34.814998626708984
2022-07-15 13:30:00,XLU,Utilities,34.880001068115234
2022-07-18 13:30:00,XLU,Utilities,34.39500045776367
2022-07-19 13:30:00,XLU,Utilities,34.6150016784668
2022-07-20 13:30:00,XLU,Utilities,34.154998779296875
2022-07-21 13:30:00,XLU,Utilities,34.244998931884766
2022-07-22 13:30:00,XLU,Utilities,34.71500015258789
2022-07-25 13:30:00,XLU,Utilities,35.150001525878906
2022-07-26 13:30:00,XLU,Utilities,35.36000061035156
2022-07-27 13:30:00,XLU,Utilities,35.38999938964844
2022-07-28 13:30:00,XLU,Utilities,36.65999984741211
2022-07-29 13:30:00,XLU,Utilities,36.974998474121094
2022-08-01 13:30:00,XLU,Utilities,37.01499938964844
2022-08-02 13:30:00,XLU,Utilities,36.939998626708984
2022-08-03 13:30:00,XLU,Utilities,37.16999816894531
2022-08-04 13:30:00,XLU,Utilities,37.25
2022-08-05 13:30:00,XLU,Utilities,37.1150016784668
2022-08-08 13:30:00,XLU,Utilities,37.16999816894531
2022-08-09 13:30:00,XLU,Utilities,37.584999084472656
2022-08-10 13:30:00,XLU,Utilities,37.75
2022-08-11 13:30:00,XLU,Utilities,37.744998931884766
2022-08-12 13:30:00,XLU,Utilities,38.36000061035156
2022-08-15 13:30:00,XLU,Utilities,38.68000030517578
2022-08-16 13:30:00,XLU,Utilities,38.790000915527344
2022-08-17 13:30:00,XLU,Utilities,38.724998474121094
2022-08-18 13:30:00,XLU,Utilities,38.869998931884766
2022-08-19 13:30:00,XLU,Utilities,38.849998474121094
2022-08-22 13:30:00,XLU,Utilities,38.31999969482422
2022-08-23 13:30:00,XLU,Utilities,38.09000015258789
2022-08-24 13:30:00,XLU,Utilities,38.209999084472656
2022-08-25 13:30:00,XLU,Utilities,38.44499969482422
2022-08-26 13:30:00,XLU,Utilities,37.85499954223633
2022-08-29 13:30:00,XLU,Utilities,37.970001220703125
2022-08-30 13:30:00,XLU,Utilities,37.415000915527344
2022-08-31 13:30:00,XLU,Utilities,37.16999816894531
2022-09-01 13:30:00,XLU,Utilities,37.70500183105469
2022-09-02 13:30:00,XLU,Utilities,37.29999923706055
2022-09-06 13:30:00,XLU,Utilities,37.39500045776367
2022-09-07 13:30:00,XLU,Utilities,38.564998626708984
2022-09-08 13:30:00,XLU,Utilities,38.53499984741211
2022-09-09 13:30:00,XLU,Utilities,38.689998626708984
2022-09-12 13:30:00,XLU,Utilities,39.060001373291016
2022-09-13 13:30:00,XLU,Utilities,38.02000045776367
2022-09-14 13:30:00,XLU,Utilities,38.33000183105469
2022-09-15 13:30:00,XLU,Utilities,37.375
2022-09-16 13:30:00,XLU,Utilities,37.23500061035156
2022-09-19 13:30:00,XLU,Utilities,37.47999954223633
2022-09-20 13:30:00,XLU,Utilities,36.935001373291016
2022-09-21 13:30:00,XLU,Utilities,36.43000030517578
2022-09-22 13:30:00,XLU,Utilities,36.29999923706055
2022-09-23 13:30:00,XLU,Utilities,35.880001068115234
2022-09-26 13:30:00,XLU,Utilities,35.01499938964844
2022-09-27 13:30:00,XLU,Utilities,34.42499923706055
2022-09-28 13:30:00,XLU,Utilities,34.79499816894531
2022-09-29 13:30:00,XLU,Utilities,33.400001525878906
2022-09-30 13:30:00,XLU,Utilities,32.755001068115234
2022-10-03 13:30:00,XLU,Utilities,33.71500015258789
2022-10-04 13:30:00,XLU,Utilities,34.43000030517578
2022-10-05 13:30:00,XLU,Utilities,33.665000915527344
2022-10-06 13:30:00,XLU,Utilities,32.55500030517578
2022-10-07 13:30:00,XLU,Utilities,31.8799991607666
2022-10-10 13:30:00,XLU,Utilities,31.934999465942383
2022-10-11 13:30:00,XLU,Utilities,31.81999969482422
2022-10-12 13:30:00,XLU,Utilities,30.760000228881836
2022-10-13 13:30:00,XLU,Utilities,31.530000686645508
2022-10-14 13:30:00,XLU,Utilities,31.075000762939453
2022-10-17 13:30:00,XLU,Utilities,31.725000381469727
2022-10-18 13:30:00,XLU,Utilities,32.30500030517578
2022-10-19 13:30:00,XLU,Utilities,31.885000228881836
2022-10-20 13:30:00,XLU,Utilities,31.079999923706055
2022-10-21 13:30:00,XLU,Utilities,31.655000686645508
2022-10-24 13:30:00,XLU,Utilities,31.920000076293945
2022-10-25 13:30:00,XLU,Utilities,32.560001373291016
2022-10-26 13:30:00,XLU,Utilities,32.54499816894531
2022-10-27 13:30:00,XLU,Utilities,32.80500030517578
2022-10-28 13:30:00,XLU,Utilities,33.70500183105469
2022-10-31 13:30:00,XLU,Utilities,33.38999938964844
2022-11-01 13:30:00,XLU,Utilities,33.52000045776367
2022-11-02 13:30:00,XLU,Utilities,33.19499969482422
2022-11-03 13:30:00,XLU,Utilities,33.34000015258789
2022-11-04 13:30:00,XLU,Utilities,33.54499816894531
2022-11-07 14:30:00,XLU,Utilities,32.904998779296875
2022-11-08 14:30:00,XLU,Utilities,33.1349983215332
2022-11-09 14:30:00,XLU,Utilities,32.875
2022-11-10 14:30:00,XLU,Utilities,34.42499923706055
2022-11-11 14:30:00,XLU,Utilities,34.040000915527344
2022-11-14 14:30:00,XLU,Utilities,33.6349983215332
2022-11-15 14:30:00,XLU,Utilities,34.005001068115234
2022-11-16 14:30:00,XLU,Utilities,34.310001373291016
2022-11-17 14:30:00,XLU,Utilities,33.709999084472656
2022-11-18 14:30:00,XLU,Utilities,34.42499923706055
2022-11-21 14:30:00,XLU,Utilities,34.58000183105469
2022-11-22 14:30:00,XLU,Utilities,34.875
2022-11-23 14:30:00,XLU,Utilities,35.26499938964844
2022-11-25 14:30:00,XLU,Utilities,35.470001220703125
2022-11-28 14:30:00,XLU,Utilities,35.10499954223633
2022-11-29 14:30:00,XLU,Utilities,34.845001220703125
2022-11-30 14:30:00,XLU,Utilities,35.71500015258789
2022-12-01 14:30:00,XLU,Utilities,35.685001373291016
2022-12-02 14:30:00,XLU,Utilities,35.51499938964844
2022-12-05 14:30:00,XLU,Utilities,35.314998626708984
2022-12-06 14:30:00,XLU,Utilities,35.53499984741211
2022-12-07 14:30:00,XLU,Utilities,35.369998931884766
2022-12-08 14:30:00,XLU,Utilities,35.599998474121094
2022-12-09 14:30:00,XLU,Utilities,35.415000915527344
2022-12-12 14:30:00,XLU,Utilities,36.224998474121094
2022-12-13 14:30:00,XLU,Utilities,36.334999084472656
2022-12-14 14:30:00,XLU,Utilities,36.290000915527344
2022-12-15 14:30:00,XLU,Utilities,35.849998474121094
2022-12-16 14:30:00,XLU,Utilities,35.2400016784668
2022-12-19 14:30:00,XLU,Utilities,34.814998626708984
2022-12-20 14:30:00,XLU,Utilities,34.82500076293945
2022-12-21 14:30:00,XLU,Utilities,35.310001373291016
2022-12-22 14:30:00,XLU,Utilities,35.095001220703125
2022-12-23 14:30:00,XLU,Utilities,35.45500183105469
2022-12-27 14:30:00,XLU,Utilities,35.67499923706055
2022-12-28 14:30:00,XLU,Utilities,35.334999084472656
2022-12-29 14:30:00,XLU,Utilities,35.59000015258789
2022-12-30 14:30:00,XLU,Utilities,35.25
2023-01-03 14:30:00,XLU,Utilities,35.25
2023-01-04 14:30:00,XLU,Utilities,35.56999969482422
2023-01-05 14:30:00,XLU,Utilities,34.79999923706055
2023-01-06 14:30:00,XLU,Utilities,35.5
2023-01-09 14:30:00,XLU,Utilities,35.7400016784668
2023-01-10 14:30:00,XLU,Utilities,35.75
2023-01-11 14:30:00,XLU,Utilities,36.040000915527344
2023-01-12 14:30:00,XLU,Utilities,35.79499816894531
2023-01-13 14:30:00,XLU,Utilities,35.665000915527344
2023-01-17 14:30:00,XLU,Utilities,35.6150016784668
2023-01-18 14:30:00,XLU,Utilities,34.7599983215332
2023-01-19 14:30:00,XLU,Utilities,34.40999984741211
2023-01-20 14:30:00,XLU,Utilities,34.6150016784668
2023-01-23 14:30:00,XLU,Utilities,34.625
2023-01-24 14:30:00,XLU,Utilities,34.79999923706055
2023-01-25 14:30:00,XLU,Utilities,34.33000183105469
2023-01-26 14:30:00,XLU,Utilities,34.44499969482422
2023-01-27 14:30:00,XLU,Utilities,34.44499969482422
2023-01-30 14:30:00,XLU,Utilities,34.290000915527344
2023-01-31 14:30:00,XLU,Utilities,34.54499816894531
2023-02-01 14:30:00,XLU,Utilities,34.60499954223633
2023-02-02 14:30:00,XLU,Utilities,34.68000030517578
2023-02-03 14:30:00,XLU,Utilities,33.95500183105469
2023-02-06 14:30:00,XLU,Utilities,34.244998931884766
2023-02-07 14:30:00,XLU,Utilities,34.22999954223633
2023-02-08 14:30:00,XLU,Utilities,33.654998779296875
2023-02-09 14:30:00,XLU,Utilities,33.19499969482422
2023-02-10 14:30:00,XLU,Utilities,33.85499954223633
2023-02-13 14:30:00,XLU,Utilities,34.060001373291016
2023-02-14 14:30:00,XLU,Utilities,33.915000915527344
2023-02-15 14:30:00,XLU,Utilities,34.1349983215332
2023-02-16 14:30:00,XLU,Utilities,33.875
2023-02-17 14:30:00,XLU,Utilities,34.2400016784668
2023-02-21 14:30:00,XLU,Utilities,33.599998474121094
2023-02-22 14:30:00,XLU,Utilities,33.470001220703125
2023-02-23 14:30:00,XLU,Utilities,33.29499816894531
2023-02-24 14:30:00,XLU,Utilities,33.30500030517578
2023-02-27 14:30:00,XLU,Utilities,33.08000183105469
2023-02-28 14:30:00,XLU,Utilities,32.5
2023-03-01 14:30:00,XLU,Utilities,31.96500015258789
2023-03-02 14:30:00,XLU,Utilities,32.56999969482422
2023-03-03 14:30:00,XLU,Utilities,33.125
2023-03-06 14:30:00,XLU,Utilities,33.28499984741211
2023-03-07 14:30:00,XLU,Utilities,32.7400016784668
2023-03-08 14:30:00,XLU,Utilities,32.9900016784668
2023-03-09 14:30:00,XLU,Utilities,32.724998474121094
2023-03-10 14:30:00,XLU,Utilities,32.209999084472656
2023-03-13 13:30:00,XLU,Utilities,32.70500183105469
2023-03-14 13:30:00,XLU,Utilities,33.1349983215332
2023-03-15 13:30:00,XLU,Utilities,33.584999084472656
2023-03-16 13:30:00,XLU,Utilities,33.810001373291016
2023-03-17 13:30:00,XLU,Utilities,33.48500061035156
2023-03-20 13:30:00,XLU,Utilities,33.5
2023-03-21 13:30:00,XLU,Utilities,32.82500076293945
2023-03-22 13:30:00,XLU,Utilities,32.18000030517578
2023-03-23 13:30:00,XLU,Utilities,31.850000381469727
2023-03-24 13:30:00,XLU,Utilities,32.845001220703125
2023-03-27 13:30:00,XLU,Utilities,32.8849983215332
2023-03-28 13:30:00,XLU,Utilities,32.974998474121094
2023-03-29 13:30:00,XLU,Utilities,33.45500183105469
2023-03-30 13:30:00,XLU,Utilities,33.599998474121094
2023-03-31 13:30:00,XLU,Utilities,33.845001220703125
2023-04-03 13:30:00,XLU,Utilities,33.6150016784668
2023-04-04 13:30:00,XLU,Utilities,33.78499984741211
2023-04-05 13:30:00,XLU,Utilities,34.65999984741211
2023-04-06 13:30:00,XLU,Utilities,34.904998779296875
2023-04-10 13:30:00,XLU,Utilities,34.834999084472656
2023-04-11 13:30:00,XLU,Utilities,34.8650016784668
2023-04-12 13:30:00,XLU,Utilities,34.83000183105469
2023-04-13 13:30:00,XLU,Utilities,34.834999084472656
2023-04-14 13:30:00,XLU,Utilities,34.44499969482422
2023-04-17 13:30:00,XLU,Utilities,34.6349983215332
2023-04-18 13:30:00,XLU,Utilities,34.45500183105469
2023-04-19 13:30:00,XLU,Utilities,34.720001220703125
2023-04-20 13:30:00,XLU,Utilities,34.709999084472656
2023-04-21 13:30:00,XLU,Utilities,34.810001373291016
2023-04-24 13:30:00,XLU,Utilities,34.98500061035156
2023-04-25 13:30:00,XLU,Utilities,34.95000076293945
2023-04-26 13:30:00,XLU,Utilities,34.130001068115234
2023-04-27 13:30:00,XLU,Utilities,34.540000915527344
2023-04-28 13:30:00,XLU,Utilities,34.4900016784668
2023-05-01 13:30:00,XLU,Utilities,34.54999923706055
2023-05-02 13:30:00,XLU,Utilities,34.130001068115234
2023-05-03 13:30:00,XLU,Utilities,34.03499984741211
2023-05-04 13:30:00,XLU,Utilities,34.29499816894531
2023-05-05 13:30:00,XLU,Utilities,34.51499938964844
2023-05-08 13:30:00,XLU,Utilities,34.40999984741211
2023-05-09 13:30:00,XLU,Utilities,34.3650016784668
2023-05-10 13:30:00,XLU,Utilities,34.68000030517578
2023-05-11 13:30:00,XLU,Utilities,34.32500076293945
2023-05-12 13:30:00,XLU,Utilities,34.51499938964844
2023-05-15 13:30:00,XLU,Utilities,34.08000183105469
2023-05-16 13:30:00,XLU,Utilities,33.32500076293945
2023-05-17 13:30:00,XLU,Utilities,33.20500183105469
2023-05-18 13:30:00,XLU,Utilities,33.10499954223633
2023-05-19 13:30:00,XLU,Utilities,33.05500030517578
2023-05-22 13:30:00,XLU,Utilities,33.064998626708984
2023-05-23 13:30:00,XLU,Utilities,32.95000076293945
2023-05-24 13:30:00,XLU,Utilities,32.73500061035156
2023-05-25 13:30:00,XLU,Utilities,32.29499816894531
2023-05-26 13:30:00,XLU,Utilities,32.29499816894531
2023-05-30 13:30:00,XLU,Utilities,32.16999816894531
2023-05-31 13:30:00,XLU,Utilities,32.46500015258789
2023-06-01 13:30:00,XLU,Utilities,32.224998474121094
2023-06-02 13:30:00,XLU,Utilities,32.560001373291016
2023-06-05 13:30:00,XLU,Utilities,32.71500015258789
2023-06-06 13:30:00,XLU,Utilities,32.689998626708984
2023-06-07 13:30:00,XLU,Utilities,33.244998931884766
2023-06-08 13:30:00,XLU,Utilities,33.38999938964844
2023-06-09 13:30:00,XLU,Utilities,33.19499969482422
2023-06-12 13:30:00,XLU,Utilities,33.1349983215332
2023-06-13 13:30:00,XLU,Utilities,33.130001068115234
2023-06-14 13:30:00,XLU,Utilities,33.11000061035156
2023-06-15 13:30:00,XLU,Utilities,33.470001220703125
2023-06-16 13:30:00,XLU,Utilities,33.650001525878906
2023-06-20 13:30:00,XLU,Utilities,32.9900016784668
2023-06-21 13:30:00,XLU,Utilities,33.255001068115234
2023-06-22 13:30:00,XLU,Utilities,33.0
2023-06-23 13:30:00,XLU,Utilities,32.51499938964844
2023-06-26 13:30:00,XLU,Utilities,32.834999084472656
2023-06-27 13:30:00,XLU,Utilities,32.845001220703125
2023-06-28 13:30:00,XLU,Utilities,32.36000061035156
2023-06-29 13:30:00,XLU,Utilities,32.36000061035156
2023-06-30 13:30:00,XLU,Utilities,32.720001220703125
2023-07-03 13:30:00,XLU,Utilities,32.96500015258789
2023-07-05 13:30:00,XLU,Utilities,33.34000015258789
2023-07-06 13:30:00,XLU,Utilities,32.935001373291016
2023-07-07 13:30:00,XLU,Utilities,32.69499969482422
2023-07-10 13:30:00,XLU,Utilities,32.55500030517578
2023-07-11 13:30:00,XLU,Utilities,32.959999084472656
2023-07-12 13:30:00,XLU,Utilities,33.439998626708984
2023-07-13 13:30:00,XLU,Utilities,33.55500030517578
2023-07-14 13:30:00,XLU,Utilities,33.42499923706055
2023-07-17 13:30:00,XLU,Utilities,33.040000915527344
2023-07-18 13:30:00,XLU,Utilities,32.78499984741211
2023-07-19 13:30:00,XLU,Utilities,33.119998931884766
2023-07-20 13:30:00,XLU,Utilities,33.724998474121094
2023-07-21 13:30:00,XLU,Utilities,34.22999954223633
2023-07-24 13:30:00,XLU,Utilities,34.13999938964844
2023-07-25 13:30:00,XLU,Utilities,34.20000076293945
2023-07-26 13:30:00,XLU,Utilities,34.20000076293945
2023-07-27 13:30:00,XLU,Utilities,33.595001220703125
2023-07-28 13:30:00,XLU,Utilities,33.52000045776367
2023-07-31 13:30:00,XLU,Utilities,33.53499984741211
2023-08-01 13:30:00,XLU,Utilities,33.125
2023-08-02 13:30:00,XLU,Utilities,33.125
2023-08-03 13:30:00,XLU,Utilities,32.369998931884766
2023-08-04 13:30:00,XLU,Utilities,31.9950008392334
2023-08-07 13:30:00,XLU,Utilities,31.989999771118164
2023-08-08 13:30:00,XLU,Utilities,32.13999938964844
2023-08-09 13:30:00,XLU,Utilities,32.209999084472656
2023-08-10 13:30:00,XLU,Utilities,32.11000061035156
2023-08-11 13:30:00,XLU,Utilities,32.28499984741211
2023-08-14 13:30:00,XLU,Utilities,32.029998779296875
2023-08-15 13:30:00,XLU,Utilities,31.510000228881836
2023-08-16 13:30:00,XLU,Utilities,31.649999618530273
2023-08-17 13:30:00,XLU,Utilities,31.579999923706055
2023-08-18 13:30:00,XLU,Utilities,31.7450008392334
2023-08-21 13:30:00,XLU,Utilities,31.545000076293945
2023-08-22 13:30:00,XLU,Utilities,31.635000228881836
2023-08-23 13:30:00,XLU,Utilities,31.760000228881836
2023-08-24 13:30:00,XLU,Utilities,31.575000762939453
2023-08-25 13:30:00,XLU,Utilities,31.815000534057617
2023-08-28 13:30:00,XLU,Utilities,31.809999465942383
2023-08-29 13:30:00,XLU,Utilities,31.93000030517578
2023-08-30 13:30:00,XLU,Utilities,31.78499984741211
2023-08-31 13:30:00,XLU,Utilities,31.479999542236328
2023-09-01 13:30:00,XLU,Utilities,31.31999969482422
2023-09-05 13:30:00,XLU,Utilities,30.84000015258789
2023-09-06 13:30:00,XLU,Utilities,30.90999984741211
2023-09-07 13:30:00,XLU,Utilities,31.315000534057617
2023-09-08 13:30:00,XLU,Utilities,31.59000015258789
2023-09-11 13:30:00,XLU,Utilities,31.719999313354492
2023-09-12 13:30:00,XLU,Utilities,31.760000228881836
2023-09-13 13:30:00,XLU,Utilities,32.13999938964844
2023-09-14 13:30:00,XLU,Utilities,32.61000061035156
2023-09-15 13:30:00,XLU,Utilities,32.470001220703125
2023-09-18 13:30:00,XLU,Utilities,32.185001373291016
2023-09-19 13:30:00,XLU,Utilities,32.0099983215332
2023-09-20 13:30:00,XLU,Utilities,32.040000915527344
2023-09-21 13:30:00,XLU,Utilities,31.704999923706055
2023-09-22 13:30:00,XLU,Utilities,31.645000457763672
2023-09-25 13:30:00,XLU,Utilities,31.600000381469727
2023-09-26 13:30:00,XLU,Utilities,30.655000686645508
2023-09-27 13:30:00,XLU,Utilities,30.065000534057617
2023-09-28 13:30:00,XLU,Utilities,29.415000915527344
2023-09-29 13:30:00,XLU,Utilities,29.46500015258789
2023-10-02 13:30:00,XLU,Utilities,28.094999313354492
2023-10-03 13:30:00,XLU,Utilities,28.420000076293945
2023-10-04 13:30:00,XLU,Utilities,28.389999389648438
2023-10-05 13:30:00,XLU,Utilities,28.225000381469727
2023-10-06 13:30:00,XLU,Utilities,28.625
2023-10-09 13:30:00,XLU,Utilities,28.90999984741211
2023-10-10 13:30:00,XLU,Utilities,29.30500030517578
2023-10-11 13:30:00,XLU,Utilities,29.780000686645508
2023-10-12 13:30:00,XLU,Utilities,29.31999969482422
2023-10-13 13:30:00,XLU,Utilities,29.649999618530273
2023-10-16 13:30:00,XLU,Utilities,29.954999923706055
2023-10-17 13:30:00,XLU,Utilities,29.875
2023-10-18 13:30:00,XLU,Utilities,29.614999771118164
2023-10-19 13:30:00,XLU,Utilities,29.31999969482422
2023-10-20 13:30:00,XLU,Utilities,29.014999389648438
2023-10-23 13:30:00,XLU,Utilities,28.770000457763672
2023-10-24 13:30:00,XLU,Utilities,29.510000228881836
2023-10-25 13:30:00,XLU,Utilities,29.674999237060547
2023-10-26 13:30:00,XLU,Utilities,29.93000030517578
2023-10-27 13:30:00,XLU,Utilities,29.364999771118164
2023-10-30 13:30:00,XLU,Utilities,29.59000015258789
2023-10-31 13:30:00,XLU,Utilities,29.844999313354492
2023-11-01 13:30:00,XLU,Utilities,30.184999465942383
2023-11-02 13:30:00,XLU,Utilities,30.75
2023-11-03 13:30:00,XLU,Utilities,30.93000030517578
2023-11-06 14:30:00,XLU,Utilities,30.850000381469727
2023-11-07 14:30:00,XLU,Utilities,30.625
2023-11-08 14:30:00,XLU,Utilities,30.399999618530273
2023-11-09 14:30:00,XLU,Utilities,30.0
2023-11-10 14:30:00,XLU,Utilities,30.15999984741211
2023-11-13 14:30:00,XLU,Utilities,29.799999237060547
2023-11-14 14:30:00,XLU,Utilities,30.989999771118164
2023-11-15 14:30:00,XLU,Utilities,30.895000457763672
2023-11-16 14:30:00,XLU,Utilities,31.059999465942383
2023-11-17 14:30:00,XLU,Utilities,31.145000457763672
2023-11-20 14:30:00,XLU,Utilities,31.049999237060547
2023-11-21 14:30:00,XLU,Utilities,31.114999771118164
2023-11-22 14:30:00,XLU,Utilities,31.264999389648438
2023-11-24 14:30:00,XLU,Utilities,31.344999313354492
2023-11-27 14:30:00,XLU,Utilities,31.395000457763672
2023-11-28 14:30:00,XLU,Utilities,31.4950008392334
2023-11-29 14:30:00,XLU,Utilities,31.2450008392334
2023-11-30 14:30:00,XLU,Utilities,31.3799991607666
2023-12-01 14:30:00,XLU,Utilities,31.764999389648438
2023-12-04 14:30:00,XLU,Utilities,31.639999389648438
2023-12-05 14:30:00,XLU,Utilities,31.415000915527344
2023-12-06 14:30:00,XLU,Utilities,31.834999084472656
2023-12-07 14:30:00,XLU,Utilities,31.764999389648438
2023-12-08 14:30:00,XLU,Utilities,31.704999923706055
2023-12-11 14:30:00,XLU,Utilities,31.90999984741211
2023-12-12 14:30:00,XLU,Utilities,31.780000686645508
2023-12-13 14:30:00,XLU,Utilities,32.97999954223633
2023-12-14 14:30:00,XLU,Utilities,32.54999923706055
2023-12-15 14:30:00,XLU,Utilities,31.985000610351562
2023-12-18 14:30:00,XLU,Utilities,31.614999771118164
2023-12-19 14:30:00,XLU,Utilities,31.795000076293945
2023-12-20 14:30:00,XLU,Utilities,31.149999618530273
2023-12-21 14:30:00,XLU,Utilities,31.204999923706055
2023-12-22 14:30:00,XLU,Utilities,31.309999465942383
2023-12-26 14:30:00,XLU,Utilities,31.5
2023-12-27 14:30:00,XLU,Utilities,31.479999542236328
2023-12-28 14:30:00,XLU,Utilities,31.704999923706055
2023-12-29 14:30:00,XLU,Utilities,31.665000915527344
2024-01-02 14:30:00,XLU,Utilities,32.125
2024-01-03 14:30:00,XLU,Utilities,32.244998931884766
2024-01-04 14:30:00,XLU,Utilities,32.14500045776367
2024-01-05 14:30:00,XLU,Utilities,32.26499938964844
2024-01-08 14:30:00,XLU,Utilities,32.5
2024-01-09 14:30:00,XLU,Utilities,32.23500061035156
2024-01-10 14:30:00,XLU,Utilities,32.22999954223633
2024-01-11 14:30:00,XLU,Utilities,31.479999542236328
2024-01-12 14:30:00,XLU,Utilities,31.65999984741211
2024-01-16 14:30:00,XLU,Utilities,31.315000534057617
2024-01-17 14:30:00,XLU,Utilities,30.860000610351562
2024-01-18 14:30:00,XLU,Utilities,30.530000686645508
2024-01-19 14:30:00,XLU,Utilities,30.489999771118164
2024-01-22 14:30:00,XLU,Utilities,30.334999084472656
2024-01-23 14:30:00,XLU,Utilities,30.389999389648438
2024-01-24 14:30:00,XLU,Utilities,29.975000381469727
2024-01-25 14:30:00,XLU,Utilities,30.514999389648438
2024-01-26 14:30:00,XLU,Utilities,30.604999542236328
2024-01-29 14:30:00,XLU,Utilities,30.799999237060547
2024-01-30 14:30:00,XLU,Utilities,30.790000915527344
2024-01-31 14:30:00,XLU,Utilities,30.725000381469727
2024-02-01 14:30:00,XLU,Utilities,31.309999465942383
2024-02-02 14:30:00,XLU,Utilities,30.7450008392334
2024-02-05 14:30:00,XLU,Utilities,30.104999542236328
2024-02-06 14:30:00,XLU,Utilities,30.21500015258789
2024-02-07 14:30:00,XLU,Utilities,30.235000610351562
2024-02-08 14:30:00,XLU,Utilities,30.020000457763672
2024-02-09 14:30:00,XLU,Utilities,30.135000228881836
2024-02-12 14:30:00,XLU,Utilities,30.485000610351562
2024-02-13 14:30:00,XLU,Utilities,29.979999542236328
2024-02-14 14:30:00,XLU,Utilities,30.145000457763672
2024-02-15 14:30:00,XLU,Utilities,30.649999618530273
2024-02-16 14:30:00,XLU,Utilities,30.614999771118164
2024-02-20 14:30:00,XLU,Utilities,30.594999313354492
2024-02-21 14:30:00,XLU,Utilities,31.0
2024-02-22 14:30:00,XLU,Utilities,30.760000228881836
2024-02-23 14:30:00,XLU,Utilities,30.979999542236328
2024-02-26 14:30:00,XLU,Utilities,30.3700008392334
2024-02-27 14:30:00,XLU,Utilities,30.94499969482422
2024-02-28 14:30:00,XLU,Utilities,31.040000915527344
2024-02-29 14:30:00,XLU,Utilities,31.049999237060547
2024-03-01 14:30:00,XLU,Utilities,30.860000610351562
2024-03-04 14:30:00,XLU,Utilities,31.3799991607666
2024-03-05 14:30:00,XLU,Utilities,31.290000915527344
2024-03-06 14:30:00,XLU,Utilities,31.59000015258789
2024-03-07 14:30:00,XLU,Utilities,31.795000076293945
2024-03-08 14:30:00,XLU,Utilities,31.875
2024-03-11 13:30:00,XLU,Utilities,32.03499984741211
2024-03-12 13:30:00,XLU,Utilities,31.725000381469727
2024-03-13 13:30:00,XLU,Utilities,31.940000534057617
2024-03-14 13:30:00,XLU,Utilities,31.684999465942383
2024-03-15 13:30:00,XLU,Utilities,31.729999542236328
2024-03-18 13:30:00,XLU,Utilities,31.614999771118164
2024-03-19 13:30:00,XLU,Utilities,31.895000457763672
2024-03-20 13:30:00,XLU,Utilities,31.934999465942383
2024-03-21 13:30:00,XLU,Utilities,31.885000228881836
2024-03-22 13:30:00,XLU,Utilities,31.93000030517578
2024-03-25 13:30:00,XLU,Utilities,32.08000183105469
2024-03-26 13:30:00,XLU,Utilities,31.71500015258789
2024-03-27 13:30:00,XLU,Utilities,32.599998474121094
2024-03-28 13:30:00,XLU,Utilities,32.82500076293945
2024-04-01 13:30:00,XLU,Utilities,32.625
2024-04-02 13:30:00,XLU,Utilities,32.68000030517578
2024-04-03 13:30:00,XLU,Utilities,32.54999923706055
2024-04-04 13:30:00,XLU,Utilities,32.48500061035156
2024-04-05 13:30:00,XLU,Utilities,32.58000183105469
2024-04-08 13:30:00,XLU,Utilities,32.79499816894531
2024-04-09 13:30:00,XLU,Utilities,32.974998474121094
2024-04-10 13:30:00,XLU,Utilities,32.40999984741211
2024-04-11 13:30:00,XLU,Utilities,32.345001220703125
2024-04-12 13:30:00,XLU,Utilities,32.099998474121094
2024-04-15 13:30:00,XLU,Utilities,31.80500030517578
2024-04-16 13:30:00,XLU,Utilities,31.385000228881836
2024-04-17 13:30:00,XLU,Utilities,32.040000915527344
2024-04-18 13:30:00,XLU,Utilities,32.220001220703125
2024-04-19 13:30:00,XLU,Utilities,32.71500015258789
2024-04-22 13:30:00,XLU,Utilities,33.01499938964844
2024-04-23 13:30:00,XLU,Utilities,33.16999816894531
2024-04-24 13:30:00,XLU,Utilities,33.369998931884766
2024-04-25 13:30:00,XLU,Utilities,33.459999084472656
2024-04-26 13:30:00,XLU,Utilities,33.095001220703125
2024-04-29 13:30:00,XLU,Utilities,33.54499816894531
2024-04-30 13:30:00,XLU,Utilities,33.369998931884766
2024-05-01 13:30:00,XLU,Utilities,33.755001068115234
2024-05-02 13:30:00,XLU,Utilities,33.935001373291016
2024-05-03 13:30:00,XLU,Utilities,34.20500183105469
2024-05-06 13:30:00,XLU,Utilities,34.380001068115234
2024-05-07 13:30:00,XLU,Utilities,34.77000045776367
2024-05-08 13:30:00,XLU,Utilities,35.1349983215332
2024-05-09 13:30:00,XLU,Utilities,35.66999816894531
2024-05-10 13:30:00,XLU,Utilities,35.6349983215332
2024-05-13 13:30:00,XLU,Utilities,35.6349983215332
2024-05-14 13:30:00,XLU,Utilities,35.72999954223633
2024-05-15 13:30:00,XLU,Utilities,36.26499938964844
2024-05-16 13:30:00,XLU,Utilities,36.13999938964844
2024-05-17 13:30:00,XLU,Utilities,36.16999816894531
2024-05-20 13:30:00,XLU,Utilities,36.11000061035156
2024-05-21 13:30:00,XLU,Utilities,36.435001373291016
2024-05-22 13:30:00,XLU,Utilities,36.005001068115234
2024-05-23 13:30:00,XLU,Utilities,35.39500045776367
2024-05-24 13:30:00,XLU,Utilities,35.75
2024-05-28 13:30:00,XLU,Utilities,35.71500015258789
2024-05-29 13:30:00,XLU,Utilities,35.255001068115234
2024-05-30 13:30:00,XLU,Utilities,35.72999954223633
2024-05-31 13:30:00,XLU,Utilities,36.36000061035156
2024-06-03 13:30:00,XLU,Utilities,35.94499969482422
2024-06-04 13:30:00,XLU,Utilities,35.93000030517578
2024-06-05 13:30:00,XLU,Utilities,35.724998474121094
2024-06-06 13:30:00,XLU,Utilities,35.35499954223633
2024-06-07 13:30:00,XLU,Utilities,34.970001220703125
2024-06-10 13:30:00,XLU,Utilities,35.41999816894531
2024-06-11 13:30:00,XLU,Utilities,35.20500183105469
2024-06-12 13:30:00,XLU,Utilities,34.974998474121094
2024-06-13 13:30:00,XLU,Utilities,35.05500030517578
2024-06-14 13:30:00,XLU,Utilities,34.970001220703125
2024-06-17 13:30:00,XLU,Utilities,34.584999084472656
2024-06-18 13:30:00,XLU,Utilities,34.599998474121094
2024-06-20 13:30:00,XLU,Utilities,34.900001525878906
2024-06-21 13:30:00,XLU,Utilities,34.69499969482422
2024-06-24 13:30:00,XLU,Utilities,34.869998931884766
2024-06-25 13:30:00,XLU,Utilities,34.540000915527344
2024-06-26 13:30:00,XLU,Utilities,34.39500045776367
2024-06-27 13:30:00,XLU,Utilities,34.45500183105469
2024-06-28 13:30:00,XLU,Utilities,34.06999969482422
2024-07-01 13:30:00,XLU,Utilities,33.834999084472656
2024-07-02 13:30:00,XLU,Utilities,34.0099983215332
2024-07-03 13:30:00,XLU,Utilities,34.21500015258789
2024-07-05 13:30:00,XLU,Utilities,34.275001525878906
2024-07-08 13:30:00,XLU,Utilities,34.310001373291016
2024-07-09 13:30:00,XLU,Utilities,34.40999984741211
2024-07-10 13:30:00,XLU,Utilities,34.73500061035156
2024-07-11 13:30:00,XLU,Utilities,35.369998931884766
2024-07-12 13:30:00,XLU,Utilities,35.630001068115234
2024-07-15 13:30:00,XLU,Utilities,34.76499938964844
2024-07-16 13:30:00,XLU,Utilities,35.03499984741211
2024-07-17 13:30:00,XLU,Utilities,35.05500030517578
2024-07-18 13:30:00,XLU,Utilities,35.025001525878906
2024-07-19 13:30:00,XLU,Utilities,35.064998626708984
2024-07-22 13:30:00,XLU,Utilities,35.36000061035156
2024-07-23 13:30:00,XLU,Utilities,35.13999938964844
2024-07-24 13:30:00,XLU,Utilities,35.53499984741211
2024-07-25 13:30:00,XLU,Utilities,35.2400016784668
2024-07-26 13:30:00,XLU,Utilities,35.584999084472656
2024-07-29 13:30:00,XLU,Utilities,35.744998931884766
2024-07-30 13:30:00,XLU,Utilities,35.93000030517578
2024-07-31 13:30:00,XLU,Utilities,36.39500045776367
2024-08-01 13:30:00,XLU,Utilities,37.04999923706055
2024-08-02 13:30:00,XLU,Utilities,37.11000061035156
2024-08-05 13:30:00,XLU,Utilities,36.130001068115234
2024-08-06 13:30:00,XLU,Utilities,36.435001373291016
2024-08-07 13:30:00,XLU,Utilities,36.63999938964844
2024-08-08 13:30:00,XLU,Utilities,36.68000030517578
2024-08-09 13:30:00,XLU,Utilities,36.80500030517578
2024-08-12 13:30:00,XLU,Utilities,36.869998931884766
2024-08-13 13:30:00,XLU,Utilities,37.084999084472656
2024-08-14 13:30:00,XLU,Utilities,37.060001373291016
2024-08-15 13:30:00,XLU,Utilities,37.05500030517578
2024-08-16 13:30:00,XLU,Utilities,37.220001220703125
2024-08-19 13:30:00,XLU,Utilities,37.46500015258789
2024-08-20 13:30:00,XLU,Utilities,37.3849983215332
2024-08-21 13:30:00,XLU,Utilities,37.650001525878906
2024-08-22 13:30:00,XLU,Utilities,37.60499954223633
2024-08-23 13:30:00,XLU,Utilities,37.709999084472656
2024-08-26 13:30:00,XLU,Utilities,37.95500183105469
2024-08-27 13:30:00,XLU,Utilities,37.654998779296875
2024-08-28 13:30:00,XLU,Utilities,37.654998779296875
2024-08-29 13:30:00,XLU,Utilities,37.86000061035156
2024-08-30 13:30:00,XLU,Utilities,38.14500045776367
2024-09-03 13:30:00,XLU,Utilities,38.09000015258789
2024-09-04 13:30:00,XLU,Utilities,38.415000915527344
2024-09-05 13:30:00,XLU,Utilities,38.31999969482422
2024-09-06 13:30:00,XLU,Utilities,37.95500183105469
2024-09-09 13:30:00,XLU,Utilities,38.34000015258789
2024-09-10 13:30:00,XLU,Utilities,38.52000045776367
2024-09-11 13:30:00,XLU,Utilities,38.63999938964844
2024-09-12 13:30:00,XLU,Utilities,38.724998474121094
2024-09-13 13:30:00,XLU,Utilities,39.27000045776367
2024-09-16 13:30:00,XLU,Utilities,39.56999969482422
2024-09-17 13:30:00,XLU,Utilities,39.540000915527344
2024-09-18 13:30:00,XLU,Utilities,39.2400016784668
2024-09-19 13:30:00,XLU,Utilities,39.0099983215332
2024-09-20 13:30:00,XLU,Utilities,40.040000915527344
2024-09-23 13:30:00,XLU,Utilities,40.165000915527344
2024-09-24 13:30:00,XLU,Utilities,39.880001068115234
2024-09-25 13:30:00,XLU,Utilities,40.09000015258789
2024-09-26 13:30:00,XLU,Utilities,39.814998626708984
2024-09-27 13:30:00,XLU,Utilities,40.209999084472656
2024-09-30 13:30:00,XLU,Utilities,40.38999938964844
2024-10-01 13:30:00,XLU,Utilities,40.71500015258789
2024-10-02 13:30:00,XLU,Utilities,40.73500061035156
2024-10-03 13:30:00,XLU,Utilities,40.720001220703125
2024-10-04 13:30:00,XLU,Utilities,40.654998779296875
2024-10-07 13:30:00,XLU,Utilities,39.720001220703125
2024-10-08 13:30:00,XLU,Utilities,39.7400016784668
2024-10-09 13:30:00,XLU,Utilities,39.400001525878906
2024-10-10 13:30:00,XLU,Utilities,39.279998779296875
2024-10-11 13:30:00,XLU,Utilities,39.625
2024-10-14 13:30:00,XLU,Utilities,40.125
2024-10-15 13:30:00,XLU,Utilities,40.30500030517578
2024-10-16 13:30:00,XLU,Utilities,41.10499954223633
2024-10-17 13:30:00,XLU,Utilities,40.7400016784668
2024-10-18 13:30:00,XLU,Utilities,40.974998474121094
2024-10-21 13:30:00,XLU,Utilities,40.814998626708984
2024-10-22 13:30:00,XLU,Utilities,40.66999816894531
2024-10-23 13:30:00,XLU,Utilities,41.060001373291016
2024-10-24 13:30:00,XLU,Utilities,40.79499816894531
2024-10-25 13:30:00,XLU,Utilities,40.189998626708984
2024-10-28 13:30:00,XLU,Utilities,40.505001068115234
2024-10-29 13:30:00,XLU,Utilities,39.63999938964844
2024-10-30 13:30:00,XLU,Utilities,39.54499816894531
2024-10-31 13:30:00,XLU,Utilities,39.95500183105469
2024-11-01 13:30:00,XLU,Utilities,39.064998626708984
2024-11-04 14:30:00,XLU,Utilities,38.599998474121094
2024-11-05 14:30:00,XLU,Utilities,39.18000030517578
2024-11-06 14:30:00,XLU,Utilities,38.775001525878906
2024-11-07 14:30:00,XLU,Utilities,38.845001220703125
2024-11-08 14:30:00,XLU,Utilities,39.59000015258789
2024-11-11 14:30:00,XLU,Utilities,39.70000076293945
2024-11-12 14:30:00,XLU,Utilities,39.244998931884766
2024-11-13 14:30:00,XLU,Utilities,39.17499923706055
2024-11-14 14:30:00,XLU,Utilities,39.040000915527344
2024-11-15 14:30:00,XLU,Utilities,39.625
2024-11-18 14:30:00,XLU,Utilities,39.970001220703125
2024-11-19 14:30:00,XLU,Utilities,40.224998474121094
2024-11-20 14:30:00,XLU,Utilities,40.244998931884766
2024-11-21 14:30:00,XLU,Utilities,40.94499969482422
2024-11-22 14:30:00,XLU,Utilities,40.724998474121094
2024-11-25 14:30:00,XLU,Utilities,40.79999923706055
2024-11-26 14:30:00,XLU,Utilities,41.45000076293945
2024-11-27 14:30:00,XLU,Utilities,41.45000076293945
2024-11-29 14:30:00,XLU,Utilities,41.46500015258789
2024-12-02 14:30:00,XLU,Utilities,40.57500076293945
2024-12-03 14:30:00,XLU,Utilities,40.224998474121094
2024-12-04 14:30:00,XLU,Utilities,40.220001220703125
2024-12-05 14:30:00,XLU,Utilities,40.345001220703125
2024-12-06 14:30:00,XLU,Utilities,39.845001220703125
2024-12-09 14:30:00,XLU,Utilities,39.345001220703125
2024-12-10 14:30:00,XLU,Utilities,39.060001373291016
2024-12-11 14:30:00,XLU,Utilities,38.814998626708984
2024-12-12 14:30:00,XLU,Utilities,38.79499816894531
2024-12-13 14:30:00,XLU,Utilities,38.81999969482422
2024-12-16 14:30:00,XLU,Utilities,38.5099983215332
2024-12-17 14:30:00,XLU,Utilities,38.349998474121094
2024-12-18 14:30:00,XLU,Utilities,37.44499969482422
2024-12-19 14:30:00,XLU,Utilities,37.6150016784668
2024-12-20 14:30:00,XLU,Utilities,38.21500015258789
2024-12-23 14:30:00,XLU,Utilities,38.029998779296875
2024-12-24 14:30:00,XLU,Utilities,38.2400016784668
2024-12-26 14:30:00,XLU,Utilities,38.150001525878906
2024-12-27 14:30:00,XLU,Utilities,38.040000915527344
2024-12-30 14:30:00,XLU,Utilities,37.880001068115234
2024-12-31 14:30:00,XLU,Utilities,37.845001220703125
2025-01-02 14:30:00,XLU,Utilities,38.1349983215332
2025-01-03 14:30:00,XLU,Utilities,38.540000915527344
2025-01-06 14:30:00,XLU,Utilities,38.11000061035156
2025-01-07 14:30:00,XLU,Utilities,38.01499938964844
2025-01-08 14:30:00,XLU,Utilities,38.005001068115234
2025-01-10 14:30:00,XLU,Utilities,37.790000915527344
2025-01-13 14:30:00,XLU,Utilities,37.349998474121094
2025-01-14 14:30:00,XLU,Utilities,37.84000015258789
2025-01-15 14:30:00,XLU,Utilities,38.39500045776367
2025-01-16 14:30:00,XLU,Utilities,39.3650016784668
2025-01-17 14:30:00,XLU,Utilities,39.41999816894531
2025-01-21 14:30:00,XLU,Utilities,40.025001525878906
2025-01-22 14:30:00,XLU,Utilities,39.15999984741211
2025-01-23 14:30:00,XLU,Utilities,39.345001220703125
2025-01-24 14:30:00,XLU,Utilities,39.744998931884766
2025-01-27 14:30:00,XLU,Utilities,38.82500076293945
2025-01-28 14:30:00,XLU,Utilities,38.290000915527344
2025-01-29 14:30:00,XLU,Utilities,38.369998931884766
2025-01-30 14:30:00,XLU,Utilities,39.16999816894531
2025-01-31 14:30:00,XLU,Utilities,38.939998626708984
2025-02-03 14:30:00,XLU,Utilities,39.150001525878906
2025-02-04 14:30:00,XLU,Utilities,38.80500030517578
2025-02-05 14:30:00,XLU,Utilities,39.19499969482422
2025-02-06 14:30:00,XLU,Utilities,39.150001525878906
2025-02-07 14:30:00,XLU,Utilities,39.06999969482422
2025-02-10 14:30:00,XLU,Utilities,39.494998931884766
2025-02-11 14:30:00,XLU,Utilities,39.69499969482422
2025-02-12 14:30:00,XLU,Utilities,39.625
2025-02-13 14:30:00,XLU,Utilities,39.71500015258789
2025-02-14 14:30:00,XLU,Utilities,39.54999923706055
2025-02-18 14:30:00,XLU,Utilities,39.91999816894531
2025-02-19 14:30:00,XLU,Utilities,40.130001068115234
2025-02-20 14:30:00,XLU,Utilities,40.125
2025-02-21 14:30:00,XLU,Utilities,40.1349983215332
2025-02-24 14:30:00,XLU,Utilities,39.935001373291016
2025-02-25 14:30:00,XLU,Utilities,39.73500061035156
2025-02-26 14:30:00,XLU,Utilities,39.900001525878906
2025-02-27 14:30:00,XLU,Utilities,39.01499938964844
2025-02-28 14:30:00,XLU,Utilities,39.61000061035156
2025-03-03 14:30:00,XLU,Utilities,39.665000915527344
2025-03-04 14:30:00,XLU,Utilities,39.02000045776367
2025-03-05 14:30:00,XLU,Utilities,38.744998931884766
2025-03-06 14:30:00,XLU,Utilities,37.939998626708984
2025-03-07 14:30:00,XLU,Utilities,38.64500045776367
2025-03-10 13:30:00,XLU,Utilities,39.06999969482422
2025-03-11 13:30:00,XLU,Utilities,38.70500183105469
2025-03-12 13:30:00,XLU,Utilities,38.584999084472656
2025-03-13 13:30:00,XLU,Utilities,38.68000030517578
2025-03-14 13:30:00,XLU,Utilities,39.435001373291016
2025-03-17 13:30:00,XLU,Utilities,39.599998474121094
2025-03-18 13:30:00,XLU,Utilities,39.32500076293945
2025-03-19 13:30:00,XLU,Utilities,39.470001220703125
2025-03-20 13:30:00,XLU,Utilities,39.630001068115234
2025-03-21 13:30:00,XLU,Utilities,39.375
2025-03-24 13:30:00,XLU,Utilities,39.084999084472656
2025-03-25 13:30:00,XLU,Utilities,38.459999084472656
2025-03-26 13:30:00,XLU,Utilities,38.71500015258789
2025-03-27 13:30:00,XLU,Utilities,38.70500183105469
2025-03-28 13:30:00,XLU,Utilities,38.9900016784668
2025-03-31 13:30:00,XLU,Utilities,39.42499923706055
2025-04-01 13:30:00,XLU,Utilities,39.525001525878906
2025-04-02 13:30:00,XLU,Utilities,39.709999084472656
2025-04-03 13:30:00,XLU,Utilities,39.459999084472656
2025-04-04 13:30:00,XLU,Utilities,37.26499938964844
2025-04-07 13:30:00,XLU,Utilities,36.69499969482422
2025-04-08 13:30:00,XLU,Utilities,36.54499816894531
2025-04-09 13:30:00,XLU,Utilities,37.98500061035156
2025-04-10 13:30:00,XLU,Utilities,37.70000076293945
2025-04-11 13:30:00,XLU,Utilities,38.15999984741211
2025-04-14 13:30:00,XLU,Utilities,38.845001220703125
2025-04-15 13:30:00,XLU,Utilities,38.84000015258789
2025-04-16 13:30:00,XLU,Utilities,38.4900016784668
2025-04-17 13:30:00,XLU,Utilities,38.8849983215332
2025-04-21 13:30:00,XLU,Utilities,37.96500015258789
2025-04-22 13:30:00,XLU,Utilities,39.0
2025-04-23 13:30:00,XLU,Utilities,39.165000915527344
2025-04-24 13:30:00,XLU,Utilities,39.224998474121094
2025-04-25 13:30:00,XLU,Utilities,39.10499954223633
2025-04-28 13:30:00,XLU,Utilities,39.345001220703125
2025-04-29 13:30:00,XLU,Utilities,39.650001525878906
2025-04-30 13:30:00,XLU,Utilities,39.45000076293945
2025-05-01 13:30:00,XLU,Utilities,39.564998626708984
2025-05-02 13:30:00,XLU,Utilities,39.875
2025-05-05 13:30:00,XLU,Utilities,39.775001525878906
2025-05-06 13:30:00,XLU,Utilities,40.2599983215332
2025-05-07 13:30:00,XLU,Utilities,40.375
2025-05-08 13:30:00,XLU,Utilities,40.04999923706055
2025-05-09 13:30:00,XLU,Utilities,40.119998931884766
2025-05-12 13:30:00,XLU,Utilities,39.880001068115234
2025-05-13 13:30:00,XLU,Utilities,39.82500076293945
2025-05-14 13:30:00,XLU,Utilities,39.650001525878906
2025-05-15 13:30:00,XLU,Utilities,40.494998931884766
2025-05-16 13:30:00,XLU,Utilities,41.09000015258789
2025-05-19 13:30:00,XLU,Utilities,41.26499938964844
2025-05-20 13:30:00,XLU,Utilities,41.3849983215332
2025-05-21 13:30:00,XLU,Utilities,40.630001068115234
2025-05-22 13:30:00,XLU,Utilities,40.04999923706055
2025-05-23 13:30:00,XLU,Utilities,40.529998779296875
2025-05-27 13:30:00,XLU,Utilities,40.834999084472656
2025-05-28 13:30:00,XLU,Utilities,40.26499938964844
2025-05-29 13:30:00,XLU,Utilities,40.54499816894531
2025-05-30 13:30:00,XLU,Utilities,40.959999084472656
2025-06-02 13:30:00,XLU,Utilities,41.09000015258789
2025-06-03 13:30:00,XLU,Utilities,41.20000076293945
2025-06-04 13:30:00,XLU,Utilities,40.47999954223633
2025-06-05 13:30:00,XLU,Utilities,40.415000915527344
2025-06-06 13:30:00,XLU,Utilities,40.595001220703125
2025-06-09 13:30:00,XLU,Utilities,40.334999084472656
2025-06-10 13:30:00,XLU,Utilities,40.43000030517578
2025-06-11 13:30:00,XLU,Utilities,40.45500183105469
2025-06-12 13:30:00,XLU,Utilities,40.94499969482422
2025-06-13 13:30:00,XLU,Utilities,40.709999084472656
2025-06-16 13:30:00,XLU,Utilities,40.5099983215332
2025-06-17 13:30:00,XLU,Utilities,40.17499923706055
2025-06-18 13:30:00,XLU,Utilities,40.279998779296875
2025-06-20 13:30:00,XLU,Utilities,40.38999938964844
2025-06-23 13:30:00,XLU,Utilities,40.619998931884766
2025-06-24 13:30:00,XLU,Utilities,40.79499816894531
2025-06-25 13:30:00,XLU,Utilities,40.25
2025-06-26 13:30:00,XLU,Utilities,40.584999084472656
2025-06-27 13:30:00,XLU,Utilities,40.665000915527344
2025-06-30 13:30:00,XLU,Utilities,40.83000183105469
2025-07-01 13:30:00,XLU,Utilities,40.970001220703125
2025-07-02 13:30:00,XLU,Utilities,40.6150016784668
2025-07-03 13:30:00,XLU,Utilities,40.91999816894531
2025-07-07 13:30:00,XLU,Utilities,41.005001068115234
2025-07-08 13:30:00,XLU,Utilities,40.56999969482422
2025-07-09 13:30:00,XLU,Utilities,40.95000076293945
2025-07-10 13:30:00,XLU,Utilities,41.28499984741211
2025-07-11 13:30:00,XLU,Utilities,41.224998474121094
2025-07-14 13:30:00,XLU,Utilities,41.38999938964844
2025-07-15 13:30:00,XLU,Utilities,40.994998931884766
2025-07-16 13:30:00,XLU,Utilities,41.01499938964844
2025-07-17 13:30:00,XLU,Utilities,41.185001373291016
2025-07-18 13:30:00,XLU,Utilities,41.875
2025-07-21 13:30:00,XLU,Utilities,42.0099983215332
2025-07-22 13:30:00,XLU,Utilities,42.525001525878906
2025-07-23 13:30:00,XLU,Utilities,42.20500183105469
2025-07-24 13:30:00,XLU,Utilities,42.150001525878906
2025-07-25 13:30:00,XLU,Utilities,42.2599983215332
2025-07-28 13:30:00,XLU,Utilities,41.810001373291016
2025-07-29 13:30:00,XLU,Utilities,42.290000915527344
2025-07-30 13:30:00,XLU,Utilities,42.60499954223633
2025-07-31 13:30:00,XLU,Utilities,42.834999084472656
2025-08-01 13:30:00,XLU,Utilities,42.900001525878906
2025-08-04 13:30:00,XLU,Utilities,43.65999984741211
2025-08-05 13:30:00,XLU,Utilities,43.19499969482422
2025-08-06 13:30:00,XLU,Utilities,42.810001373291016
2025-08-07 13:30:00,XLU,Utilities,43.275001525878906
2025-08-08 13:30:00,XLU,Utilities,43.09000015258789
2025-08-11 13:30:00,XLU,Utilities,42.95500183105469
2025-08-12 13:30:00,XLU,Utilities,43.13999938964844
2025-08-13 13:30:00,XLU,Utilities,43.23500061035156
2025-08-14 13:30:00,XLU,Utilities,42.935001373291016
2025-08-15 13:30:00,XLU,Utilities,42.810001373291016
2025-08-18 13:30:00,XLU,Utilities,42.625
2025-08-19 13:30:00,XLU,Utilities,43.040000915527344
2025-08-20 13:30:00,XLU,Utilities,43.084999084472656
2025-08-21 13:30:00,XLU,Utilities,42.790000915527344
2025-08-22 13:30:00,XLU,Utilities,43.02000045776367
2025-08-25 13:30:00,XLU,Utilities,42.53499984741211
2025-08-26 13:30:00,XLU,Utilities,42.630001068115234
2025-08-27 13:30:00,XLU,Utilities,42.63999938964844
2025-08-28 13:30:00,XLU,Utilities,42.314998626708984
2025-08-29 13:30:00,XLU,Utilities,42.15999984741211
2025-09-02 13:30:00,XLU,Utilities,42.02000045776367
2025-09-03 13:30:00,XLU,Utilities,41.915000915527344
2025-09-04 13:30:00,XLU,Utilities,41.8650016784668
2025-09-05 13:30:00,XLU,Utilities,41.73500061035156
2025-09-08 13:30:00,XLU,Utilities,41.310001373291016
2025-09-09 13:30:00,XLU,Utilities,41.595001220703125
2025-09-10 13:30:00,XLU,Utilities,42.310001373291016
2025-09-11 13:30:00,XLU,Utilities,42.53499984741211
2025-09-12 13:30:00,XLU,Utilities,42.75
2025-09-15 13:30:00,XLU,Utilities,42.849998474121094
2025-09-16 13:30:00,XLU,Utilities,42.06999969482422
2025-09-17 13:30:00,XLU,Utilities,42.17499923706055
2025-09-18 13:30:00,XLU,Utilities,42.20500183105469
2025-09-19 13:30:00,XLU,Utilities,42.474998474121094
2025-09-22 13:30:00,XLU,Utilities,42.599998474121094
2025-09-23 13:30:00,XLU,Utilities,42.81999969482422
2025-09-24 13:30:00,XLU,Utilities,43.125
2025-09-25 13:30:00,XLU,Utilities,42.709999084472656
2025-09-26 13:30:00,XLU,Utilities,43.404998779296875
2025-09-29 13:30:00,XLU,Utilities,43.529998779296875
2025-09-30 13:30:00,XLU,Utilities,43.60499954223633
2025-10-01 13:30:00,XLU,Utilities,44.025001525878906
2025-10-02 13:30:00,XLU,Utilities,43.94499969482422
2025-10-03 13:30:00,XLU,Utilities,44.45500183105469
2025-10-06 13:30:00,XLU,Utilities,44.8849983215332
2025-10-07 13:30:00,XLU,Utilities,45.09000015258789
2025-10-08 13:30:00,XLU,Utilities,45.400001525878906
2025-10-09 13:30:00,XLU,Utilities,45.28499984741211
2025-10-10 13:30:00,XLU,Utilities,45.099998474121094
2025-10-13 13:30:00,XLU,Utilities,45.44499969482422
2025-10-14 13:30:00,XLU,Utilities,45.849998474121094
2025-10-15 13:30:00,XLU,Utilities,46.45000076293945
2025-10-16 13:30:00,XLU,Utilities,45.94499969482422
2025-10-17 13:30:00,XLU,Utilities,45.78499984741211
2025-10-20 13:30:00,XLU,Utilities,45.77000045776367
2025-10-21 13:30:00,XLU,Utilities,45.30500030517578
2025-10-22 13:30:00,XLU,Utilities,45.20000076293945
2025-10-23 13:30:00,XLU,Utilities,45.165000915527344
2025-10-24 13:30:00,XLU,Utilities,45.69499969482422
2025-10-27 13:30:00,XLU,Utilities,45.81999969482422
2025-10-28 13:30:00,XLU,Utilities,45.064998626708984
2025-10-29 13:30:00,XLU,Utilities,45.04999923706055
2025-10-30 13:30:00,XLU,Utilities,44.86000061035156
2025-10-31 13:30:00,XLU,Utilities,44.54999923706055
2025-11-03 14:30:00,XLU,Utilities,44.57500076293945
2025-11-04 14:30:00,XLU,Utilities,44.415000915527344
2025-11-05 14:30:00,XLU,Utilities,44.42499923706055
2025-11-06 14:30:00,XLU,Utilities,44.22999954223633
2025-11-07 14:30:00,XLU,Utilities,44.845001220703125
2025-11-10 14:30:00,XLU,Utilities,44.83000183105469
2025-11-11 14:30:00,XLU,Utilities,44.85499954223633
2025-11-12 14:30:00,XLU,Utilities,44.959999084472656
2025-11-13 14:30:00,XLU,Utilities,44.34000015258789
2025-11-14 14:30:00,XLU,Utilities,44.380001068115234
2025-11-17 14:30:00,XLU,Utilities,44.779998779296875
2025-11-18 14:30:00,XLU,Utilities,44.61000061035156
2025-11-19 14:30:00,XLU,Utilities,44.23500061035156
2025-11-20 14:30:00,XLU,Utilities,44.0099983215332
2025-11-21 14:30:00,XLU,Utilities,44.07500076293945
2025-11-24 14:30:00,XLU,Utilities,44.57500076293945
2025-11-25 14:30:00,XLU,Utilities,44.404998779296875
2025-11-26 14:30:00,XLU,Utilities,44.994998931884766
2025-11-28 14:30:00,XLU,Utilities,45.314998626708984
2025-12-01 14:30:00,XLU,Utilities,44.255001068115234
2025-12-02 14:30:00,XLU,Utilities,43.939998626708984
2025-12-03 14:30:00,XLU,Utilities,43.79999923706055
2025-12-04 14:30:00,XLU,Utilities,43.709999084472656
2025-12-05 14:30:00,XLU,Utilities,43.29999923706055
2025-12-08 14:30:00,XLU,Utilities,42.720001220703125
2025-12-09 14:30:00,XLU,Utilities,42.75
2025-12-10 14:30:00,XLU,Utilities,42.72999954223633
2025-12-11 14:30:00,XLU,Utilities,43.040000915527344
2025-12-12 14:30:00,XLU,Utilities,42.83000183105469
2025-12-15 14:30:00,XLU,Utilities,43.220001220703125
2025-12-16 14:30:00,XLU,Utilities,43.040000915527344
2025-12-17 14:30:00,XLU,Utilities,42.7599983215332
2025-12-18 14:30:00,XLU,Utilities,43.18000030517578
2025-12-19 14:30:00,XLU,Utilities,42.630001068115234
2025-12-22 14:30:00,XLU,Utilities,42.470001220703125
2025-12-23 14:30:00,XLU,Utilities,42.619998931884766
2025-12-24 14:30:00,XLU,Utilities,42.810001373291016
2025-12-26 14:30:00,XLU,Utilities,42.779998779296875
2025-12-29 14:30:00,XLU,Utilities,42.86000061035156
2025-12-30 14:30:00,XLU,Utilities,42.959999084472656
2025-12-31 14:30:00,XLU,Utilities,42.689998626708984
2026-01-02 14:30:00,XLU,Utilities,43.18000030517578
2026-01-05 14:30:00,XLU,Utilities,42.70000076293945
2026-01-06 14:30:00,XLU,Utilities,42.90999984741211
2026-01-07 14:30:00,XLU,Utilities,41.869998931884766
2026-01-08 14:30:00,XLU,Utilities,41.9900016784668
2026-01-09 14:30:00,XLU,Utilities,42.5099983215332
2026-01-12 14:30:00,XLU,Utilities,42.58000183105469
2026-01-13 14:30:00,XLU,Utilities,42.849998474121094
2026-01-14 14:30:00,XLU,Utilities,43.16999816894531
2026-01-15 14:30:00,XLU,Utilities,43.61000061035156
2026-01-16 14:30:00,XLU,Utilities,43.38999938964844
2026-01-20 14:30:00,XLU,Utilities,42.959999084472656
2026-01-21 14:30:00,XLU,Utilities,43.02000045776367
2026-01-22 14:30:00,XLU,Utilities,42.709999084472656
2026-01-23 14:30:00,XLU,Utilities,42.560001373291016
2026-01-26 14:30:00,XLU,Utilities,42.869998931884766
2026-01-27 14:30:00,XLU,Utilities,43.43000030517578
2026-01-28 14:30:00,XLU,Utilities,43.33000183105469
2026-01-29 14:30:00,XLU,Utilities,43.33000183105469
2026-01-30 14:30:00,XLU,Utilities,43.25
2026-02-02 14:30:00,XLU,Utilities,42.619998931884766
2026-02-03 14:30:00,XLU,Utilities,43.2400016784668
2026-02-04 14:30:00,XLU,Utilities,43.08000183105469
2026-02-05 14:30:00,XLU,Utilities,43.099998474121094
2026-02-06 14:30:00,XLU,Utilities,43.349998474121094
2026-02-09 14:30:00,XLU,Utilities,43.47999954223633
2026-02-10 14:30:00,XLU,Utilities,44.20000076293945
2026-02-11 14:30:00,XLU,Utilities,44.59000015258789
2026-02-12 14:30:00,XLU,Utilities,45.25
2026-02-13 14:30:00,XLU,Utilities,46.5
2026-02-17 14:30:00,XLU,Utilities,46.380001068115234
2026-02-18 14:30:00,XLU,Utilities,45.61000061035156
2026-02-19 14:30:00,XLU,Utilities,46.11000061035156
2026-02-20 14:30:00,XLU,Utilities,46.33000183105469
2026-02-23 14:30:00,XLU,Utilities,46.68000030517578
2026-02-24 14:30:00,XLU,Utilities,47.20000076293945
2026-02-25 14:30:00,XLU,Utilities,47.36000061035156
2026-02-26 14:30:00,XLU,Utilities,47.18000030517578
2026-02-27 14:30:00,XLU,Utilities,47.72999954223633
2026-03-02 14:30:00,XLU,Utilities,47.369998931884766
2026-03-03 14:30:00,XLU,Utilities,47.06999969482422
2026-03-04 14:30:00,XLU,Utilities,47.27000045776367
2026-03-05 14:30:00,XLU,Utilities,46.900001525878906
2026-03-06 14:30:00,XLU,Utilities,46.7400016784668
2026-03-09 13:30:00,XLU,Utilities,46.849998474121094
2026-03-10 13:30:00,XLU,Utilities,46.560001373291016
2026-03-11 13:30:00,XLU,Utilities,46.16999816894531
2026-03-12 13:30:00,XLU,Utilities,46.5
2026-03-13 13:30:00,XLU,Utilities,46.959999084472656
2026-03-16 13:30:00,XLU,Utilities,47.2599983215332
2026-03-17 13:30:00,XLU,Utilities,47.130001068115234
2026-03-18 13:30:00,XLU,Utilities,46.72999954223633
2026-03-19 13:30:00,XLU,Utilities,46.540000915527344
2026-03-20 13:30:00,XLU,Utilities,44.650001525878906
2026-03-23 13:30:00,XLU,Utilities,44.779998779296875
2026-03-24 13:30:00,XLU,Utilities,45.09000015258789
2026-03-25 13:30:00,XLU,Utilities,45.25
2026-03-26 13:30:00,XLU,Utilities,45.33000183105469
2026-03-27 13:30:00,XLU,Utilities,45.59000015258789
2026-03-30 13:30:00,XLU,Utilities,45.91999816894531
2026-03-31 13:30:00,XLU,Utilities,45.88999938964844
2026-04-01 13:30:00,XLU,Utilities,46.11000061035156
2026-04-02 13:30:00,XLU,Utilities,46.34000015258789
2026-04-06 13:30:00,XLU,Utilities,46.16999816894531
2026-04-07 13:30:00,XLU,Utilities,46.27000045776367
2026-04-08 13:30:00,XLU,Utilities,46.779998779296875
2026-04-09 13:30:00,XLU,Utilities,47.150001525878906
2026-04-10 13:30:00,XLU,Utilities,46.959999084472656
2026-04-13 13:30:00,XLU,Utilities,46.38999938964844
2026-04-14 13:30:00,XLU,Utilities,46.470001220703125
2026-04-15 13:30:00,XLU,Utilities,46.02000045776367
2026-04-16 13:30:00,XLU,Utilities,46.349998474121094
2026-04-17 13:30:00,XLU,Utilities,46.15999984741211
2026-04-20 13:30:00,XLU,Utilities,45.75
2026-04-21 13:30:00,XLU,Utilities,44.95000076293945
2026-04-22 13:30:00,XLU,Utilities,44.869998931884766
2026-04-23 13:30:00,XLU,Utilities,46.09000015258789
2026-04-24 13:30:00,XLU,Utilities,46.18000030517578
2026-04-27 13:30:00,XLU,Utilities,46.189998626708984
2026-04-28 13:30:00,XLU,Utilities,46.25
2026-04-29 13:30:00,XLU,Utilities,45.68000030517578
2026-04-30 13:30:00,XLU,Utilities,46.849998474121094
2026-05-01 13:30:00,XLU,Utilities,46.54999923706055
2026-05-04 13:30:00,XLU,Utilities,46.369998931884766
2026-05-05 13:30:00,XLU,Utilities,46.369998931884766
2026-05-06 13:30:00,XLU,Utilities,45.709999084472656
2026-05-07 13:30:00,XLU,Utilities,45.119998931884766
2026-05-08 13:30:00,XLU,Utilities,44.720001220703125
2026-05-11 13:30:00,XLU,Utilities,45.13999938964844
2026-05-12 13:30:00,XLU,Utilities,45.189998626708984
2026-05-13 13:30:00,XLU,Utilities,44.66999816894531
2026-05-14 13:30:00,XLU,Utilities,44.900001525878906
2026-05-15 13:30:00,XLU,Utilities,43.869998931884766
2026-05-18 13:30:00,XLU,Utilities,43.939998626708984
2026-05-19 13:30:00,XLU,Utilities,44.34000015258789
2026-05-20 13:30:00,XLU,Utilities,44.5099983215332
2026-05-21 13:30:00,XLU,Utilities,45.0
2026-05-22 13:30:00,XLU,Utilities,45.349998474121094
2026-05-26 13:30:00,XLU,Utilities,45.33000183105469
2026-05-27 13:30:00,XLU,Utilities,45.13999938964844
2026-05-28 13:30:00,XLU,Utilities,44.630001068115234
2026-05-29 13:30:00,XLU,Utilities,44.41999816894531
2026-06-01 13:30:00,XLU,Utilities,43.099998474121094
2026-06-02 13:30:00,XLU,Utilities,43.900001525878906
2026-06-03 13:30:00,XLU,Utilities,43.709999084472656
2026-06-04 13:30:00,XLU,Utilities,43.939998626708984
2026-06-05 13:30:00,XLU,Utilities,44.349998474121094
2026-06-08 13:30:00,XLU,Utilities,43.52000045776367
2026-06-09 13:30:00,XLU,Utilities,43.97999954223633
2026-06-10 13:30:00,XLU,Utilities,44.0
2026-06-11 13:30:00,XLU,Utilities,44.04999923706055
2026-06-12 13:30:00,XLU,Utilities,44.529998779296875
2026-06-15 13:30:00,XLU,Utilities,44.7400016784668
2026-06-16 13:30:00,XLU,Utilities,45.060001373291016
2026-06-17 13:30:00,XLU,Utilities,44.459999084472656
2026-06-18 13:30:00,XLU,Utilities,44.7599983215332
2026-06-22 13:30:00,XLU,Utilities,44.720001220703125
2026-06-23 13:30:00,XLU,Utilities,45.06999969482422
2026-06-24 13:30:00,XLU,Utilities,45.540000915527344
2026-06-25 13:30:00,XLU,Utilities,45.849998474121094
2026-06-26 13:30:00,XLU,Utilities,46.20000076293945
2026-06-29 13:30:00,XLU,Utilities,46.02000045776367
2026-06-30 13:30:00,XLU,Utilities,45.34000015258789
2026-07-01 13:30:00,XLU,Utilities,44.77000045776367
2026-07-02 13:30:00,XLU,Utilities,45.7599983215332
2026-07-06 13:30:00,XLU,Utilities,45.29999923706055
2026-07-07 13:30:00,XLU,Utilities,45.70000076293945
2026-07-08 13:30:00,XLU,Utilities,45.36000061035156
2026-07-09 13:30:00,XLU,Utilities,45.130001068115234
2026-07-10 13:30:00,XLU,Utilities,45.40999984741211
2026-07-13 13:30:00,XLU,Utilities,45.720001220703125
2026-07-14 13:30:00,XLU,Utilities,45.689998626708984
2026-07-15 13:30:00,XLU,Utilities,45.220001220703125
2026-07-16 13:30:00,XLU,Utilities,45.470001220703125
2026-07-17 13:30:00,XLU,Utilities,45.16999816894531
2026-07-20 13:30:00,XLU,Utilities,44.939998626708984
2026-07-21 13:30:00,XLU,Utilities,44.91999816894531
2026-07-22 13:30:00,XLU,Utilities,45.93000030517578
2026-07-23 13:30:00,XLU,Utilities,46.189998626708984
2026-07-24 13:30:00,XLU,Utilities,46.290000915527344
2026-07-27 13:30:00,XLU,Utilities,45.68000030517578
2026-07-28 13:30:00,XLU,Utilities,45.52000045776367
2026-07-29 13:30:00,XLU,Utilities,44.90999984741211
2026-07-30 13:30:00,XLU,Utilities,44.65999984741211
2026-07-31 13:30:00,XLU,Utilities,44.349998474121094
2026-08-03 13:30:00,XLU,Utilities,44.36000061035156
2026-08-04 13:30:00,XLU,Utilities,44.11000061035156
2026-08-05 13:30:00,XLU,Utilities,43.65999984741211
2026-08-06 13:30:00,XLU,Utilities,43.380001068115234
2026-08-07 13:30:00,XLU,Utilities,43.61000061035156
2026-08-10 13:30:00,XLU,Utilities,43.130001068115234
2026-08-11 13:30:00,XLU,Utilities,43.630001068115234
2026-08-12 13:30:00,XLU,Utilities,43.84000015258789
2026-08-13 13:30:00,XLU,Utilities,44.040000915527344
2026-08-14 13:30:00,XLU,Utilities,44.310001373291016
2026-08-17 13:30:00,XLU,Utilities,44.18000030517578
2026-08-18 13:30:00,XLU,Utilities,44.02000045776367
2026-08-19 13:30:00,XLU,Utilities,44.02000045776367
2026-08-20 13:30:00,XLU,Utilities,43.77000045776367
2026-08-21 13:30:00,XLU,Utilities,42.77000045776367
2026-08-24 13:30:00,XLU,Utilities,43.220001220703125
2026-08-25 13:30:00,XLU,Utilities,43.310001373291016
2026-08-26 13:30:00,XLU,Utilities,43.5099983215332
2026-08-27 13:30:00,XLU,Utilities,43.18000030517578
2026-08-28 13:30:00,XLU,Utilities,42.72999954223633
